event_ticker,ticker,title,game_date,visitor_team,home_team,status,result,volume_fp,open_interest_fp,settlement_value_dollars,occurrence_datetime,kalshi_home_prob,pregame_yes_bid,pregame_yes_ask,cutoff_ts,end_period_ts,kalshi_home_win,start_et,visitor_pts,home_pts,home_win,home_margin
KXNBAGAME-25OCT21HOUOKC,KXNBAGAME-25OCT21HOUOKC-OKC,Houston vs Oklahoma City Winner?,2025-10-21,Houston Rockets,Oklahoma City Thunder,finalized,yes,10654946.0,0.0,1.0,,0.685,0.68,0.69,1761088500.0,1761088500.0,1,7:30p,124,125,1,1
KXNBAGAME-25OCT21GSWLAL,KXNBAGAME-25OCT21GSWLAL-LAL,Golden State vs Los Angeles L Winner?,2025-10-21,Golden State Warriors,Los Angeles Lakers,finalized,no,6938516.0,0.0,0.0,,0.435,0.43,0.44,1761097500.0,1761097500.0,0,10:00p,119,109,0,-10
KXNBAGAME-25OCT22DETCHI,KXNBAGAME-25OCT22DETCHI-CHI,Detroit vs Chicago Winner?,2025-10-22,Detroit Pistons,Chicago Bulls,finalized,yes,1865164.0,0.0,1.0,,0.405,0.4,0.41,1761176700.0,1761176700.0,1,8:00p,111,115,1,4
KXNBAGAME-25OCT22CLENYK,KXNBAGAME-25OCT22CLENYK-NYK,Cleveland vs New York Winner?,2025-10-22,Cleveland Cavaliers,New York Knicks,finalized,yes,4635331.0,0.0,1.0,,0.46499999999999997,0.46,0.47,1761173100.0,1761173100.0,1,7:00p,111,119,1,8
KXNBAGAME-25OCT22LACUTA,KXNBAGAME-25OCT22LACUTA-UTA,Los Angeles C vs Utah Winner?,2025-10-22,Los Angeles Clippers,Utah Jazz,finalized,yes,1385071.0,0.0,1.0,,0.20500000000000002,0.2,0.21,1761180300.0,1761180300.0,1,9:00p,108,129,1,21
KXNBAGAME-25OCT22MIAORL,KXNBAGAME-25OCT22MIAORL-ORL,Miami vs Orlando Winner?,2025-10-22,Miami Heat,Orlando Magic,finalized,yes,1842075.0,0.0,1.0,,0.755,0.75,0.76,1761173100.0,1761173100.0,1,7:00p,121,125,1,4
KXNBAGAME-25OCT22TORATL,KXNBAGAME-25OCT22TORATL-ATL,Toronto vs Atlanta Winner?,2025-10-22,Toronto Raptors,Atlanta Hawks,finalized,no,963636.0,0.0,0.0,,0.655,0.65,0.66,1761174900.0,1761174900.0,0,7:30p,138,118,0,-20
KXNBAGAME-25OCT22BKNCHA,KXNBAGAME-25OCT22BKNCHA-CHA,Brooklyn vs Charlotte Winner?,2025-10-22,Brooklyn Nets,Charlotte Hornets,finalized,yes,1132272.0,0.0,1.0,,0.645,0.64,0.65,1761173100.0,1761173100.0,1,7:00p,117,136,1,19
KXNBAGAME-25OCT22NOPMEM,KXNBAGAME-25OCT22NOPMEM-MEM,New Orleans vs Memphis Winner?,2025-10-22,New Orleans Pelicans,Memphis Grizzlies,finalized,yes,1636132.0,0.0,1.0,,0.615,0.61,0.62,1761176700.0,1761176700.0,1,8:00p,122,128,1,6
KXNBAGAME-25OCT22SASDAL,KXNBAGAME-25OCT22SASDAL-DAL,San Antonio vs Dallas Winner?,2025-10-22,San Antonio Spurs,Dallas Mavericks,finalized,no,4272826.0,0.0,0.0,,0.605,0.6,0.61,1761182100.0,1761182100.0,0,9:30p,125,92,0,-33
KXNBAGAME-25OCT22MINPOR,KXNBAGAME-25OCT22MINPOR-POR,Minnesota vs Portland Winner?,2025-10-22,Minnesota Timberwolves,Portland Trail Blazers,finalized,no,2704939.0,0.0,0.0,,0.355,0.35,0.36,1761183900.0,1761183900.0,0,10:00p,118,114,0,-4
KXNBAGAME-25OCT22SACPHX,KXNBAGAME-25OCT22SACPHX-PHX,Sacramento vs Phoenix Winner?,2025-10-22,Sacramento Kings,Phoenix Suns,finalized,yes,3069276.0,0.0,1.0,,0.605,0.6,0.61,1761183900.0,1761183900.0,1,10:00p,116,120,1,4
KXNBAGAME-25OCT22PHIBOS,KXNBAGAME-25OCT22PHIBOS-BOS,Philadelphia vs Boston Winner?,2025-10-22,Philadelphia 76ers,Boston Celtics,finalized,no,2520808.0,0.0,0.0,,0.635,0.63,0.64,1761174900.0,1761174900.0,0,7:30p,117,116,0,-1
KXNBAGAME-25OCT22WASMIL,KXNBAGAME-25OCT22WASMIL-MIL,Washington vs Milwaukee Winner?,2025-10-22,Washington Wizards,Milwaukee Bucks,finalized,yes,756094.0,0.0,1.0,,0.795,0.79,0.8,1761176700.0,1761176700.0,1,8:00p,120,133,1,13
KXNBAGAME-25OCT23DENGSW,KXNBAGAME-25OCT23DENGSW-GSW,Denver vs Golden State Winner?,2025-10-23,Denver Nuggets,Golden State Warriors,finalized,yes,10262593.0,0.0,1.0,,0.525,0.52,0.53,1761270300.0,1761270300.0,1,10:00p,131,137,1,6
KXNBAGAME-25OCT23OKCIND,KXNBAGAME-25OCT23OKCIND-IND,Oklahoma City vs Indiana Winner?,2025-10-23,Oklahoma City Thunder,Indiana Pacers,finalized,no,7230759.0,0.0,0.0,,0.275,0.27,0.28,1761261300.0,1761261300.0,0,7:30p,141,135,0,-6
KXNBAGAME-25OCT24BOSNYK,KXNBAGAME-25OCT24BOSNYK-NYK,Boston vs New York Winner?,2025-10-24,Boston Celtics,New York Knicks,finalized,yes,1706125.0,0.0,1.0,,0.615,0.61,0.62,1761347700.0,1761347700.0,1,7:30p,95,105,1,10
KXNBAGAME-25OCT24MIAMEM,KXNBAGAME-25OCT24MIAMEM-MEM,Miami vs Memphis Winner?,2025-10-24,Miami Heat,Memphis Grizzlies,finalized,no,466814.0,0.0,0.0,,0.595,0.59,0.6,1761349500.0,1761349500.0,0,8:00p,146,114,0,-32
KXNBAGAME-25OCT24MILTOR,KXNBAGAME-25OCT24MILTOR-TOR,Milwaukee vs Toronto Winner?,2025-10-24,Milwaukee Bucks,Toronto Raptors,finalized,no,2821177.0,0.0,0.0,,0.535,0.53,0.54,1761344100.0,1761344100.0,0,6:30p,122,116,0,-6
KXNBAGAME-25OCT24ATLORL,KXNBAGAME-25OCT24ATLORL-ORL,Atlanta vs Orlando Winner?,2025-10-24,Atlanta Hawks,Orlando Magic,finalized,no,1953716.0,0.0,0.0,,0.675,0.67,0.68,1761345900.0,1761345900.0,0,7:00p,111,107,0,-4
KXNBAGAME-25OCT24CLEBKN,KXNBAGAME-25OCT24CLEBKN-BKN,Cleveland vs Brooklyn Winner?,2025-10-24,Cleveland Cavaliers,Brooklyn Nets,finalized,no,1694905.0,0.0,0.0,,0.155,0.15,0.16,1761347700.0,1761347700.0,0,7:30p,131,124,0,-7
KXNBAGAME-25OCT24SASNOP,KXNBAGAME-25OCT24SASNOP-NOP,San Antonio vs New Orleans Winner?,2025-10-24,San Antonio Spurs,New Orleans Pelicans,finalized,no,1928858.0,0.0,0.0,,0.375,0.37,0.38,1761349500.0,1761349500.0,0,8:00p,120,116,0,-4
KXNBAGAME-25OCT24PHXLAC,KXNBAGAME-25OCT24PHXLAC-LAC,Phoenix vs Los Angeles C Winner?,2025-10-24,Phoenix Suns,Los Angeles Clippers,finalized,yes,741913.0,0.0,1.0,,0.775,0.77,0.78,1761358500.0,1761358500.0,1,10:30p,102,129,1,27
KXNBAGAME-25OCT24DETHOU,KXNBAGAME-25OCT24DETHOU-HOU,Detroit vs Houston Winner?,2025-10-24,Detroit Pistons,Houston Rockets,finalized,no,2308478.0,0.0,0.0,,0.695,0.69,0.7,1761349500.0,1761349500.0,0,8:00p,115,111,0,-4
KXNBAGAME-25OCT24WASDAL,KXNBAGAME-25OCT24WASDAL-DAL,Washington vs Dallas Winner?,2025-10-24,Washington Wizards,Dallas Mavericks,finalized,no,2252969.0,0.0,0.0,,0.795,0.79,0.8,1761351300.0,1761351300.0,0,8:30p,117,107,0,-10
KXNBAGAME-25OCT24UTASAC,KXNBAGAME-25OCT24UTASAC-SAC,Utah vs Sacramento Winner?,2025-10-24,Utah Jazz,Sacramento Kings,finalized,yes,1885386.0,0.0,1.0,,0.665,0.66,0.67,1761356700.0,1761356700.0,1,10:00p,104,105,1,1
KXNBAGAME-25OCT24MINLAL,KXNBAGAME-25OCT24MINLAL-LAL,Minnesota vs Los Angeles L Winner?,2025-10-24,Minnesota Timberwolves,Los Angeles Lakers,finalized,yes,2663759.0,0.0,1.0,,0.46499999999999997,0.46,0.47,1761356700.0,1761356700.0,1,10:00p,110,128,1,18
KXNBAGAME-25OCT24GSWPOR,KXNBAGAME-25OCT24GSWPOR-POR,Golden State vs Portland Winner?,2025-10-24,Golden State Warriors,Portland Trail Blazers,finalized,yes,2038564.0,0.0,1.0,,0.41000000000000003,0.4,0.42,1761356700.0,1761356700.0,1,10:00p,119,139,1,20
KXNBAGAME-25OCT25CHAPHI,KXNBAGAME-25OCT25CHAPHI-PHI,Charlotte vs Philadelphia Winner?,2025-10-25,Charlotte Hornets,Philadelphia 76ers,finalized,yes,1930209.0,0.0,1.0,,0.635,0.63,0.64,1761434100.0,1761434100.0,1,7:30p,121,125,1,4
KXNBAGAME-25OCT25OKCATL,KXNBAGAME-25OCT25OKCATL-ATL,Oklahoma City vs Atlanta Winner?,2025-10-25,Oklahoma City Thunder,Atlanta Hawks,finalized,no,854264.0,0.0,0.0,,0.255,0.25,0.26,1761434100.0,1761434100.0,0,7:30p,117,100,0,-17
KXNBAGAME-25OCT25INDMEM,KXNBAGAME-25OCT25INDMEM-MEM,Indiana vs Memphis Winner?,2025-10-25,Indiana Pacers,Memphis Grizzlies,finalized,yes,665447.0,0.0,1.0,,0.535,0.53,0.54,1761435900.0,1761435900.0,1,8:00p,103,128,1,25
KXNBAGAME-25OCT25CHIORL,KXNBAGAME-25OCT25CHIORL-ORL,Chicago vs Orlando Winner?,2025-10-25,Chicago Bulls,Orlando Magic,finalized,no,1409215.0,0.0,0.0,,0.685,0.68,0.69,1761432300.0,1761432300.0,0,7:00p,110,98,0,-12
KXNBAGAME-25OCT25PHXDEN,KXNBAGAME-25OCT25PHXDEN-DEN,Phoenix vs Denver Winner?,2025-10-25,Phoenix Suns,Denver Nuggets,finalized,yes,514429.0,0.0,1.0,,0.855,0.85,0.86,1761439500.0,1761439500.0,1,9:00p,111,133,1,22
KXNBAGAME-25OCT26NYKMIA,KXNBAGAME-25OCT26NYKMIA-MIA,New York vs Miami Winner?,2025-10-26,New York Knicks,Miami Heat,finalized,yes,1681386.0,0.0,1.0,,0.415,0.41,0.42,1761515100.0,1761515100.0,1,6:00p,107,115,1,8
KXNBAGAME-25OCT26INDMIN,KXNBAGAME-25OCT26INDMIN-MIN,Indiana vs Minnesota Winner?,2025-10-26,Indiana Pacers,Minnesota Timberwolves,finalized,yes,1464565.0,0.0,1.0,,0.835,0.83,0.84,1761518700.0,1761518700.0,1,7:00p,110,114,1,4
KXNBAGAME-25OCT26BOSDET,KXNBAGAME-25OCT26BOSDET-DET,Boston vs Detroit Winner?,2025-10-26,Boston Celtics,Detroit Pistons,finalized,yes,1999215.0,0.0,1.0,,0.555,0.55,0.56,1761506100.0,1761506100.0,1,3:30p,113,119,1,6
KXNBAGAME-25OCT26CHAWAS,KXNBAGAME-25OCT26CHAWAS-WAS,Charlotte vs Washington Winner?,2025-10-26,Charlotte Hornets,Washington Wizards,finalized,no,946736.0,0.0,0.0,,0.545,0.54,0.55,1761515100.0,1761515100.0,0,6:00p,139,113,0,-26
KXNBAGAME-25OCT26BKNSAS,KXNBAGAME-25OCT26BKNSAS-SAS,Brooklyn vs San Antonio Winner?,2025-10-26,Brooklyn Nets,San Antonio Spurs,finalized,yes,1186645.0,0.0,1.0,,0.815,0.81,0.82,1761500700.0,1761500700.0,1,2:00p,107,118,1,11
KXNBAGAME-25OCT26PORLAC,KXNBAGAME-25OCT26PORLAC-LAC,Portland vs Los Angeles C Winner?,2025-10-26,Portland Trail Blazers,Los Angeles Clippers,finalized,yes,1297687.0,0.0,1.0,,0.735,0.73,0.74,1761525900.0,1761525900.0,1,9:00p,107,114,1,7
KXNBAGAME-25OCT26TORDAL,KXNBAGAME-25OCT26TORDAL-DAL,Toronto vs Dallas Winner?,2025-10-26,Toronto Raptors,Dallas Mavericks,finalized,yes,1744208.0,0.0,1.0,,0.495,0.49,0.5,1761520500.0,1761520500.0,1,7:30p,129,139,1,10
KXNBAGAME-25OCT26MILCLE,KXNBAGAME-25OCT26MILCLE-CLE,Milwaukee vs Cleveland Winner?,2025-10-26,Milwaukee Bucks,Cleveland Cavaliers,finalized,yes,1356436.0,0.0,1.0,,0.685,0.68,0.69,1761515100.0,1761515100.0,1,6:00p,113,118,1,5
KXNBAGAME-25OCT26LALSAC,KXNBAGAME-25OCT26LALSAC-SAC,Los Angeles L vs Sacramento Winner?,2025-10-26,Los Angeles Lakers,Sacramento Kings,finalized,no,3507661.0,0.0,0.0,,0.605,0.6,0.61,1761525900.0,1761525900.0,0,9:00p,127,120,0,-7
KXNBAGAME-25OCT27BKNHOU,KXNBAGAME-25OCT27BKNHOU-HOU,Brooklyn vs Houston Winner?,2025-10-27,Brooklyn Nets,Houston Rockets,finalized,yes,313012.0,0.0,1.0,,0.885,0.88,0.89,1761608700.0,1761608700.0,1,8:00p,109,137,1,28
KXNBAGAME-25OCT27CLEDET,KXNBAGAME-25OCT27CLEDET-DET,Cleveland vs Detroit Winner?,2025-10-27,Cleveland Cavaliers,Detroit Pistons,finalized,no,1296493.0,0.0,0.0,,0.445,0.44,0.45,1761605100.0,1761605100.0,0,7:00p,116,95,0,-21
KXNBAGAME-25OCT27BOSNOP,KXNBAGAME-25OCT27BOSNOP-NOP,Boston vs New Orleans Winner?,2025-10-27,Boston Celtics,New Orleans Pelicans,finalized,no,958973.0,0.0,0.0,,0.355,0.35,0.36,1761608700.0,1761608700.0,0,8:00p,122,90,0,-32
KXNBAGAME-25OCT27TORSAS,KXNBAGAME-25OCT27TORSAS-SAS,Toronto vs San Antonio Winner?,2025-10-27,Toronto Raptors,San Antonio Spurs,finalized,yes,1619589.0,0.0,1.0,,0.625,0.62,0.63,1761608700.0,1761608700.0,1,8:00p,103,121,1,18
KXNBAGAME-25OCT27ATLCHI,KXNBAGAME-25OCT27ATLCHI-CHI,Atlanta vs Chicago Winner?,2025-10-27,Atlanta Hawks,Chicago Bulls,finalized,yes,1984131.0,0.0,1.0,,0.435,0.43,0.44,1761608700.0,1761608700.0,1,8:00p,123,128,1,5
KXNBAGAME-25OCT27ORLPHI,KXNBAGAME-25OCT27ORLPHI-PHI,Orlando vs Philadelphia Winner?,2025-10-27,Orlando Magic,Philadelphia 76ers,finalized,yes,3699876.0,0.0,1.0,,0.325,0.32,0.33,1761605100.0,1761605100.0,1,7:00p,124,136,1,12
KXNBAGAME-25OCT27PHXUTA,KXNBAGAME-25OCT27PHXUTA-UTA,Phoenix vs Utah Winner?,2025-10-27,Phoenix Suns,Utah Jazz,finalized,yes,2919685.0,0.0,1.0,,0.535,0.53,0.54,1761612300.0,1761612300.0,1,9:00p,134,138,1,4
KXNBAGAME-25OCT27DENMIN,KXNBAGAME-25OCT27DENMIN-MIN,Denver vs Minnesota Winner?,2025-10-27,Denver Nuggets,Minnesota Timberwolves,finalized,no,1966716.0,0.0,0.0,,0.315,0.31,0.32,1761614100.0,1761614100.0,0,9:30p,127,114,0,-13
KXNBAGAME-25OCT27PORLAL,KXNBAGAME-25OCT27PORLAL-LAL,Portland vs Los Angeles L Winner?,2025-10-27,Portland Trail Blazers,Los Angeles Lakers,finalized,no,3157865.0,0.0,0.0,,0.435,0.43,0.44,1761617700.0,1761617700.0,0,10:30p,122,108,0,-14
KXNBAGAME-25OCT27OKCDAL,KXNBAGAME-25OCT27OKCDAL-DAL,Oklahoma City vs Dallas Winner?,2025-10-27,Oklahoma City Thunder,Dallas Mavericks,finalized,no,1595876.0,0.0,0.0,,0.245,0.24,0.25,1761610500.0,1761610500.0,0,8:30p,101,94,0,-7
KXNBAGAME-25OCT27MEMGSW,KXNBAGAME-25OCT27MEMGSW-GSW,Memphis vs Golden State Winner?,2025-10-27,Memphis Grizzlies,Golden State Warriors,finalized,yes,1151094.0,0.0,1.0,,0.74,0.73,0.75,1761615900.0,1761615900.0,1,10:00p,118,131,1,13
KXNBAGAME-25OCT28PHIWAS,KXNBAGAME-25OCT28PHIWAS-WAS,Philadelphia vs Washington Winner?,2025-10-28,Philadelphia 76ers,Washington Wizards,finalized,no,3809275.0,0.0,0.0,,0.355,0.35,0.36,1761691500.0,1761691500.0,0,7:00p,139,134,0,-5
KXNBAGAME-25OCT28CHAMIA,KXNBAGAME-25OCT28CHAMIA-MIA,Charlotte vs Miami Winner?,2025-10-28,Charlotte Hornets,Miami Heat,finalized,yes,1143739.0,0.0,1.0,,0.625,0.62,0.63,1761693300.0,1761693300.0,1,7:30p,117,144,1,27
KXNBAGAME-25OCT28NYKMIL,KXNBAGAME-25OCT28NYKMIL-MIL,New York vs Milwaukee Winner?,2025-10-28,New York Knicks,Milwaukee Bucks,finalized,yes,2861735.0,0.0,1.0,,0.46499999999999997,0.46,0.47,1761695100.0,1761695100.0,1,8:00p,111,121,1,10
KXNBAGAME-25OCT28SACOKC,KXNBAGAME-25OCT28SACOKC-OKC,Sacramento vs Oklahoma City Winner?,2025-10-28,Sacramento Kings,Oklahoma City Thunder,finalized,yes,3777588.0,0.0,1.0,,0.785,0.78,0.79,1761695100.0,1761695100.0,1,8:00p,101,107,1,6
KXNBAGAME-25OCT28LACGSW,KXNBAGAME-25OCT28LACGSW-GSW,Los Angeles C vs Golden State Winner?,2025-10-28,Los Angeles Clippers,Golden State Warriors,finalized,yes,8293173.0,0.0,1.0,,0.485,0.48,0.49,1761705900.0,1761705900.0,1,11:00p,79,98,1,19
KXNBAGAME-25OCT29INDDAL,KXNBAGAME-25OCT29INDDAL-DAL,Indiana vs Dallas Winner?,2025-10-29,Indiana Pacers,Dallas Mavericks,finalized,yes,3700181.0,0.0,1.0,,0.685,0.68,0.69,1761783300.0,1761783300.0,1,8:30p,105,107,1,2
KXNBAGAME-25OCT29ATLBKN,KXNBAGAME-25OCT29ATLBKN-BKN,Atlanta vs Brooklyn Winner?,2025-10-29,Atlanta Hawks,Brooklyn Nets,finalized,no,1769729.0,0.0,0.0,,0.265,0.26,0.27,1761779700.0,1761779700.0,0,7:30p,117,112,0,-5
KXNBAGAME-25OCT29NOPDEN,KXNBAGAME-25OCT29NOPDEN-DEN,New Orleans vs Denver Winner?,2025-10-29,New Orleans Pelicans,Denver Nuggets,finalized,yes,660812.0,0.0,1.0,,0.855,0.85,0.86,1761785100.0,1761785100.0,1,9:00p,88,122,1,34
KXNBAGAME-25OCT29CLEBOS,KXNBAGAME-25OCT29CLEBOS-BOS,Cleveland vs Boston Winner?,2025-10-29,Cleveland Cavaliers,Boston Celtics,finalized,yes,3403603.0,0.0,1.0,,0.395,0.39,0.4,1761777900.0,1761777900.0,1,7:00p,105,125,1,20
KXNBAGAME-25OCT29ORLDET,KXNBAGAME-25OCT29ORLDET-DET,Orlando vs Detroit Winner?,2025-10-29,Orlando Magic,Detroit Pistons,finalized,yes,1983285.0,0.0,1.0,,0.475,0.47,0.48,1761777900.0,1761777900.0,1,7:00p,116,135,1,19
KXNBAGAME-25OCT29LALMIN,KXNBAGAME-25OCT29LALMIN-MIN,Los Angeles L vs Minnesota Winner?,2025-10-29,Los Angeles Lakers,Minnesota Timberwolves,finalized,no,4600596.0,0.0,0.0,,0.715,0.71,0.72,1761786900.0,1761786900.0,0,9:30p,116,115,0,-1
KXNBAGAME-25OCT29SACCHI,KXNBAGAME-25OCT29SACCHI-CHI,Sacramento vs Chicago Winner?,2025-10-29,Sacramento Kings,Chicago Bulls,finalized,yes,1386979.0,0.0,1.0,,0.625,0.62,0.63,1761781500.0,1761781500.0,1,8:00p,113,126,1,13
KXNBAGAME-25OCT29PORUTA,KXNBAGAME-25OCT29PORUTA-UTA,Portland vs Utah Winner?,2025-10-29,Portland Trail Blazers,Utah Jazz,finalized,no,2824078.0,0.0,0.0,,0.435,0.43,0.44,1761785100.0,1761785100.0,0,9:00p,136,134,0,-2
KXNBAGAME-25OCT29MEMPHX,KXNBAGAME-25OCT29MEMPHX-PHX,Memphis vs Phoenix Winner?,2025-10-29,Memphis Grizzlies,Phoenix Suns,finalized,no,3810330.0,0.0,0.0,,0.445,0.44,0.45,1761788700.0,1761788700.0,0,10:00p,114,113,0,-1
KXNBAGAME-25OCT29HOUTOR,KXNBAGAME-25OCT29HOUTOR-TOR,Houston vs Toronto Winner?,2025-10-29,Houston Rockets,Toronto Raptors,finalized,no,2225057.0,0.0,0.0,,0.315,0.31,0.32,1761776100.0,1761776100.0,0,6:30p,139,121,0,-18
KXNBAGAME-25OCT30MIASAS,KXNBAGAME-25OCT30MIASAS-SAS,Miami vs San Antonio Winner?,2025-10-30,Miami Heat,San Antonio Spurs,finalized,yes,3314783.0,0.0,1.0,,0.685,0.68,0.69,1761869700.0,1761869700.0,1,8:30p,101,107,1,6
KXNBAGAME-25OCT30ORLCHA,KXNBAGAME-25OCT30ORLCHA-CHA,Orlando vs Charlotte Winner?,2025-10-30,Orlando Magic,Charlotte Hornets,finalized,no,2696063.0,0.0,0.0,,0.425,0.42,0.43,1761864300.0,1761864300.0,0,7:00p,123,107,0,-16
KXNBAGAME-25OCT30GSWMIL,KXNBAGAME-25OCT30GSWMIL-MIL,Golden State vs Milwaukee Winner?,2025-10-30,Golden State Warriors,Milwaukee Bucks,finalized,yes,4168523.0,0.0,1.0,,0.27,0.26,0.28,1761867900.0,1761867900.0,1,8:00p,110,120,1,10
KXNBAGAME-25OCT30WASOKC,KXNBAGAME-25OCT30WASOKC-OKC,Washington vs Oklahoma City Winner?,2025-10-30,Washington Wizards,Oklahoma City Thunder,finalized,yes,717108.0,0.0,1.0,,0.895,0.89,0.9,1761867900.0,1761867900.0,1,8:00p,108,127,1,19
KXNBAGAME-25OCT31UTAPHX,KXNBAGAME-25OCT31UTAPHX-PHX,Utah vs Phoenix Winner?,2025-10-31,Utah Jazz,Phoenix Suns,finalized,yes,1105115.0,0.0,1.0,,0.585,0.58,0.59,1761961500.0,1761961500.0,1,10:00p,96,118,1,22
KXNBAGAME-25OCT31NOPLAC,KXNBAGAME-25OCT31NOPLAC-LAC,New Orleans vs Los Angeles C Winner?,2025-10-31,New Orleans Pelicans,Los Angeles Clippers,finalized,yes,2139443.0,0.0,1.0,,0.825,0.82,0.83,1761963300.0,1761963300.0,1,10:30p,124,126,1,2
KXNBAGAME-25OCT31DENPOR,KXNBAGAME-25OCT31DENPOR-POR,Denver vs Portland Winner?,2025-10-31,Denver Nuggets,Portland Trail Blazers,finalized,yes,4143022.0,0.0,1.0,,0.335,0.33,0.34,1761961500.0,1761961500.0,1,10:00p,107,109,1,2
KXNBAGAME-25OCT31LALMEM,KXNBAGAME-25OCT31LALMEM-MEM,Los Angeles L vs Memphis Winner?,2025-10-31,Los Angeles Lakers,Memphis Grizzlies,finalized,no,3436035.0,0.0,0.0,,0.47,0.46,0.48,1761959700.0,1761959700.0,0,9:30p,117,112,0,-5
KXNBAGAME-25OCT31BOSPHI,KXNBAGAME-25OCT31BOSPHI-PHI,Boston vs Philadelphia Winner?,2025-10-31,Boston Celtics,Philadelphia 76ers,finalized,no,7811196.0,0.0,0.0,,0.48,0.47,0.49,1761950700.0,1761950700.0,0,7:00p,109,108,0,-1
KXNBAGAME-25OCT31NYKCHI,KXNBAGAME-25OCT31NYKCHI-CHI,New York vs Chicago Winner?,2025-10-31,New York Knicks,Chicago Bulls,finalized,yes,3465635.0,0.0,1.0,,0.375,0.37,0.38,1761954300.0,1761954300.0,1,8:00p,125,135,1,10
KXNBAGAME-25OCT31ATLIND,KXNBAGAME-25OCT31ATLIND-IND,Atlanta vs Indiana Winner?,2025-10-31,Atlanta Hawks,Indiana Pacers,finalized,no,2275276.0,0.0,0.0,,0.455,0.45,0.46,1761950700.0,1761950700.0,0,7:00p,128,108,0,-20
KXNBAGAME-25OCT31TORCLE,KXNBAGAME-25OCT31TORCLE-CLE,Toronto vs Cleveland Winner?,2025-10-31,Toronto Raptors,Cleveland Cavaliers,finalized,no,2753633.0,0.0,0.0,,0.625,0.62,0.63,1761952500.0,1761952500.0,0,7:30p,112,101,0,-11
KXNBAGAME-25NOV01HOUBOS,KXNBAGAME-25NOV01HOUBOS-BOS,Houston vs Boston Winner?,2025-11-01,Houston Rockets,Boston Celtics,finalized,no,1521233.0,0.0,0.0,,0.355,0.35,0.36,1762040700.0,1762040700.0,0,8:00p,128,101,0,-27
KXNBAGAME-25NOV01MINCHA,KXNBAGAME-25NOV01MINCHA-CHA,Minnesota vs Charlotte Winner?,2025-11-01,Minnesota Timberwolves,Charlotte Hornets,finalized,no,1359145.0,0.0,0.0,,0.385,0.38,0.39,1762033500.0,1762033500.0,0,6:00p,122,105,0,-17
KXNBAGAME-25NOV01ORLWAS,KXNBAGAME-25NOV01ORLWAS-WAS,Orlando vs Washington Winner?,2025-11-01,Orlando Magic,Washington Wizards,finalized,no,631146.0,0.0,0.0,,0.235,0.23,0.24,1762037100.0,1762037100.0,0,7:00p,125,94,0,-31
KXNBAGAME-25NOV01GSWIND,KXNBAGAME-25NOV01GSWIND-IND,Golden State vs Indiana Winner?,2025-11-01,Golden State Warriors,Indiana Pacers,finalized,yes,2368978.0,0.0,1.0,,0.195,0.19,0.2,1762037100.0,1762037100.0,1,7:00p,109,114,1,5
KXNBAGAME-25NOV01DALDET,KXNBAGAME-25NOV01DALDET-DET,Dallas vs Detroit Winner?,2025-11-01,Dallas Mavericks,Detroit Pistons,finalized,yes,2145980.0,0.0,1.0,,0.725,0.72,0.73,1762047900.0,1762047900.0,1,10:00p,110,122,1,12
KXNBAGAME-25NOV01SACMIL,KXNBAGAME-25NOV01SACMIL-MIL,Sacramento vs Milwaukee Winner?,2025-11-01,Sacramento Kings,Milwaukee Bucks,finalized,no,3716742.0,0.0,0.0,,0.705,0.7,0.71,1762029900.0,1762029900.0,0,5:00p,135,133,0,-2
KXNBAGAME-25NOV02SASPHX,KXNBAGAME-25NOV02SASPHX-PHX,San Antonio vs Phoenix Winner?,2025-11-02,San Antonio Spurs,Phoenix Suns,finalized,yes,2823079.0,0.0,1.0,,0.325,0.32,0.33,1762130700.0,1762130700.0,1,8:00p,118,130,1,12
KXNBAGAME-25NOV02MIALAL,KXNBAGAME-25NOV02MIALAL-LAL,Miami vs Los Angeles Winner?,2025-11-02,Miami Heat,Los Angeles Lakers,finalized,yes,5049529.0,0.0,1.0,,0.655,0.65,0.66,1762136100.0,1762136100.0,1,9:30p,120,130,1,10
KXNBAGAME-25NOV02PHIBKN,KXNBAGAME-25NOV02PHIBKN-BKN,Philadelphia vs Brooklyn Winner?,2025-11-02,Philadelphia 76ers,Brooklyn Nets,finalized,no,877366.0,0.0,0.0,,0.355,0.35,0.36,1762123500.0,1762123500.0,0,6:00p,129,105,0,-24
KXNBAGAME-25NOV02CHINYK,KXNBAGAME-25NOV02CHINYK-NYK,Chicago vs New York K Winner?,2025-11-02,Chicago Bulls,New York Knicks,finalized,yes,1324676.0,0.0,1.0,,0.705,0.7,0.71,1762127100.0,1762127100.0,1,7:00p,116,128,1,12
KXNBAGAME-25NOV02NOPOKC,KXNBAGAME-25NOV02NOPOKC-OKC,New Orleans vs Oklahoma City Winner?,2025-11-02,New Orleans Pelicans,Oklahoma City Thunder,finalized,yes,750776.0,0.0,1.0,,0.865,0.86,0.87,1762114500.0,1762114500.0,1,3:30p,106,137,1,31
KXNBAGAME-25NOV02ATLCLE,KXNBAGAME-25NOV02ATLCLE-CLE,Atlanta vs Cleveland Winner?,2025-11-02,Atlanta Hawks,Cleveland Cavaliers,finalized,yes,1745241.0,0.0,1.0,,0.69,0.68,0.7,1762123500.0,1762123500.0,1,6:00p,109,117,1,8
KXNBAGAME-25NOV02UTACHA,KXNBAGAME-25NOV02UTACHA-CHA,Utah vs Charlotte Winner?,2025-11-02,Utah Jazz,Charlotte Hornets,finalized,yes,792051.0,0.0,1.0,,0.475,0.47,0.48,1762123500.0,1762123500.0,1,6:00p,103,126,1,23
KXNBAGAME-25NOV02MEMTOR,KXNBAGAME-25NOV02MEMTOR-TOR,Memphis vs Toronto Winner?,2025-11-02,Memphis Grizzlies,Toronto Raptors,finalized,yes,653340.0,0.0,1.0,,0.615,0.61,0.62,1762123500.0,1762123500.0,1,6:00p,104,117,1,13
KXNBAGAME-25NOV03DETMEM,KXNBAGAME-25NOV03DETMEM-MEM,Detroit vs Memphis Winner?,2025-11-03,Detroit Pistons,Memphis Grizzlies,finalized,no,819146.0,0.0,0.0,,0.375,0.37,0.38,1762217100.0,1762217100.0,0,8:00p,114,106,0,-8
KXNBAGAME-25NOV03MINBKN,KXNBAGAME-25NOV03MINBKN-BKN,Minnesota vs Brooklyn Winner?,2025-11-03,Minnesota Timberwolves,Brooklyn Nets,finalized,no,1715040.0,0.0,0.0,,0.215,0.21,0.22,1762213500.0,1762213500.0,0,7:00p,125,109,0,-16
KXNBAGAME-25NOV03MILIND,KXNBAGAME-25NOV03MILIND-IND,Milwaukee vs Indiana Winner?,2025-11-03,Milwaukee Bucks,Indiana Pacers,finalized,no,1767826.0,0.0,0.0,,0.325,0.32,0.33,1762213500.0,1762213500.0,0,7:00p,117,115,0,-2
KXNBAGAME-25NOV03UTABOS,KXNBAGAME-25NOV03UTABOS-BOS,Utah vs Boston Winner?,2025-11-03,Utah Jazz,Boston Celtics,finalized,no,2367282.0,0.0,0.0,,0.815,0.81,0.82,1762215300.0,1762215300.0,0,7:30p,105,103,0,-2
KXNBAGAME-25NOV03SACDEN,KXNBAGAME-25NOV03SACDEN-DEN,Sacramento vs Denver Winner?,2025-11-03,Sacramento Kings,Denver Nuggets,finalized,yes,904369.0,0.0,1.0,,0.825,0.82,0.83,1762220700.0,1762220700.0,1,9:00p,124,130,1,6
KXNBAGAME-25NOV03MIALAC,KXNBAGAME-25NOV03MIALAC-LAC,Miami vs LA Winner?,2025-11-03,Miami Heat,Los Angeles Clippers,finalized,no,4132870.0,0.0,0.0,,0.725,0.72,0.73,1762226100.0,1762226100.0,0,10:30p,120,119,0,-1
KXNBAGAME-25NOV03DALHOU,KXNBAGAME-25NOV03DALHOU-HOU,Dallas vs Houston Winner?,2025-11-03,Dallas Mavericks,Houston Rockets,finalized,yes,1192221.0,0.0,1.0,,0.845,0.84,0.85,1762217100.0,1762217100.0,1,8:00p,102,110,1,8
KXNBAGAME-25NOV03LALPOR,KXNBAGAME-25NOV03LALPOR-POR,Los Angeles vs Portland Winner?,2025-11-03,Los Angeles Lakers,Portland Trail Blazers,finalized,no,3518755.0,0.0,0.0,,0.765,0.76,0.77,1762224300.0,1762224300.0,0,10:00p,123,115,0,-8
KXNBAGAME-25NOV03WASNYK,KXNBAGAME-25NOV03WASNYK-NYK,Washington vs New York K Winner?,2025-11-03,Washington Wizards,New York Knicks,finalized,yes,652848.0,0.0,1.0,,0.855,0.85,0.86,1762215300.0,1762215300.0,1,7:30p,102,119,1,17
KXNBAGAME-25NOV04OKCLAC,KXNBAGAME-25NOV04OKCLAC-LAC,Oklahoma City vs Los Angeles C Winner?,2025-11-04,Oklahoma City Thunder,Los Angeles Clippers,finalized,no,5816486.0,0.0,0.0,,0.26,0.25,0.27,1762314300.0,1762314300.0,0,11:00p,126,107,0,-19
KXNBAGAME-25NOV04PHXGSW,KXNBAGAME-25NOV04PHXGSW-GSW,Phoenix vs Golden State Winner?,2025-11-04,Phoenix Suns,Golden State Warriors,finalized,yes,1922000.0,0.0,1.0,,0.795,0.79,0.8,1762310700.0,1762310700.0,1,10:00p,107,118,1,11
KXNBAGAME-25NOV04PHICHI,KXNBAGAME-25NOV04PHICHI-CHI,Philadelphia vs Chicago Winner?,2025-11-04,Philadelphia 76ers,Chicago Bulls,finalized,yes,2903801.0,0.0,1.0,,0.535,0.53,0.54,1762303500.0,1762303500.0,1,8:00p,111,113,1,2
KXNBAGAME-25NOV04MILTOR,KXNBAGAME-25NOV04MILTOR-TOR,Milwaukee vs Toronto Winner?,2025-11-04,Milwaukee Bucks,Toronto Raptors,finalized,yes,1419104.0,0.0,1.0,,0.535,0.53,0.54,1762301700.0,1762301700.0,1,7:30p,100,128,1,28
KXNBAGAME-25NOV04CHANOP,KXNBAGAME-25NOV04CHANOP-NOP,Charlotte vs New Orleans Winner?,2025-11-04,Charlotte Hornets,New Orleans Pelicans,finalized,yes,2124275.0,0.0,1.0,,0.575,0.57,0.58,1762303500.0,1762303500.0,1,8:00p,112,116,1,4
KXNBAGAME-25NOV04ORLATL,KXNBAGAME-25NOV04ORLATL-ATL,Orlando vs Atlanta Winner?,2025-11-04,Orlando Magic,Atlanta Hawks,finalized,yes,2213751.0,0.0,1.0,,0.385,0.38,0.39,1762303500.0,1762303500.0,1,8:00p,112,127,1,15
KXNBAGAME-25NOV05GSWSAC,KXNBAGAME-25NOV05GSWSAC-SAC,Golden State vs Sacramento Winner?,2025-11-05,Golden State Warriors,Sacramento Kings,finalized,yes,3030446.0,0.0,1.0,,0.565,0.56,0.57,1762397100.0,1762397100.0,1,10:00p,116,121,1,5
KXNBAGAME-25NOV05SASLAL,KXNBAGAME-25NOV05SASLAL-LAL,San Antonio vs Los Angeles L Winner?,2025-11-05,San Antonio Spurs,Los Angeles Lakers,finalized,yes,9464298.0,0.0,1.0,,0.475,0.47,0.48,1762397100.0,1762397100.0,1,10:00p,116,118,1,2
KXNBAGAME-25NOV05OKCPOR,KXNBAGAME-25NOV05OKCPOR-POR,Oklahoma City vs Portland Winner?,2025-11-05,Oklahoma City Thunder,Portland Trail Blazers,finalized,yes,3989983.0,0.0,1.0,,0.385,0.38,0.39,1762397100.0,1762397100.0,1,10:00p,119,121,1,2
KXNBAGAME-25NOV05MIADEN,KXNBAGAME-25NOV05MIADEN-DEN,Miami vs Denver Winner?,2025-11-05,Miami Heat,Denver Nuggets,finalized,yes,1003276.0,0.0,1.0,,0.775,0.77,0.78,1762393500.0,1762393500.0,1,9:00p,112,122,1,10
KXNBAGAME-25NOV05HOUMEM,KXNBAGAME-25NOV05HOUMEM-MEM,Houston vs Memphis Winner?,2025-11-05,Houston Rockets,Memphis Grizzlies,finalized,no,996106.0,0.0,0.0,,0.265,0.26,0.27,1762389900.0,1762389900.0,0,8:00p,124,109,0,-15
KXNBAGAME-25NOV05MINNYK,KXNBAGAME-25NOV05MINNYK-NYK,Minnesota vs New York K Winner?,2025-11-05,Minnesota Timberwolves,New York Knicks,finalized,yes,2700987.0,0.0,1.0,,0.605,0.6,0.61,1762388100.0,1762388100.0,1,7:30p,114,137,1,23
KXNBAGAME-25NOV05UTADET,KXNBAGAME-25NOV05UTADET-DET,Utah vs Detroit Winner?,2025-11-05,Utah Jazz,Detroit Pistons,finalized,yes,915824.0,0.0,1.0,,0.785,0.78,0.79,1762386300.0,1762386300.0,1,7:00p,103,114,1,11
KXNBAGAME-25NOV05NOPDAL,KXNBAGAME-25NOV05NOPDAL-DAL,New Orleans vs Dallas Winner?,2025-11-05,New Orleans Pelicans,Dallas Mavericks,finalized,no,3254528.0,0.0,0.0,,0.735,0.73,0.74,1762391700.0,1762391700.0,0,8:30p,101,99,0,-2
KXNBAGAME-25NOV05PHICLE,KXNBAGAME-25NOV05PHICLE-CLE,Philadelphia vs Cleveland Winner?,2025-11-05,Philadelphia 76ers,Cleveland Cavaliers,finalized,yes,1160301.0,0.0,1.0,,0.795,0.79,0.8,1762386300.0,1762386300.0,1,7:00p,121,132,1,11
KXNBAGAME-25NOV05WASBOS,KXNBAGAME-25NOV05WASBOS-BOS,Washington vs Boston Winner?,2025-11-05,Washington Wizards,Boston Celtics,finalized,yes,532552.0,0.0,1.0,,0.845,0.84,0.85,1762388100.0,1762388100.0,1,7:30p,107,136,1,29
KXNBAGAME-25NOV05BKNIND,KXNBAGAME-25NOV05BKNIND-IND,Brooklyn vs Indiana Winner?,2025-11-05,Brooklyn Nets,Indiana Pacers,finalized,no,2249254.0,0.0,0.0,,0.685,0.68,0.69,1762386300.0,1762386300.0,0,7:00p,112,103,0,-9
KXNBAGAME-25NOV06LACPHX,KXNBAGAME-25NOV06LACPHX-PHX,LA vs Phoenix Winner?,2025-11-06,Los Angeles Clippers,Phoenix Suns,finalized,yes,3443045.0,0.0,1.0,,0.575,0.57,0.58,1762479900.0,1762479900.0,1,9:00p,102,115,1,13
KXNBAGAME-25NOV07CHIMIL,KXNBAGAME-25NOV07CHIMIL-MIL,Chicago vs Milwaukee Winner?,2025-11-07,Chicago Bulls,Milwaukee Bucks,finalized,yes,1221159.0,0.0,1.0,,0.615,0.61,0.62,1762562700.0,1762562700.0,1,8:00p,110,126,1,16
KXNBAGAME-25NOV07DALMEM,KXNBAGAME-25NOV07DALMEM-MEM,Dallas vs Memphis Winner?,2025-11-07,Dallas Mavericks,Memphis Grizzlies,finalized,yes,349772.0,0.0,1.0,,0.625,0.62,0.63,1762562700.0,1762562700.0,1,8:00p,104,118,1,14
KXNBAGAME-25NOV07TORATL,KXNBAGAME-25NOV07TORATL-ATL,Toronto vs Atlanta Winner?,2025-11-07,Toronto Raptors,Atlanta Hawks,finalized,no,1304661.0,0.0,0.0,,0.555,0.55,0.56,1762560900.0,1762560900.0,0,7:30p,109,97,0,-12
KXNBAGAME-25NOV07HOUSAS,KXNBAGAME-25NOV07HOUSAS-SAS,Houston vs San Antonio Winner?,2025-11-07,Houston Rockets,San Antonio Spurs,finalized,yes,3163958.0,0.0,1.0,,0.385,0.38,0.39,1762560900.0,1762560900.0,1,7:30p,110,121,1,11
KXNBAGAME-25NOV07GSWDEN,KXNBAGAME-25NOV07GSWDEN-DEN,Golden State vs Denver Winner?,2025-11-07,Golden State Warriors,Denver Nuggets,finalized,yes,3873637.0,0.0,1.0,,0.805,0.8,0.81,1762569900.0,1762569900.0,1,10:00p,104,129,1,25
KXNBAGAME-25NOV07CHAMIA,KXNBAGAME-25NOV07CHAMIA-MIA,Charlotte vs Miami Winner?,2025-11-07,Charlotte Hornets,Miami Heat,finalized,yes,1216321.0,0.0,1.0,,0.705,0.7,0.71,1762562700.0,1762562700.0,1,8:00p,108,126,1,18
KXNBAGAME-25NOV07CLEWAS,KXNBAGAME-25NOV07CLEWAS-WAS,Cleveland vs Washington Winner?,2025-11-07,Cleveland Cavaliers,Washington Wizards,finalized,no,969522.0,0.0,0.0,,0.125,0.12,0.13,1762559100.0,1762559100.0,0,7:00p,148,115,0,-33
KXNBAGAME-25NOV07OKCSAC,KXNBAGAME-25NOV07OKCSAC-SAC,Oklahoma City vs Sacramento Winner?,2025-11-07,Oklahoma City Thunder,Sacramento Kings,finalized,no,558243.0,0.0,0.0,,0.175,0.17,0.18,1762569900.0,1762569900.0,0,10:00p,132,101,0,-31
KXNBAGAME-25NOV07DETBKN,KXNBAGAME-25NOV07DETBKN-BKN,Detroit vs Brooklyn Winner?,2025-11-07,Detroit Pistons,Brooklyn Nets,finalized,no,1015310.0,0.0,0.0,,0.195,0.19,0.2,1762560900.0,1762560900.0,0,7:30p,125,107,0,-18
KXNBAGAME-25NOV07BOSORL,KXNBAGAME-25NOV07BOSORL-ORL,Boston vs Orlando Winner?,2025-11-07,Boston Celtics,Orlando Magic,finalized,yes,1999285.0,0.0,1.0,,0.595,0.59,0.6,1762559100.0,1762559100.0,1,7:00p,110,123,1,13
KXNBAGAME-25NOV07UTAMIN,KXNBAGAME-25NOV07UTAMIN-MIN,Utah vs Minnesota Winner?,2025-11-07,Utah Jazz,Minnesota Timberwolves,finalized,yes,240416.0,0.0,1.0,,0.845,0.84,0.85,1762562700.0,1762562700.0,1,8:00p,97,137,1,40
KXNBAGAME-25NOV08NOPSAS,KXNBAGAME-25NOV08NOPSAS-SAS,New Orleans vs San Antonio Winner?,2025-11-08,New Orleans Pelicans,San Antonio Spurs,finalized,yes,885502.0,0.0,1.0,,0.835,0.83,0.84,1762649100.0,1762649100.0,1,8:00p,119,126,1,7
KXNBAGAME-25NOV08PHXLAC,KXNBAGAME-25NOV08PHXLAC-LAC,Phoenix vs Los Angeles C Winner?,2025-11-08,Phoenix Suns,Los Angeles Clippers,finalized,no,4053809.0,0.0,0.0,,0.615,0.61,0.62,1762658100.0,1762658100.0,0,10:30p,114,103,0,-11
KXNBAGAME-25NOV08PORMIA,KXNBAGAME-25NOV08PORMIA-MIA,Portland vs Miami Winner?,2025-11-08,Portland Trail Blazers,Miami Heat,finalized,yes,1228190.0,0.0,1.0,,0.415,0.41,0.42,1762649100.0,1762649100.0,1,8:00p,131,136,1,5
KXNBAGAME-25NOV08INDDEN,KXNBAGAME-25NOV08INDDEN-DEN,Indiana vs Denver Winner?,2025-11-08,Indiana Pacers,Denver Nuggets,finalized,yes,1260223.0,0.0,1.0,,0.795,0.79,0.8,1762652700.0,1762652700.0,1,9:00p,100,117,1,17
KXNBAGAME-25NOV08LALATL,KXNBAGAME-25NOV08LALATL-ATL,Los Angeles L vs Atlanta Winner?,2025-11-08,Los Angeles Lakers,Atlanta Hawks,finalized,yes,781958.0,0.0,1.0,,0.325,0.32,0.33,1762649100.0,1762649100.0,1,8:00p,102,122,1,20
KXNBAGAME-25NOV08CHICLE,KXNBAGAME-25NOV08CHICLE-CLE,Chicago vs Cleveland Winner?,2025-11-08,Chicago Bulls,Cleveland Cavaliers,finalized,yes,1294812.0,0.0,1.0,,0.755,0.75,0.76,1762649100.0,1762649100.0,1,8:00p,122,128,1,6
KXNBAGAME-25NOV08DALWAS,KXNBAGAME-25NOV08DALWAS-WAS,Dallas vs Washington Winner?,2025-11-08,Dallas Mavericks,Washington Wizards,finalized,no,1575568.0,0.0,0.0,,0.385,0.38,0.39,1762645500.0,1762645500.0,0,7:00p,111,105,0,-6
KXNBAGAME-25NOV08TORPHI,KXNBAGAME-25NOV08TORPHI-PHI,Toronto vs Philadelphia Winner?,2025-11-08,Toronto Raptors,Philadelphia 76ers,finalized,yes,1939292.0,0.0,1.0,,0.645,0.64,0.65,1762647300.0,1762647300.0,1,7:30p,120,130,1,10
KXNBAGAME-25NOV09MINSAC,KXNBAGAME-25NOV09MINSAC-SAC,Minnesota vs Sacramento Winner?,2025-11-09,Minnesota Timberwolves,Sacramento Kings,finalized,no,849603.0,0.0,0.0,,0.365,0.36,0.37,1762739100.0,1762739100.0,0,9:00p,144,117,0,-27
KXNBAGAME-25NOV09DETPHI,KXNBAGAME-25NOV09DETPHI-PHI,Detroit vs Philadelphia Winner?,2025-11-09,Detroit Pistons,Philadelphia 76ers,finalized,no,3274282.0,0.0,0.0,,0.385,0.38,0.39,1762733700.0,1762733700.0,0,7:30p,111,108,0,-3
KXNBAGAME-25NOV09BKNNYK,KXNBAGAME-25NOV09BKNNYK-NYK,Brooklyn vs New York K Winner?,2025-11-09,Brooklyn Nets,New York Knicks,finalized,yes,562127.0,0.0,1.0,,0.905,0.9,0.91,1762728300.0,1762728300.0,1,6:00p,98,134,1,36
KXNBAGAME-25NOV09INDGSW,KXNBAGAME-25NOV09INDGSW-GSW,Indiana vs Golden State Winner?,2025-11-09,Indiana Pacers,Golden State Warriors,finalized,yes,1312060.0,0.0,1.0,,0.85,0.84,0.86,1762737300.0,1762737300.0,1,8:30p,83,114,1,31
KXNBAGAME-25NOV09BOSORL,KXNBAGAME-25NOV09BOSORL-ORL,Boston vs Orlando Winner?,2025-11-09,Boston Celtics,Orlando Magic,finalized,no,2282341.0,0.0,0.0,,0.585,0.58,0.59,1762728300.0,1762728300.0,0,6:00p,111,107,0,-4
KXNBAGAME-25NOV09HOUMIL,KXNBAGAME-25NOV09HOUMIL-MIL,Houston vs Milwaukee Winner?,2025-11-09,Houston Rockets,Milwaukee Bucks,finalized,no,3332437.0,0.0,0.0,,0.395,0.39,0.4,1762719300.0,1762719300.0,0,3:30p,122,115,0,-7
KXNBAGAME-25NOV09OKCMEM,KXNBAGAME-25NOV09OKCMEM-MEM,Oklahoma City vs Memphis Winner?,2025-11-09,Oklahoma City Thunder,Memphis Grizzlies,finalized,no,2724752.0,0.0,0.0,,0.185,0.18,0.19,1762728300.0,1762728300.0,0,6:00p,114,100,0,-14
KXNBAGAME-25NOV10PORORL,KXNBAGAME-25NOV10PORORL-ORL,Portland vs Orlando Winner?,2025-11-10,Portland Trail Blazers,Orlando Magic,finalized,yes,1946689.0,0.0,1.0,,0.545,0.54,0.55,1762818300.0,1762818300.0,1,7:00p,112,115,1,3
KXNBAGAME-25NOV10SASCHI,KXNBAGAME-25NOV10SASCHI-CHI,San Antonio vs Chicago Winner?,2025-11-10,San Antonio Spurs,Chicago Bulls,finalized,no,1833128.0,0.0,0.0,,0.355,0.35,0.36,1762821900.0,1762821900.0,0,8:00p,121,117,0,-4
KXNBAGAME-25NOV10CLEMIA,KXNBAGAME-25NOV10CLEMIA-MIA,Cleveland vs Miami Winner?,2025-11-10,Cleveland Cavaliers,Miami Heat,finalized,yes,3193551.0,0.0,1.0,,0.275,0.27,0.28,1762820100.0,1762820100.0,1,7:30p,138,140,1,2
KXNBAGAME-25NOV10WASDET,KXNBAGAME-25NOV10WASDET-DET,Washington vs Detroit Winner?,2025-11-10,Washington Wizards,Detroit Pistons,finalized,yes,4083804.0,0.0,1.0,,0.835,0.83,0.84,1762818300.0,1762818300.0,1,7:00p,135,137,1,2
KXNBAGAME-25NOV10LALCHA,KXNBAGAME-25NOV10LALCHA-CHA,Los Angeles L vs Charlotte Winner?,2025-11-10,Los Angeles Lakers,Charlotte Hornets,finalized,no,988735.0,0.0,0.0,,0.245,0.24,0.25,1762818300.0,1762818300.0,0,7:00p,121,111,0,-10
KXNBAGAME-25NOV10MILDAL,KXNBAGAME-25NOV10MILDAL-DAL,Milwaukee vs Dallas Winner?,2025-11-10,Milwaukee Bucks,Dallas Mavericks,finalized,no,1965154.0,0.0,0.0,,0.395,0.39,0.4,1762823700.0,1762823700.0,0,8:30p,116,114,0,-2
KXNBAGAME-25NOV10NOPPHX,KXNBAGAME-25NOV10NOPPHX-PHX,New Orleans vs Phoenix Winner?,2025-11-10,New Orleans Pelicans,Phoenix Suns,finalized,yes,393738.0,0.0,1.0,,0.765,0.76,0.77,1762825500.0,1762825500.0,1,9:00p,98,121,1,23
KXNBAGAME-25NOV10MINUTA,KXNBAGAME-25NOV10MINUTA-UTA,Minnesota vs Utah Winner?,2025-11-10,Minnesota Timberwolves,Utah Jazz,finalized,no,1103290.0,0.0,0.0,,0.275,0.27,0.28,1762825500.0,1762825500.0,0,9:00p,120,113,0,-7
KXNBAGAME-25NOV10ATLLAC,KXNBAGAME-25NOV10ATLLAC-LAC,Atlanta vs Los Angeles C Winner?,2025-11-10,Atlanta Hawks,Los Angeles Clippers,finalized,no,5948450.0,0.0,0.0,,0.635,0.63,0.64,1762830900.0,1762830900.0,0,10:30p,105,102,0,-3
KXNBAGAME-25NOV11INDUTA,KXNBAGAME-25NOV11INDUTA-UTA,Indiana vs Utah Winner?,2025-11-11,Indiana Pacers,Utah Jazz,finalized,yes,2781759.0,0.0,1.0,,0.455,0.45,0.46,1762911900.0,1762911900.0,1,9:00p,128,152,1,24
KXNBAGAME-25NOV11DENSAC,KXNBAGAME-25NOV11DENSAC-SAC,Denver vs Sacramento Winner?,2025-11-11,Denver Nuggets,Sacramento Kings,finalized,no,4663929.0,0.0,0.0,,0.235,0.23,0.24,1762919100.0,1762919100.0,0,11:00p,122,108,0,-14
KXNBAGAME-25NOV11GSWOKC,KXNBAGAME-25NOV11GSWOKC-OKC,Golden State vs Oklahoma City Winner?,2025-11-11,Golden State Warriors,Oklahoma City Thunder,finalized,yes,1280157.0,0.0,1.0,,0.735,0.73,0.74,1762908300.0,1762908300.0,1,8:00p,102,126,1,24
KXNBAGAME-25NOV11MEMNYK,KXNBAGAME-25NOV11MEMNYK-NYK,Memphis vs New York K Winner?,2025-11-11,Memphis Grizzlies,New York Knicks,finalized,yes,1386215.0,0.0,1.0,,0.795,0.79,0.8,1762906500.0,1762906500.0,1,7:30p,120,133,1,13
KXNBAGAME-25NOV11TORBKN,KXNBAGAME-25NOV11TORBKN-BKN,Toronto vs Brooklyn Winner?,2025-11-11,Toronto Raptors,Brooklyn Nets,finalized,no,1964595.0,0.0,0.0,,0.215,0.21,0.22,1762906500.0,1762906500.0,0,7:30p,119,109,0,-10
KXNBAGAME-25NOV11BOSPHI,KXNBAGAME-25NOV11BOSPHI-PHI,Boston vs Philadelphia Winner?,2025-11-11,Boston Celtics,Philadelphia 76ers,finalized,yes,4838098.0,0.0,1.0,,0.47,0.46,0.48,1762908300.0,1762908300.0,1,8:00p,100,102,1,2
KXNBAGAME-25NOV12MILCHA,KXNBAGAME-25NOV12MILCHA-CHA,Milwaukee vs Charlotte Winner?,2025-11-12,Milwaukee Bucks,Charlotte Hornets,finalized,yes,1733963.0,0.0,1.0,,0.425,0.42,0.43,1762991100.0,1762991100.0,1,7:00p,100,111,1,11
KXNBAGAME-25NOV12CHIDET,KXNBAGAME-25NOV12CHIDET-DET,Chicago vs Detroit Winner?,2025-11-12,Chicago Bulls,Detroit Pistons,finalized,yes,3273216.0,0.0,1.0,,0.425,0.42,0.43,1762991100.0,1762991100.0,1,7:00p,113,124,1,11
KXNBAGAME-25NOV12MEMBOS,KXNBAGAME-25NOV12MEMBOS-BOS,Memphis vs Boston Winner?,2025-11-12,Memphis Grizzlies,Boston Celtics,finalized,yes,704448.0,0.0,1.0,,0.745,0.74,0.75,1762992900.0,1762992900.0,1,7:30p,95,131,1,36
KXNBAGAME-25NOV12PORNOP,KXNBAGAME-25NOV12PORNOP-NOP,Portland vs New Orleans Winner?,2025-11-12,Portland Trail Blazers,New Orleans Pelicans,finalized,no,766963.0,0.0,0.0,,0.245,0.24,0.25,1762994700.0,1762994700.0,0,8:00p,125,117,0,-8
KXNBAGAME-25NOV12ORLNYK,KXNBAGAME-25NOV12ORLNYK-NYK,Orlando vs New York K Winner?,2025-11-12,Orlando Magic,New York Knicks,finalized,no,4383548.0,0.0,0.0,,0.625,0.62,0.63,1762991100.0,1762991100.0,0,7:00p,124,107,0,-17
KXNBAGAME-25NOV12CLEMIA,KXNBAGAME-25NOV12CLEMIA-MIA,Cleveland vs Miami Winner?,2025-11-12,Cleveland Cavaliers,Miami Heat,finalized,no,1918361.0,0.0,0.0,,0.645,0.64,0.65,1762992900.0,1762992900.0,0,7:30p,130,116,0,-14
KXNBAGAME-25NOV12WASHOU,KXNBAGAME-25NOV12WASHOU-HOU,Washington vs Houston Winner?,2025-11-12,Washington Wizards,Houston Rockets,finalized,yes,395322.0,0.0,1.0,,0.915,0.91,0.92,1762994700.0,1762994640.0,1,8:00p,112,135,1,23
KXNBAGAME-25NOV12PHXDAL,KXNBAGAME-25NOV12PHXDAL-DAL,Phoenix vs Dallas Winner?,2025-11-12,Phoenix Suns,Dallas Mavericks,finalized,no,1686447.0,0.0,0.0,,0.445,0.44,0.45,1762996500.0,1762996500.0,0,8:30p,123,114,0,-9
KXNBAGAME-25NOV12GSWSAS,KXNBAGAME-25NOV12GSWSAS-SAS,Golden State vs San Antonio Winner?,2025-11-12,Golden State Warriors,San Antonio Spurs,finalized,no,4190907.0,0.0,0.0,,0.605,0.6,0.61,1762994700.0,1762994700.0,0,8:00p,125,120,0,-5
KXNBAGAME-25NOV12ATLSAC,KXNBAGAME-25NOV12ATLSAC-SAC,Atlanta vs Sacramento Winner?,2025-11-12,Atlanta Hawks,Sacramento Kings,finalized,no,2082452.0,0.0,0.0,,0.375,0.37,0.38,1763001900.0,1763001900.0,0,10:00p,133,100,0,-33
KXNBAGAME-25NOV12LALOKC,KXNBAGAME-25NOV12LALOKC-OKC,Los Angeles L vs Oklahoma City Winner?,2025-11-12,Los Angeles Lakers,Oklahoma City Thunder,finalized,yes,1357780.0,0.0,1.0,,0.725,0.72,0.73,1763000100.0,1763000100.0,1,9:30p,92,121,1,29
KXNBAGAME-25NOV12DENLAC,KXNBAGAME-25NOV12DENLAC-LAC,Denver vs Los Angeles C Winner?,2025-11-12,Denver Nuggets,Los Angeles Clippers,finalized,no,3488873.0,0.0,0.0,,0.365,0.36,0.37,1763003700.0,1763003700.0,0,10:30p,130,116,0,-14
KXNBAGAME-25NOV13TORCLE,KXNBAGAME-25NOV13TORCLE-CLE,Toronto vs Cleveland Winner?,2025-11-13,Toronto Raptors,Cleveland Cavaliers,finalized,no,4125129.0,0.0,0.0,,0.725,0.72,0.73,1763077500.0,1763077500.0,0,7:00p,126,113,0,-13
KXNBAGAME-25NOV13ATLUTA,KXNBAGAME-25NOV13ATLUTA-UTA,Atlanta vs Utah Winner?,2025-11-13,Atlanta Hawks,Utah Jazz,finalized,no,4115243.0,0.0,0.0,,0.46499999999999997,0.46,0.47,1763084700.0,1763084700.0,0,9:00p,132,122,0,-10
KXNBAGAME-25NOV13INDPHX,KXNBAGAME-25NOV13INDPHX-PHX,Indiana vs Phoenix Winner?,2025-11-13,Indiana Pacers,Phoenix Suns,finalized,yes,5038311.0,0.0,1.0,,0.615,0.61,0.62,1763084700.0,1763084700.0,1,9:00p,98,133,1,35
KXNBAGAME-25NOV14PHIDET,KXNBAGAME-25NOV14PHIDET-DET,Philadelphia vs Detroit Winner?,2025-11-14,Philadelphia 76ers,Detroit Pistons,finalized,yes,2892640.0,0.0,1.0,,0.515,0.51,0.52,1763165700.0,1763165700.0,1,7:30p,105,114,1,9
KXNBAGAME-25NOV14MIANYK,KXNBAGAME-25NOV14MIANYK-NYK,Miami vs New York K Winner?,2025-11-14,Miami Heat,New York Knicks,finalized,yes,2456358.0,0.0,1.0,,0.685,0.68,0.69,1763163900.0,1763163900.0,1,7:00p,132,140,1,8
KXNBAGAME-25NOV14BKNORL,KXNBAGAME-25NOV14BKNORL-ORL,Brooklyn vs Orlando Winner?,2025-11-14,Brooklyn Nets,Orlando Magic,finalized,yes,2430947.0,0.0,1.0,,0.885,0.88,0.89,1763163900.0,1763163900.0,1,7:00p,98,105,1,7
KXNBAGAME-25NOV14LALNOP,KXNBAGAME-25NOV14LALNOP-NOP,Los Angeles L vs New Orleans Winner?,2025-11-14,Los Angeles Lakers,New Orleans Pelicans,finalized,no,399490.0,0.0,0.0,,0.19,0.18,0.2,1763167500.0,1763167500.0,0,8:00p,118,104,0,-14
KXNBAGAME-25NOV14PORHOU,KXNBAGAME-25NOV14PORHOU-HOU,Portland vs Houston Winner?,2025-11-14,Portland Trail Blazers,Houston Rockets,finalized,yes,847787.0,0.0,1.0,,0.73,0.72,0.74,1763167500.0,1763167500.0,1,8:00p,116,140,1,24
KXNBAGAME-25NOV14CHAMIL,KXNBAGAME-25NOV14CHAMIL-MIL,Charlotte vs Milwaukee Winner?,2025-11-14,Charlotte Hornets,Milwaukee Bucks,finalized,yes,3930118.0,0.0,1.0,,0.775,0.77,0.78,1763167500.0,1763167500.0,1,8:00p,134,147,1,13
KXNBAGAME-25NOV14GSWSAS,KXNBAGAME-25NOV14GSWSAS-SAS,Golden State vs San Antonio Winner?,2025-11-14,Golden State Warriors,San Antonio Spurs,finalized,no,5349394.0,0.0,0.0,,0.575,0.57,0.58,1763172900.0,1763172900.0,0,9:30p,109,108,0,-1
KXNBAGAME-25NOV14SACMIN,KXNBAGAME-25NOV14SACMIN-MIN,Sacramento vs Minnesota Winner?,2025-11-14,Sacramento Kings,Minnesota Timberwolves,finalized,yes,1051910.0,0.0,1.0,,0.835,0.83,0.84,1763167500.0,1763167440.0,1,8:00p,110,124,1,14
KXNBAGAME-25NOV14LACDAL,KXNBAGAME-25NOV14LACDAL-DAL,Los Angeles C vs Dallas Winner?,2025-11-14,Los Angeles Clippers,Dallas Mavericks,finalized,no,3884153.0,0.0,0.0,,0.405,0.4,0.41,1763169300.0,1763169300.0,0,8:30p,133,127,0,-6
KXNBAGAME-25NOV15DENMIN,KXNBAGAME-25NOV15DENMIN-MIN,Denver vs Minnesota Winner?,2025-11-15,Denver Nuggets,Minnesota Timberwolves,finalized,no,4420459.0,0.0,0.0,,0.485,0.48,0.49,1763253900.0,1763253900.0,0,8:00p,123,112,0,-11
KXNBAGAME-25NOV15LALMIL,KXNBAGAME-25NOV15LALMIL-MIL,Los Angeles L vs Milwaukee Winner?,2025-11-15,Los Angeles Lakers,Milwaukee Bucks,finalized,no,2186144.0,0.0,0.0,,0.52,0.51,0.53,1763253900.0,1763253900.0,0,8:00p,119,95,0,-24
KXNBAGAME-25NOV15OKCCHA,KXNBAGAME-25NOV15OKCCHA-CHA,Oklahoma City vs Charlotte Winner?,2025-11-15,Oklahoma City Thunder,Charlotte Hornets,finalized,no,1685827.0,0.0,0.0,,0.08499999999999999,0.08,0.09,1763250300.0,1763250300.0,0,7:00p,109,96,0,-13
KXNBAGAME-25NOV15MEMCLE,KXNBAGAME-25NOV15MEMCLE-CLE,Memphis vs Cleveland Winner?,2025-11-15,Memphis Grizzlies,Cleveland Cavaliers,finalized,yes,2805520.0,0.0,1.0,,0.825,0.82,0.83,1763243100.0,1763243100.0,1,5:00p,100,108,1,8
KXNBAGAME-25NOV15TORIND,KXNBAGAME-25NOV15TORIND-IND,Toronto vs Indiana Winner?,2025-11-15,Toronto Raptors,Indiana Pacers,finalized,no,1311734.0,0.0,0.0,,0.28500000000000003,0.28,0.29,1763250300.0,1763250300.0,0,7:00p,129,111,0,-18
KXNBAGAME-25NOV16PORDAL,KXNBAGAME-25NOV16PORDAL-DAL,Portland vs Dallas Winner?,2025-11-16,Portland Trail Blazers,Dallas Mavericks,finalized,yes,2414959.0,0.0,1.0,,0.415,0.41,0.42,1763338500.0,1763338500.0,1,7:30p,133,138,1,5
KXNBAGAME-25NOV16CHIUTA,KXNBAGAME-25NOV16CHIUTA-UTA,Chicago vs Utah Winner?,2025-11-16,Chicago Bulls,Utah Jazz,finalized,yes,3522530.0,0.0,1.0,,0.375,0.37,0.38,1763340300.0,1763340300.0,1,8:00p,147,150,1,3
KXNBAGAME-25NOV16ATLPHX,KXNBAGAME-25NOV16ATLPHX-PHX,Atlanta vs Phoenix Winner?,2025-11-16,Atlanta Hawks,Phoenix Suns,finalized,no,2375974.0,0.0,0.0,,0.515,0.51,0.52,1763340300.0,1763340300.0,0,8:00p,124,122,0,-2
KXNBAGAME-25NOV16SACSAS,KXNBAGAME-25NOV16SACSAS-SAS,Sacramento vs San Antonio Winner?,2025-11-16,Sacramento Kings,San Antonio Spurs,finalized,yes,1927443.0,0.0,1.0,,0.685,0.68,0.69,1763325900.0,1763325900.0,1,4:00p,110,123,1,13
KXNBAGAME-25NOV16BKNWAS,KXNBAGAME-25NOV16BKNWAS-WAS,Brooklyn vs Washington Winner?,2025-11-16,Brooklyn Nets,Washington Wizards,finalized,no,1753861.0,0.0,0.0,,0.575,0.57,0.58,1763333100.0,1763333100.0,0,6:00p,129,106,0,-23
KXNBAGAME-25NOV16GSWNOP,KXNBAGAME-25NOV16GSWNOP-NOP,Golden State vs New Orleans Winner?,2025-11-16,Golden State Warriors,New Orleans Pelicans,finalized,no,576561.0,0.0,0.0,,0.185,0.18,0.19,1763336700.0,1763336700.0,0,7:00p,124,106,0,-18
KXNBAGAME-25NOV16LACBOS,KXNBAGAME-25NOV16LACBOS-BOS,Los Angeles C vs Boston Winner?,2025-11-16,Los Angeles Clippers,Boston Celtics,finalized,yes,2049197.0,0.0,1.0,,0.665,0.66,0.67,1763324100.0,1763324100.0,1,3:30p,118,121,1,3
KXNBAGAME-25NOV16ORLHOU,KXNBAGAME-25NOV16ORLHOU-HOU,Orlando vs Houston Winner?,2025-11-16,Orlando Magic,Houston Rockets,finalized,yes,6555288.0,0.0,1.0,,0.745,0.74,0.75,1763336700.0,1763336700.0,1,7:00p,113,117,1,4
KXNBAGAME-25NOV17LACPHI,KXNBAGAME-25NOV17LACPHI-PHI,Los Angeles C vs Philadelphia Winner?,2025-11-17,Los Angeles Clippers,Philadelphia 76ers,finalized,yes,4885696.0,0.0,1.0,,0.655,0.65,0.66,1763423100.0,1763423100.0,1,7:00p,108,110,1,2
KXNBAGAME-25NOV17INDDET,KXNBAGAME-25NOV17INDDET-DET,Indiana vs Detroit Winner?,2025-11-17,Indiana Pacers,Detroit Pistons,finalized,yes,2659919.0,0.0,1.0,,0.775,0.77,0.78,1763423100.0,1763423100.0,1,7:00p,112,127,1,15
KXNBAGAME-25NOV17MILCLE,KXNBAGAME-25NOV17MILCLE-CLE,Milwaukee vs Cleveland Winner?,2025-11-17,Milwaukee Bucks,Cleveland Cavaliers,finalized,yes,1571636.0,0.0,1.0,,0.695,0.69,0.7,1763423100.0,1763423100.0,1,7:00p,106,118,1,12
KXNBAGAME-25NOV17NYKMIA,KXNBAGAME-25NOV17NYKMIA-MIA,New York K vs Miami Winner?,2025-11-17,New York Knicks,Miami Heat,finalized,yes,2684151.0,0.0,1.0,,0.515,0.51,0.52,1763424900.0,1763424900.0,1,7:30p,113,115,1,2
KXNBAGAME-25NOV17CHATOR,KXNBAGAME-25NOV17CHATOR-TOR,Charlotte vs Toronto Winner?,2025-11-17,Charlotte Hornets,Toronto Raptors,finalized,yes,1956939.0,0.0,1.0,,0.765,0.76,0.77,1763424900.0,1763424900.0,1,7:30p,108,110,1,2
KXNBAGAME-25NOV17CHIDEN,KXNBAGAME-25NOV17CHIDEN-DEN,Chicago vs Denver Winner?,2025-11-17,Chicago Bulls,Denver Nuggets,finalized,no,8303303.0,0.0,0.0,,0.875,0.87,0.88,1763430300.0,1763430300.0,0,9:00p,130,127,0,-3
KXNBAGAME-25NOV17DALMIN,KXNBAGAME-25NOV17DALMIN-MIN,Dallas vs Minnesota Winner?,2025-11-17,Dallas Mavericks,Minnesota Timberwolves,finalized,yes,369059.0,0.0,1.0,,0.875,0.87,0.88,1763426700.0,1763426700.0,1,8:00p,96,120,1,24
KXNBAGAME-25NOV17OKCNOP,KXNBAGAME-25NOV17OKCNOP-NOP,Oklahoma City vs New Orleans Winner?,2025-11-17,Oklahoma City Thunder,New Orleans Pelicans,finalized,no,502323.0,0.0,0.0,,0.065,0.06,0.07,1763426700.0,1763426700.0,0,8:00p,126,109,0,-17
KXNBAGAME-25NOV18PHXPOR,KXNBAGAME-25NOV18PHXPOR-POR,Phoenix vs Portland Winner?,2025-11-18,Phoenix Suns,Portland Trail Blazers,finalized,no,3185424.0,0.0,0.0,,0.535,0.53,0.54,1763523900.0,1763523900.0,0,11:00p,127,110,0,-17
KXNBAGAME-25NOV18MEMSAS,KXNBAGAME-25NOV18MEMSAS-SAS,Memphis vs San Antonio Winner?,2025-11-18,Memphis Grizzlies,San Antonio Spurs,finalized,yes,3835437.0,0.0,1.0,,0.685,0.68,0.69,1763513100.0,1763513100.0,1,8:00p,101,111,1,10
KXNBAGAME-25NOV18UTALAL,KXNBAGAME-25NOV18UTALAL-LAL,Utah vs Los Angeles L Winner?,2025-11-18,Utah Jazz,Los Angeles Lakers,finalized,yes,4742113.0,0.0,1.0,,0.845,0.84,0.85,1763522100.0,1763522100.0,1,10:30p,126,140,1,14
KXNBAGAME-25NOV18DETATL,KXNBAGAME-25NOV18DETATL-ATL,Detroit vs Atlanta Winner?,2025-11-18,Detroit Pistons,Atlanta Hawks,finalized,no,2474414.0,0.0,0.0,,0.45,0.44,0.46,1763511300.0,1763511300.0,0,7:30p,120,112,0,-8
KXNBAGAME-25NOV18BOSBKN,KXNBAGAME-25NOV18BOSBKN-BKN,Boston vs Brooklyn Winner?,2025-11-18,Boston Celtics,Brooklyn Nets,finalized,no,1930028.0,0.0,0.0,,0.165,0.16,0.17,1763511300.0,1763511300.0,0,7:30p,113,99,0,-14
KXNBAGAME-25NOV18GSWORL,KXNBAGAME-25NOV18GSWORL-ORL,Golden State vs Orlando Winner?,2025-11-18,Golden State Warriors,Orlando Magic,finalized,yes,2360506.0,0.0,1.0,,0.435,0.43,0.44,1763509500.0,1763509500.0,1,7:00p,113,121,1,8
KXNBAGAME-25NOV19GSWMIA,KXNBAGAME-25NOV19GSWMIA-MIA,Golden State vs Miami Winner?,2025-11-19,Golden State Warriors,Miami Heat,finalized,yes,2431129.0,0.0,1.0,,0.785,0.78,0.79,1763597700.0,1763597700.0,1,7:30p,96,110,1,14
KXNBAGAME-25NOV19CHAIND,KXNBAGAME-25NOV19CHAIND-IND,Charlotte vs Indiana Winner?,2025-11-19,Charlotte Hornets,Indiana Pacers,finalized,yes,1811144.0,0.0,1.0,,0.46499999999999997,0.46,0.47,1763595900.0,1763595900.0,1,7:00p,118,127,1,9
KXNBAGAME-25NOV19HOUCLE,KXNBAGAME-25NOV19HOUCLE-CLE,Houston vs Cleveland Winner?,2025-11-19,Houston Rockets,Cleveland Cavaliers,finalized,no,3606919.0,0.0,0.0,,0.46499999999999997,0.46,0.47,1763595900.0,1763595900.0,0,7:00p,114,104,0,-10
KXNBAGAME-25NOV19SACOKC,KXNBAGAME-25NOV19SACOKC-OKC,Sacramento vs Oklahoma City Winner?,2025-11-19,Sacramento Kings,Oklahoma City Thunder,finalized,yes,700202.0,0.0,1.0,,0.935,0.93,0.94,1763599500.0,1763599500.0,1,8:00p,99,113,1,14
KXNBAGAME-25NOV19TORPHI,KXNBAGAME-25NOV19TORPHI-PHI,Toronto vs Philadelphia Winner?,2025-11-19,Toronto Raptors,Philadelphia 76ers,finalized,no,2309595.0,0.0,0.0,,0.445,0.44,0.45,1763595900.0,1763595900.0,0,7:00p,121,112,0,-9
KXNBAGAME-25NOV19WASMIN,KXNBAGAME-25NOV19WASMIN-MIN,Washington vs Minnesota Winner?,2025-11-19,Washington Wizards,Minnesota Timberwolves,finalized,yes,956808.0,0.0,1.0,,0.915,0.91,0.92,1763599500.0,1763599500.0,1,8:00p,109,120,1,11
KXNBAGAME-25NOV19CHIPOR,KXNBAGAME-25NOV19CHIPOR-POR,Chicago vs Portland Winner?,2025-11-19,Chicago Bulls,Portland Trail Blazers,finalized,no,3380192.0,0.0,0.0,,0.4,0.39,0.41,1763606700.0,1763606700.0,0,10:00p,122,121,0,-1
KXNBAGAME-25NOV19NYKDAL,KXNBAGAME-25NOV19NYKDAL-DAL,New York K vs Dallas Winner?,2025-11-19,New York Knicks,Dallas Mavericks,finalized,no,5641020.0,0.0,0.0,,0.235,0.23,0.24,1763604900.0,1763604900.0,0,9:30p,113,111,0,-2
KXNBAGAME-25NOV19DENNOP,KXNBAGAME-25NOV19DENNOP-NOP,Denver vs New Orleans Winner?,2025-11-19,Denver Nuggets,New Orleans Pelicans,finalized,no,731175.0,0.0,0.0,,0.15000000000000002,0.14,0.16,1763599500.0,1763599500.0,0,8:00p,125,118,0,-7
KXNBAGAME-25NOV20LACORL,KXNBAGAME-25NOV20LACORL-ORL,Los Angeles C vs Orlando Winner?,2025-11-20,Los Angeles Clippers,Orlando Magic,finalized,yes,2591576.0,0.0,1.0,,0.685,0.68,0.69,1763682300.0,1763682300.0,1,7:00p,101,129,1,28
KXNBAGAME-25NOV20PHIMIL,KXNBAGAME-25NOV20PHIMIL-MIL,Philadelphia vs Milwaukee Winner?,2025-11-20,Philadelphia 76ers,Milwaukee Bucks,finalized,no,3359643.0,0.0,0.0,,0.46499999999999997,0.46,0.47,1763685900.0,1763685900.0,0,8:00p,123,114,0,-9
KXNBAGAME-25NOV20ATLSAS,KXNBAGAME-25NOV20ATLSAS-SAS,Atlanta vs San Antonio Winner?,2025-11-20,Atlanta Hawks,San Antonio Spurs,finalized,yes,2902856.0,0.0,1.0,,0.495,0.49,0.5,1763685900.0,1763685900.0,1,8:00p,126,135,1,9
KXNBAGAME-25NOV20SACMEM,KXNBAGAME-25NOV20SACMEM-MEM,Sacramento vs Memphis Winner?,2025-11-20,Sacramento Kings,Memphis Grizzlies,finalized,yes,528411.0,0.0,1.0,,0.575,0.57,0.58,1763685900.0,1763685900.0,1,8:00p,96,137,1,41
KXNBAGAME-25NOV21WASTOR,KXNBAGAME-25NOV21WASTOR-TOR,Washington vs Toronto Winner?,2025-11-21,Washington Wizards,Toronto Raptors,finalized,yes,758688.0,0.0,1.0,,0.885,0.88,0.89,1763770500.0,1763770500.0,1,7:30p,110,140,1,30
KXNBAGAME-25NOV21PORGSW,KXNBAGAME-25NOV21PORGSW-GSW,Portland vs Golden State Winner?,2025-11-21,Portland Trail Blazers,Golden State Warriors,finalized,no,5077845.0,0.0,0.0,,0.785,0.78,0.79,1763779500.0,1763779500.0,0,10:00p,127,123,0,-4
KXNBAGAME-25NOV21BKNBOS,KXNBAGAME-25NOV21BKNBOS-BOS,Brooklyn vs Boston Winner?,2025-11-21,Brooklyn Nets,Boston Celtics,finalized,no,3864659.0,0.0,0.0,,0.885,0.88,0.89,1763770500.0,1763770500.0,0,7:30p,113,105,0,-8
KXNBAGAME-25NOV21MIACHI,KXNBAGAME-25NOV21MIACHI-CHI,Miami vs Chicago Winner?,2025-11-21,Miami Heat,Chicago Bulls,finalized,no,2446271.0,0.0,0.0,,0.555,0.55,0.56,1763772300.0,1763772300.0,0,8:00p,143,107,0,-36
KXNBAGAME-25NOV21DENHOU,KXNBAGAME-25NOV21DENHOU-HOU,Denver vs Houston Winner?,2025-11-21,Denver Nuggets,Houston Rockets,finalized,no,4863924.0,0.0,0.0,,0.565,0.56,0.57,1763777700.0,1763777700.0,0,9:30p,112,109,0,-3
KXNBAGAME-25NOV21OKCUTA,KXNBAGAME-25NOV21OKCUTA-UTA,Oklahoma City vs Utah Winner?,2025-11-21,Oklahoma City Thunder,Utah Jazz,finalized,no,2917776.0,0.0,0.0,,0.095,0.09,0.1,1763779500.0,1763779500.0,0,10:00p,144,112,0,-32
KXNBAGAME-25NOV21NOPDAL,KXNBAGAME-25NOV21NOPDAL-DAL,New Orleans vs Dallas Winner?,2025-11-21,New Orleans Pelicans,Dallas Mavericks,finalized,yes,4060080.0,0.0,1.0,,0.595,0.59,0.6,1763774100.0,1763774100.0,1,8:30p,115,118,1,3
KXNBAGAME-25NOV21MINPHX,KXNBAGAME-25NOV21MINPHX-PHX,Minnesota vs Phoenix Winner?,2025-11-21,Minnesota Timberwolves,Phoenix Suns,finalized,yes,3736512.0,0.0,1.0,,0.37,0.36,0.38,1763775900.0,1763775900.0,1,9:00p,113,114,1,1
KXNBAGAME-25NOV21INDCLE,KXNBAGAME-25NOV21INDCLE-CLE,Indiana vs Cleveland Winner?,2025-11-21,Indiana Pacers,Cleveland Cavaliers,finalized,yes,1525231.0,0.0,1.0,,0.875,0.87,0.88,1763768700.0,1763768700.0,1,7:00p,109,120,1,11
KXNBAGAME-25NOV22LACCHA,KXNBAGAME-25NOV22LACCHA-CHA,Los Angeles C vs Charlotte Winner?,2025-11-22,Los Angeles Clippers,Charlotte Hornets,finalized,no,1877786.0,0.0,0.0,,0.485,0.48,0.49,1763833500.0,1763833500.0,0,1:00p,131,116,0,-15
KXNBAGAME-25NOV22NYKORL,KXNBAGAME-25NOV22NYKORL-ORL,New York K vs Orlando Winner?,2025-11-22,New York Knicks,Orlando Magic,finalized,yes,2646304.0,0.0,1.0,,0.535,0.53,0.54,1763847900.0,1763847900.0,1,5:00p,121,133,1,12
KXNBAGAME-25NOV22ATLNOP,KXNBAGAME-25NOV22ATLNOP-NOP,Atlanta vs New Orleans Winner?,2025-11-22,Atlanta Hawks,New Orleans Pelicans,finalized,no,1337608.0,0.0,0.0,,0.2,0.19,0.21,1763855100.0,1763855100.0,0,7:00p,115,98,0,-17
KXNBAGAME-25NOV22DETMIL,KXNBAGAME-25NOV22DETMIL-MIL,Detroit vs Milwaukee Winner?,2025-11-22,Detroit Pistons,Milwaukee Bucks,finalized,no,1348129.0,0.0,0.0,,0.245,0.24,0.25,1763858700.0,1763858700.0,0,8:00p,129,116,0,-13
KXNBAGAME-25NOV22WASCHI,KXNBAGAME-25NOV22WASCHI-CHI,Washington vs Chicago Winner?,2025-11-22,Washington Wizards,Chicago Bulls,finalized,yes,3618225.0,0.0,1.0,,0.855,0.85,0.86,1763858700.0,1763858700.0,1,8:00p,120,121,1,1
KXNBAGAME-25NOV22SACDEN,KXNBAGAME-25NOV22SACDEN-DEN,Sacramento vs Denver Winner?,2025-11-22,Sacramento Kings,Denver Nuggets,finalized,no,6059124.0,0.0,0.0,,0.835,0.83,0.84,1763865900.0,1763865900.0,0,10:00p,128,123,0,-5
KXNBAGAME-25NOV22MEMDAL,KXNBAGAME-25NOV22MEMDAL-DAL,Memphis vs Dallas Winner?,2025-11-22,Memphis Grizzlies,Dallas Mavericks,finalized,no,3766023.0,0.0,0.0,,0.505,0.5,0.51,1763860500.0,1763860500.0,0,8:30p,102,96,0,-6
KXNBAGAME-25NOV23LACCLE,KXNBAGAME-25NOV23LACCLE-CLE,Los Angeles C vs Cleveland Winner?,2025-11-23,Los Angeles Clippers,Cleveland Cavaliers,finalized,yes,1016767.0,0.0,1.0,,0.74,0.73,0.75,1763937900.0,1763937900.0,1,6:00p,105,120,1,15
KXNBAGAME-25NOV23MIAPHI,KXNBAGAME-25NOV23MIAPHI-PHI,Miami vs Philadelphia Winner?,2025-11-23,Miami Heat,Philadelphia 76ers,finalized,no,2229066.0,0.0,0.0,,0.48,0.47,0.49,1763919900.0,1763919900.0,0,1:00p,127,117,0,-10
KXNBAGAME-25NOV23POROKC,KXNBAGAME-25NOV23POROKC-OKC,Portland vs Oklahoma City Winner?,2025-11-23,Portland Trail Blazers,Oklahoma City Thunder,finalized,yes,1389899.0,0.0,1.0,,0.895,0.89,0.9,1763941500.0,1763941500.0,1,7:00p,95,122,1,27
KXNBAGAME-25NOV23CHAATL,KXNBAGAME-25NOV23CHAATL-ATL,Charlotte vs Atlanta Winner?,2025-11-23,Charlotte Hornets,Atlanta Hawks,finalized,yes,2463921.0,0.0,1.0,,0.725,0.72,0.73,1763937900.0,1763937900.0,1,6:00p,110,113,1,3
KXNBAGAME-25NOV23LALUTA,KXNBAGAME-25NOV23LALUTA-UTA,Los Angeles L vs Utah Winner?,2025-11-23,Los Angeles Lakers,Utah Jazz,finalized,no,2829105.0,0.0,0.0,,0.20500000000000002,0.2,0.21,1763945100.0,1763945100.0,0,8:00p,108,106,0,-2
KXNBAGAME-25NOV23BKNTOR,KXNBAGAME-25NOV23BKNTOR-TOR,Brooklyn vs Toronto Winner?,2025-11-23,Brooklyn Nets,Toronto Raptors,finalized,yes,1593398.0,0.0,1.0,,0.845,0.84,0.85,1763937900.0,1763937900.0,1,6:00p,109,119,1,10
KXNBAGAME-25NOV23SASPHX,KXNBAGAME-25NOV23SASPHX-PHX,San Antonio vs Phoenix Winner?,2025-11-23,San Antonio Spurs,Phoenix Suns,finalized,yes,4596533.0,0.0,1.0,,0.545,0.54,0.55,1763945100.0,1763945100.0,1,8:00p,102,111,1,9
KXNBAGAME-25NOV23ORLBOS,KXNBAGAME-25NOV23ORLBOS-BOS,Orlando vs Boston Winner?,2025-11-23,Orlando Magic,Boston Celtics,finalized,yes,670237.0,0.0,1.0,,0.615,0.61,0.62,1763937900.0,1763937900.0,1,6:00p,129,138,1,9
KXNBAGAME-25NOV24CHINOP,KXNBAGAME-25NOV24CHINOP-NOP,Chicago vs New Orleans Winner?,2025-11-24,Chicago Bulls,New Orleans Pelicans,finalized,yes,1371692.0,0.0,1.0,,0.345,0.34,0.35,1764031500.0,1764031500.0,1,8:00p,130,143,1,13
KXNBAGAME-25NOV24DETIND,KXNBAGAME-25NOV24DETIND-IND,Detroit vs Indiana Winner?,2025-11-24,Detroit Pistons,Indiana Pacers,finalized,no,1494734.0,0.0,0.0,,0.20500000000000002,0.2,0.21,1764027900.0,1764027900.0,0,7:00p,122,117,0,-5
KXNBAGAME-25NOV24CLETOR,KXNBAGAME-25NOV24CLETOR-TOR,Cleveland vs Toronto Winner?,2025-11-24,Cleveland Cavaliers,Toronto Raptors,finalized,yes,3423663.0,0.0,1.0,,0.525,0.52,0.53,1764027900.0,1764027900.0,1,7:00p,99,110,1,11
KXNBAGAME-25NOV24NYKBKN,KXNBAGAME-25NOV24NYKBKN-BKN,New York K vs Brooklyn Winner?,2025-11-24,New York Knicks,Brooklyn Nets,finalized,no,1289831.0,0.0,0.0,,0.14500000000000002,0.14,0.15,1764029700.0,1764029700.0,0,7:30p,113,100,0,-13
KXNBAGAME-25NOV24DALMIA,KXNBAGAME-25NOV24DALMIA-MIA,Dallas vs Miami Winner?,2025-11-24,Dallas Mavericks,Miami Heat,finalized,yes,1718245.0,0.0,1.0,,0.715,0.71,0.72,1764029700.0,1764029700.0,1,7:30p,102,106,1,4
KXNBAGAME-25NOV24MINSAC,KXNBAGAME-25NOV24MINSAC-SAC,Minnesota vs Sacramento Winner?,2025-11-24,Minnesota Timberwolves,Sacramento Kings,finalized,yes,3674053.0,0.0,1.0,,0.20500000000000002,0.2,0.21,1764038700.0,1764038700.0,1,10:00p,112,117,1,5
KXNBAGAME-25NOV24PORMIL,KXNBAGAME-25NOV24PORMIL-MIL,Portland vs Milwaukee Winner?,2025-11-24,Portland Trail Blazers,Milwaukee Bucks,finalized,no,933162.0,0.0,0.0,,0.505,0.5,0.51,1764031500.0,1764031500.0,0,8:00p,115,103,0,-12
KXNBAGAME-25NOV24UTAGSW,KXNBAGAME-25NOV24UTAGSW-GSW,Utah vs Golden State Winner?,2025-11-24,Utah Jazz,Golden State Warriors,finalized,yes,762926.0,0.0,1.0,,0.855,0.85,0.86,1764038700.0,1764038700.0,1,10:00p,117,134,1,17
KXNBAGAME-25NOV24HOUPHX,KXNBAGAME-25NOV24HOUPHX-PHX,Houston vs Phoenix Winner?,2025-11-24,Houston Rockets,Phoenix Suns,finalized,no,3968586.0,0.0,0.0,,0.325,0.32,0.33,1764036900.0,1764036900.0,0,9:30p,114,92,0,-22
KXNBAGAME-25NOV24DENMEM,KXNBAGAME-25NOV24DENMEM-MEM,Denver vs Memphis Winner?,2025-11-24,Denver Nuggets,Memphis Grizzlies,finalized,no,772002.0,0.0,0.0,,0.275,0.27,0.28,1764031500.0,1764031500.0,0,8:00p,125,115,0,-10
KXNBAGAME-25NOV25ATLWAS,KXNBAGAME-25NOV25ATLWAS-WAS,Atlanta vs Washington Winner?,2025-11-25,Atlanta Hawks,Washington Wizards,finalized,yes,4345307.0,0.0,1.0,,0.175,0.17,0.18,1764114300.0,1764114300.0,1,7:00p,113,132,1,19
KXNBAGAME-25NOV25ORLPHI,KXNBAGAME-25NOV25ORLPHI-PHI,Orlando vs Philadelphia Winner?,2025-11-25,Orlando Magic,Philadelphia 76ers,finalized,no,3313835.0,0.0,0.0,,0.375,0.37,0.38,1764117900.0,1764117900.0,0,8:00p,144,103,0,-41
KXNBAGAME-25NOV25LACLAL,KXNBAGAME-25NOV25LACLAL-LAL,Los Angeles C vs Los Angeles L Winner?,2025-11-25,Los Angeles Clippers,Los Angeles Lakers,finalized,yes,8316245.0,0.0,1.0,,0.705,0.7,0.71,1764128700.0,1764128700.0,1,11:00p,118,135,1,17
KXNBAGAME-25NOV26INDTOR,KXNBAGAME-25NOV26INDTOR-TOR,Indiana vs Toronto Winner?,2025-11-26,Indiana Pacers,Toronto Raptors,finalized,yes,3069381.0,0.0,1.0,,0.805,0.8,0.81,1764202500.0,1764202500.0,1,7:30p,95,97,1,2
KXNBAGAME-25NOV26DETBOS,KXNBAGAME-25NOV26DETBOS-BOS,Detroit vs Boston Winner?,2025-11-26,Detroit Pistons,Boston Celtics,finalized,yes,5199405.0,0.0,1.0,,0.445,0.44,0.45,1764193500.0,1764193500.0,1,5:00p,114,117,1,3
KXNBAGAME-25NOV26MINOKC,KXNBAGAME-25NOV26MINOKC-OKC,Minnesota vs Oklahoma City Winner?,2025-11-26,Minnesota Timberwolves,Oklahoma City Thunder,finalized,yes,4960316.0,0.0,1.0,,0.795,0.79,0.8,1764202500.0,1764202500.0,1,7:30p,105,113,1,8
KXNBAGAME-25NOV26MEMNOP,KXNBAGAME-25NOV26MEMNOP-NOP,Memphis vs New Orleans Winner?,2025-11-26,Memphis Grizzlies,New Orleans Pelicans,finalized,no,3467385.0,0.0,0.0,,0.405,0.4,0.41,1764204300.0,1764204300.0,0,8:00p,133,128,0,-5
KXNBAGAME-25NOV26PHXSAC,KXNBAGAME-25NOV26PHXSAC-SAC,Phoenix vs Sacramento Winner?,2025-11-26,Phoenix Suns,Sacramento Kings,finalized,no,1667330.0,0.0,0.0,,0.365,0.36,0.37,1764211500.0,1764211500.0,0,10:00p,112,100,0,-12
KXNBAGAME-25NOV26SASPOR,KXNBAGAME-25NOV26SASPOR-POR,San Antonio vs Portland Winner?,2025-11-26,San Antonio Spurs,Portland Trail Blazers,finalized,no,2403455.0,0.0,0.0,,0.505,0.5,0.51,1764211500.0,1764211500.0,0,10:00p,115,102,0,-13
KXNBAGAME-25NOV26HOUGSW,KXNBAGAME-25NOV26HOUGSW-GSW,Houston vs Golden State Winner?,2025-11-26,Houston Rockets,Golden State Warriors,finalized,no,7835814.0,0.0,0.0,,0.585,0.58,0.59,1764211500.0,1764211500.0,0,10:00p,104,100,0,-4
KXNBAGAME-25NOV26MILMIA,KXNBAGAME-25NOV26MILMIA-MIA,Milwaukee vs Miami Winner?,2025-11-26,Milwaukee Bucks,Miami Heat,finalized,yes,1474554.0,0.0,1.0,,0.795,0.79,0.8,1764202500.0,1764202500.0,1,7:30p,103,106,1,3
KXNBAGAME-25NOV26NYKCHA,KXNBAGAME-25NOV26NYKCHA-CHA,New York K vs Charlotte Winner?,2025-11-26,New York Knicks,Charlotte Hornets,finalized,no,602062.0,0.0,0.0,,0.295,0.29,0.3,1764200700.0,1764200700.0,0,7:00p,129,101,0,-28
KXNBAGAME-25NOV28PHIBKN,KXNBAGAME-25NOV28PHIBKN-BKN,Philadelphia vs Brooklyn Winner?,2025-11-28,Philadelphia 76ers,Brooklyn Nets,finalized,no,407496.0,0.0,0.0,,0.28500000000000003,0.28,0.29,1764375300.0,1764375300.0,0,7:30p,115,103,0,-12
KXNBAGAME-25NOV28ORLDET,KXNBAGAME-25NOV28ORLDET-DET,Orlando vs Detroit Winner?,2025-11-28,Orlando Magic,Detroit Pistons,finalized,no,4492940.0,0.0,0.0,,0.595,0.59,0.6,1764375300.0,1764375300.0,0,7:30p,112,109,0,-3
KXNBAGAME-25NOV28WASIND,KXNBAGAME-25NOV28WASIND-IND,Washington vs Indiana Winner?,2025-11-28,Washington Wizards,Indiana Pacers,finalized,yes,292584.0,0.0,1.0,,0.695,0.69,0.7,1764375300.0,1764375300.0,1,7:30p,86,119,1,33
KXNBAGAME-25NOV28CLEATL,KXNBAGAME-25NOV28CLEATL-ATL,Cleveland vs Atlanta Winner?,2025-11-28,Cleveland Cavaliers,Atlanta Hawks,finalized,yes,2064164.0,0.0,1.0,,0.305,0.3,0.31,1764375300.0,1764375300.0,1,7:30p,123,130,1,7
KXNBAGAME-25NOV28CHICHA,KXNBAGAME-25NOV28CHICHA-CHA,Chicago vs Charlotte Winner?,2025-11-28,Chicago Bulls,Charlotte Hornets,finalized,yes,1194716.0,0.0,1.0,,0.42,0.41,0.43,1764375300.0,1764375300.0,1,7:30p,116,123,1,7
KXNBAGAME-25NOV28MEMLAC,KXNBAGAME-25NOV28MEMLAC-LAC,Memphis vs Los Angeles C Winner?,2025-11-28,Memphis Grizzlies,Los Angeles Clippers,finalized,no,1666810.0,0.0,0.0,,0.705,0.7,0.71,1764384300.0,1764384300.0,0,10:00p,112,107,0,-5
KXNBAGAME-25NOV28PHXOKC,KXNBAGAME-25NOV28PHXOKC-OKC,Phoenix vs Oklahoma City Winner?,2025-11-28,Phoenix Suns,Oklahoma City Thunder,finalized,yes,1243564.0,0.0,1.0,,0.885,0.88,0.89,1764382500.0,1764382500.0,1,9:30p,119,123,1,4
KXNBAGAME-25NOV28DALLAL,KXNBAGAME-25NOV28DALLAL-LAL,Dallas vs Los Angeles L Winner?,2025-11-28,Dallas Mavericks,Los Angeles Lakers,finalized,yes,3331371.0,0.0,1.0,,0.795,0.79,0.8,1764384300.0,1764384300.0,1,10:00p,119,129,1,10
KXNBAGAME-25NOV28SACUTA,KXNBAGAME-25NOV28SACUTA-UTA,Sacramento vs Utah Winner?,2025-11-28,Sacramento Kings,Utah Jazz,finalized,yes,1088909.0,0.0,1.0,,0.555,0.55,0.56,1764382500.0,1764382500.0,1,9:30p,119,128,1,9
KXNBAGAME-25NOV28SASDEN,KXNBAGAME-25NOV28SASDEN-DEN,San Antonio vs Denver Winner?,2025-11-28,San Antonio Spurs,Denver Nuggets,finalized,no,2466812.0,0.0,0.0,,0.735,0.73,0.74,1764382500.0,1764382500.0,0,9:30p,139,136,0,-3
KXNBAGAME-25NOV28MILNYK,KXNBAGAME-25NOV28MILNYK-NYK,Milwaukee vs New York K Winner?,2025-11-28,Milwaukee Bucks,New York Knicks,finalized,yes,1828020.0,0.0,1.0,,0.715,0.71,0.72,1764375300.0,1764375300.0,1,7:30p,109,118,1,9
KXNBAGAME-25NOV29DALLAC,KXNBAGAME-25NOV29DALLAC-LAC,Dallas vs Los Angeles C Winner?,2025-11-29,Dallas Mavericks,Los Angeles Clippers,finalized,no,3010121.0,0.0,0.0,,0.765,0.76,0.77,1764470700.0,1764470700.0,0,10:00p,114,110,0,-4
KXNBAGAME-25NOV29DENPHX,KXNBAGAME-25NOV29DENPHX-PHX,Denver vs Phoenix Winner?,2025-11-29,Denver Nuggets,Phoenix Suns,finalized,no,1599983.0,0.0,0.0,,0.375,0.37,0.38,1764467100.0,1764467100.0,0,9:00p,130,112,0,-18
KXNBAGAME-25NOV29NOPGSW,KXNBAGAME-25NOV29NOPGSW-GSW,New Orleans vs Golden State Winner?,2025-11-29,New Orleans Pelicans,Golden State Warriors,finalized,yes,2029555.0,0.0,1.0,,0.785,0.78,0.79,1764465300.0,1764465300.0,1,8:30p,96,104,1,8
KXNBAGAME-25NOV29BKNMIL,KXNBAGAME-25NOV29BKNMIL-MIL,Brooklyn vs Milwaukee Winner?,2025-11-29,Brooklyn Nets,Milwaukee Bucks,finalized,yes,605980.0,0.0,1.0,,0.825,0.82,0.83,1764463500.0,1764463500.0,1,8:00p,99,116,1,17
KXNBAGAME-25NOV29TORCHA,KXNBAGAME-25NOV29TORCHA-CHA,Toronto vs Charlotte Winner?,2025-11-29,Toronto Raptors,Charlotte Hornets,finalized,yes,4765112.0,0.0,1.0,,0.265,0.26,0.27,1764456300.0,1764456300.0,1,6:00p,111,118,1,7
KXNBAGAME-25NOV29CHIIND,KXNBAGAME-25NOV29CHIIND-IND,Chicago vs Indiana Winner?,2025-11-29,Chicago Bulls,Indiana Pacers,finalized,yes,2595939.0,0.0,1.0,,0.415,0.41,0.42,1764461700.0,1764461700.0,1,7:30p,101,103,1,2
KXNBAGAME-25NOV29BOSMIN,KXNBAGAME-25NOV29BOSMIN-MIN,Boston vs Minnesota Winner?,2025-11-29,Boston Celtics,Minnesota Timberwolves,finalized,yes,2903635.0,0.0,1.0,,0.685,0.68,0.69,1764452700.0,1764452700.0,1,5:00p,115,119,1,4
KXNBAGAME-25NOV29DETMIA,KXNBAGAME-25NOV29DETMIA-MIA,Detroit vs Miami Winner?,2025-11-29,Detroit Pistons,Miami Heat,finalized,no,1791552.0,0.0,0.0,,0.605,0.6,0.61,1764463500.0,1764463500.0,0,8:00p,138,135,0,-3
KXNBAGAME-25NOV30HOUUTA,KXNBAGAME-25NOV30HOUUTA-UTA,Houston vs Utah Winner?,2025-11-30,Houston Rockets,Utah Jazz,finalized,no,839490.0,0.0,0.0,,0.175,0.17,0.18,1764531900.0,1764531900.0,0,3:00p,129,101,0,-28
KXNBAGAME-25NOV30SASMIN,KXNBAGAME-25NOV30SASMIN-MIN,San Antonio vs Minnesota Winner?,2025-11-30,San Antonio Spurs,Minnesota Timberwolves,finalized,yes,2537325.0,0.0,1.0,,0.64,0.63,0.65,1764546300.0,1764546300.0,1,7:00p,112,125,1,13
KXNBAGAME-25NOV30BOSCLE,KXNBAGAME-25NOV30BOSCLE-CLE,Boston vs Cleveland Winner?,2025-11-30,Boston Celtics,Cleveland Cavaliers,finalized,no,2269690.0,0.0,0.0,,0.705,0.7,0.71,1764542700.0,1764542700.0,0,6:00p,117,115,0,-2
KXNBAGAME-25NOV30TORNYK,KXNBAGAME-25NOV30TORNYK-NYK,Toronto vs New York K Winner?,2025-11-30,Toronto Raptors,New York Knicks,finalized,yes,1777904.0,0.0,1.0,,0.745,0.74,0.75,1764542700.0,1764542700.0,1,6:00p,94,116,1,22
KXNBAGAME-25NOV30ATLPHI,KXNBAGAME-25NOV30ATLPHI-PHI,Atlanta vs Philadelphia Winner?,2025-11-30,Atlanta Hawks,Philadelphia 76ers,finalized,no,4715576.0,0.0,0.0,,0.575,0.57,0.58,1764542700.0,1764542700.0,0,6:00p,142,134,0,-8
KXNBAGAME-25NOV30MEMSAC,KXNBAGAME-25NOV30MEMSAC-SAC,Memphis vs Sacramento Winner?,2025-11-30,Memphis Grizzlies,Sacramento Kings,finalized,no,3451706.0,0.0,0.0,,0.43,0.42,0.44,1764553500.0,1764553500.0,0,9:00p,115,107,0,-8
KXNBAGAME-25NOV30NOPLAL,KXNBAGAME-25NOV30NOPLAL-LAL,New Orleans vs Los Angeles L Winner?,2025-11-30,New Orleans Pelicans,Los Angeles Lakers,finalized,yes,769065.0,0.0,1.0,,0.915,0.91,0.92,1764555300.0,1764555300.0,1,9:30p,121,133,1,12
KXNBAGAME-25NOV30OKCPOR,KXNBAGAME-25NOV30OKCPOR-POR,Oklahoma City vs Portland Winner?,2025-11-30,Oklahoma City Thunder,Portland Trail Blazers,finalized,no,2783053.0,0.0,0.0,,0.155,0.15,0.16,1764542700.0,1764542700.0,0,6:00p,123,115,0,-8
KXNBAGAME-25DEC01MILWAS,KXNBAGAME-25DEC01MILWAS-WAS,Milwaukee vs Washington Winner?,2025-12-01,Milwaukee Bucks,Washington Wizards,finalized,yes,1898581.0,0.0,1.0,,0.2,0.19,0.21,1764632700.0,1764632700.0,1,7:00p,126,129,1,3
KXNBAGAME-25DEC01CLEIND,KXNBAGAME-25DEC01CLEIND-IND,Cleveland vs Indiana Winner?,2025-12-01,Cleveland Cavaliers,Indiana Pacers,finalized,no,1125739.0,0.0,0.0,,0.365,0.36,0.37,1764632700.0,1764632700.0,0,7:00p,135,119,0,-16
KXNBAGAME-25DEC01ATLDET,KXNBAGAME-25DEC01ATLDET-DET,Atlanta vs Detroit Winner?,2025-12-01,Atlanta Hawks,Detroit Pistons,finalized,yes,1944768.0,0.0,1.0,,0.785,0.78,0.79,1764632700.0,1764632700.0,1,7:00p,98,99,1,1
KXNBAGAME-25DEC01LACMIA,KXNBAGAME-25DEC01LACMIA-MIA,Los Angeles C vs Miami Winner?,2025-12-01,Los Angeles Clippers,Miami Heat,finalized,yes,796427.0,0.0,1.0,,0.695,0.69,0.7,1764634500.0,1764634500.0,1,7:30p,123,140,1,17
KXNBAGAME-25DEC01CHIORL,KXNBAGAME-25DEC01CHIORL-ORL,Chicago vs Orlando Winner?,2025-12-01,Chicago Bulls,Orlando Magic,finalized,yes,2744201.0,0.0,1.0,,0.765,0.76,0.77,1764634500.0,1764634500.0,1,7:30p,120,125,1,5
KXNBAGAME-25DEC01HOUUTA,KXNBAGAME-25DEC01HOUUTA-UTA,Houston vs Utah Winner?,2025-12-01,Houston Rockets,Utah Jazz,finalized,yes,5883954.0,0.0,1.0,,0.165,0.16,0.17,1764639900.0,1764639900.0,1,9:00p,125,133,1,8
KXNBAGAME-25DEC01DALDEN,KXNBAGAME-25DEC01DALDEN-DEN,Dallas vs Denver Winner?,2025-12-01,Dallas Mavericks,Denver Nuggets,finalized,no,2440597.0,0.0,0.0,,0.825,0.82,0.83,1764639900.0,1764639900.0,0,9:00p,131,121,0,-10
KXNBAGAME-25DEC01PHXLAL,KXNBAGAME-25DEC01PHXLAL-LAL,Phoenix vs Los Angeles L Winner?,2025-12-01,Phoenix Suns,Los Angeles Lakers,finalized,no,6599383.0,0.0,0.0,,0.675,0.67,0.68,1764643500.0,1764643500.0,0,10:00p,125,108,0,-17
KXNBAGAME-25DEC01CHABKN,KXNBAGAME-25DEC01CHABKN-BKN,Charlotte vs Brooklyn Winner?,2025-12-01,Charlotte Hornets,Brooklyn Nets,finalized,yes,1955103.0,0.0,1.0,,0.375,0.37,0.38,1764634500.0,1764634500.0,1,7:30p,103,116,1,13
KXNBAGAME-25DEC02MINNOP,KXNBAGAME-25DEC02MINNOP-NOP,Minnesota vs New Orleans Winner?,2025-12-02,Minnesota Timberwolves,New Orleans Pelicans,finalized,no,4328719.0,0.0,0.0,,0.14500000000000002,0.14,0.15,1764722700.0,1764722700.0,0,8:00p,149,142,0,-7
KXNBAGAME-25DEC02NYKBOS,KXNBAGAME-25DEC02NYKBOS-BOS,New York K vs Boston Winner?,2025-12-02,New York Knicks,Boston Celtics,finalized,yes,4477280.0,0.0,1.0,,0.475,0.47,0.48,1764722700.0,1764722700.0,1,8:00p,117,123,1,6
KXNBAGAME-25DEC02MEMSAS,KXNBAGAME-25DEC02MEMSAS-SAS,Memphis vs San Antonio Winner?,2025-12-02,Memphis Grizzlies,San Antonio Spurs,finalized,yes,2242920.0,0.0,1.0,,0.645,0.64,0.65,1764722700.0,1764722700.0,1,8:00p,119,126,1,7
KXNBAGAME-25DEC02WASPHI,KXNBAGAME-25DEC02WASPHI-PHI,Washington vs Philadelphia Winner?,2025-12-02,Washington Wizards,Philadelphia 76ers,finalized,yes,1272790.0,0.0,1.0,,0.865,0.86,0.87,1764719100.0,1764719100.0,1,7:00p,102,121,1,19
KXNBAGAME-25DEC02OKCGSW,KXNBAGAME-25DEC02OKCGSW-GSW,Oklahoma City vs Golden State Winner?,2025-12-02,Oklahoma City Thunder,Golden State Warriors,finalized,no,8416770.0,0.0,0.0,,0.185,0.18,0.19,1764733500.0,1764733500.0,0,11:00p,124,112,0,-12
KXNBAGAME-25DEC02PORTOR,KXNBAGAME-25DEC02PORTOR-TOR,Portland vs Toronto Winner?,2025-12-02,Portland Trail Blazers,Toronto Raptors,finalized,yes,3477012.0,0.0,1.0,,0.655,0.65,0.66,1764720900.0,1764720900.0,1,7:30p,118,121,1,3
KXNBAGAME-25DEC03CHANYK,KXNBAGAME-25DEC03CHANYK-NYK,Charlotte vs New York K Winner?,2025-12-03,Charlotte Hornets,New York Knicks,finalized,yes,1517609.0,0.0,1.0,,0.785,0.78,0.79,1764807300.0,1764807300.0,1,7:30p,104,119,1,15
KXNBAGAME-25DEC03DENIND,KXNBAGAME-25DEC03DENIND-IND,Denver vs Indiana Winner?,2025-12-03,Denver Nuggets,Indiana Pacers,finalized,no,1003505.0,0.0,0.0,,0.25,0.24,0.26,1764805500.0,1764805500.0,0,7:00p,135,120,0,-15
KXNBAGAME-25DEC03SASORL,KXNBAGAME-25DEC03SASORL-ORL,San Antonio vs Orlando Winner?,2025-12-03,San Antonio Spurs,Orlando Magic,finalized,no,2734240.0,0.0,0.0,,0.74,0.73,0.75,1764805500.0,1764805500.0,0,7:00p,114,112,0,-2
KXNBAGAME-25DEC03LACATL,KXNBAGAME-25DEC03LACATL-ATL,Los Angeles C vs Atlanta Winner?,2025-12-03,Los Angeles Clippers,Atlanta Hawks,finalized,no,2969161.0,0.0,0.0,,0.545,0.54,0.55,1764807300.0,1764807300.0,0,7:30p,115,92,0,-23
KXNBAGAME-25DEC03PORCLE,KXNBAGAME-25DEC03PORCLE-CLE,Portland vs Cleveland Winner?,2025-12-03,Portland Trail Blazers,Cleveland Cavaliers,finalized,no,2462013.0,0.0,0.0,,0.81,0.8,0.82,1764805500.0,1764805500.0,0,7:00p,122,110,0,-12
KXNBAGAME-25DEC03BKNCHI,KXNBAGAME-25DEC03BKNCHI-CHI,Brooklyn vs Chicago Winner?,2025-12-03,Brooklyn Nets,Chicago Bulls,finalized,no,2272401.0,0.0,0.0,,0.745,0.74,0.75,1764809100.0,1764809100.0,0,8:00p,113,103,0,-10
KXNBAGAME-25DEC03SACHOU,KXNBAGAME-25DEC03SACHOU-HOU,Sacramento vs Houston Winner?,2025-12-03,Sacramento Kings,Houston Rockets,finalized,yes,646262.0,0.0,1.0,,0.895,0.89,0.9,1764809100.0,1764809100.0,1,8:00p,95,121,1,26
KXNBAGAME-25DEC03DETMIL,KXNBAGAME-25DEC03DETMIL-MIL,Detroit vs Milwaukee Winner?,2025-12-03,Detroit Pistons,Milwaukee Bucks,finalized,yes,4886237.0,0.0,1.0,,0.365,0.36,0.37,1764809100.0,1764809100.0,1,8:00p,109,113,1,4
KXNBAGAME-25DEC03MIADAL,KXNBAGAME-25DEC03MIADAL-DAL,Miami vs Dallas Winner?,2025-12-03,Miami Heat,Dallas Mavericks,finalized,yes,3844848.0,0.0,1.0,,0.375,0.37,0.38,1764810900.0,1764810900.0,1,8:30p,108,118,1,10
KXNBAGAME-25DEC04BOSWAS,KXNBAGAME-25DEC04BOSWAS-WAS,Boston vs Washington Winner?,2025-12-04,Boston Celtics,Washington Wizards,finalized,no,2063201.0,0.0,0.0,,0.185,0.18,0.19,1764891900.0,1764891900.0,0,7:00p,146,101,0,-45
KXNBAGAME-25DEC04LALTOR,KXNBAGAME-25DEC04LALTOR-TOR,Los Angeles L vs Toronto Winner?,2025-12-04,Los Angeles Lakers,Toronto Raptors,finalized,no,2966122.0,0.0,0.0,,0.565,0.56,0.57,1764893700.0,1764893700.0,0,7:30p,123,120,0,-3
KXNBAGAME-25DEC04GSWPHI,KXNBAGAME-25DEC04GSWPHI-PHI,Golden State vs Philadelphia Winner?,2025-12-04,Golden State Warriors,Philadelphia 76ers,finalized,yes,4488357.0,0.0,1.0,,0.625,0.62,0.63,1764891900.0,1764891900.0,1,7:00p,98,99,1,1
KXNBAGAME-25DEC04UTABKN,KXNBAGAME-25DEC04UTABKN-BKN,Utah vs Brooklyn Winner?,2025-12-04,Utah Jazz,Brooklyn Nets,finalized,no,2594523.0,0.0,0.0,,0.365,0.36,0.37,1764893700.0,1764893700.0,0,7:30p,123,110,0,-13
KXNBAGAME-25DEC04MINNOP,KXNBAGAME-25DEC04MINNOP-NOP,Minnesota vs New Orleans Winner?,2025-12-04,Minnesota Timberwolves,New Orleans Pelicans,finalized,no,2521822.0,0.0,0.0,,0.165,0.16,0.17,1764895500.0,1764895500.0,0,8:00p,125,116,0,-9
KXNBAGAME-25DEC05UTANYK,KXNBAGAME-25DEC05UTANYK-NYK,Utah vs New York K Winner?,2025-12-05,Utah Jazz,New York Knicks,finalized,yes,439194.0,0.0,1.0,,0.895,0.89,0.9,1764980100.0,1764980100.0,1,7:30p,112,146,1,34
KXNBAGAME-25DEC05MIAORL,KXNBAGAME-25DEC05MIAORL-ORL,Miami vs Orlando Winner?,2025-12-05,Miami Heat,Orlando Magic,finalized,yes,1820674.0,0.0,1.0,,0.675,0.67,0.68,1764978300.0,1764978300.0,1,7:00p,105,106,1,1
KXNBAGAME-25DEC05CHATOR,KXNBAGAME-25DEC05CHATOR-TOR,Charlotte vs Toronto Winner?,2025-12-05,Charlotte Hornets,Toronto Raptors,finalized,no,1945481.0,0.0,0.0,,0.715,0.71,0.72,1764980100.0,1764980100.0,0,7:30p,111,86,0,-25
KXNBAGAME-25DEC05PORDET,KXNBAGAME-25DEC05PORDET-DET,Portland vs Detroit Winner?,2025-12-05,Portland Trail Blazers,Detroit Pistons,finalized,yes,2725885.0,0.0,1.0,,0.755,0.75,0.76,1764980100.0,1764980100.0,1,7:30p,116,122,1,6
KXNBAGAME-25DEC05LALBOS,KXNBAGAME-25DEC05LALBOS-BOS,Los Angeles L vs Boston Winner?,2025-12-05,Los Angeles Lakers,Boston Celtics,finalized,yes,1643221.0,0.0,1.0,,0.745,0.74,0.75,1764978300.0,1764978300.0,1,7:00p,105,126,1,21
KXNBAGAME-25DEC05SASCLE,KXNBAGAME-25DEC05SASCLE-CLE,San Antonio vs Cleveland Winner?,2025-12-05,San Antonio Spurs,Cleveland Cavaliers,finalized,yes,969566.0,0.0,1.0,,0.635,0.63,0.64,1764980100.0,1764980100.0,1,7:30p,117,130,1,13
KXNBAGAME-25DEC05PHXHOU,KXNBAGAME-25DEC05PHXHOU-HOU,Phoenix vs Houston Winner?,2025-12-05,Phoenix Suns,Houston Rockets,finalized,yes,630630.0,0.0,1.0,,0.785,0.78,0.79,1764981900.0,1764981900.0,1,8:00p,98,117,1,19
KXNBAGAME-25DEC05INDCHI,KXNBAGAME-25DEC05INDCHI-CHI,Indiana vs Chicago Winner?,2025-12-05,Indiana Pacers,Chicago Bulls,finalized,no,1098439.0,0.0,0.0,,0.645,0.64,0.65,1764981900.0,1764981900.0,0,8:00p,120,105,0,-15
KXNBAGAME-25DEC05LACMEM,KXNBAGAME-25DEC05LACMEM-MEM,Los Angeles C vs Memphis Winner?,2025-12-05,Los Angeles Clippers,Memphis Grizzlies,finalized,yes,1085827.0,0.0,1.0,,0.455,0.45,0.46,1764981900.0,1764981900.0,1,8:00p,98,107,1,9
KXNBAGAME-25DEC05PHIMIL,KXNBAGAME-25DEC05PHIMIL-MIL,Philadelphia vs Milwaukee Winner?,2025-12-05,Philadelphia 76ers,Milwaukee Bucks,finalized,no,554023.0,0.0,0.0,,0.475,0.47,0.48,1764981900.0,1764981900.0,0,8:00p,116,101,0,-15
KXNBAGAME-25DEC05DENATL,KXNBAGAME-25DEC05DENATL-ATL,Denver vs Atlanta Winner?,2025-12-05,Denver Nuggets,Atlanta Hawks,finalized,no,2741481.0,0.0,0.0,,0.415,0.41,0.42,1764980100.0,1764980100.0,0,7:30p,134,133,0,-1
KXNBAGAME-25DEC05DALOKC,KXNBAGAME-25DEC05DALOKC-OKC,Dallas vs Oklahoma City Winner?,2025-12-05,Dallas Mavericks,Oklahoma City Thunder,finalized,yes,1953869.0,0.0,1.0,,0.885,0.88,0.89,1764987300.0,1764987300.0,1,9:30p,111,132,1,21
KXNBAGAME-25DEC06LACMIN,KXNBAGAME-25DEC06LACMIN-MIN,Los Angeles C vs Minnesota Winner?,2025-12-06,Los Angeles Clippers,Minnesota Timberwolves,finalized,yes,3291157.0,0.0,1.0,,0.765,0.76,0.77,1765068300.0,1765068300.0,1,8:00p,106,109,1,3
KXNBAGAME-25DEC06ATLWAS,KXNBAGAME-25DEC06ATLWAS-WAS,Atlanta vs Washington Winner?,2025-12-06,Atlanta Hawks,Washington Wizards,finalized,no,1339083.0,0.0,0.0,,0.20500000000000002,0.2,0.21,1765064700.0,1765064700.0,0,7:00p,131,116,0,-15
KXNBAGAME-25DEC06NOPBKN,KXNBAGAME-25DEC06NOPBKN-BKN,New Orleans vs Brooklyn Winner?,2025-12-06,New Orleans Pelicans,Brooklyn Nets,finalized,yes,1689940.0,0.0,1.0,,0.615,0.61,0.62,1765057500.0,1765057500.0,1,5:00p,101,119,1,18
KXNBAGAME-25DEC06GSWCLE,KXNBAGAME-25DEC06GSWCLE-CLE,Golden State vs Cleveland Winner?,2025-12-06,Golden State Warriors,Cleveland Cavaliers,finalized,no,3145733.0,0.0,0.0,,0.765,0.76,0.77,1765066500.0,1765066500.0,0,7:30p,99,94,0,-5
KXNBAGAME-25DEC06HOUDAL,KXNBAGAME-25DEC06HOUDAL-DAL,Houston vs Dallas Winner?,2025-12-06,Houston Rockets,Dallas Mavericks,finalized,yes,1315956.0,0.0,1.0,,0.295,0.29,0.3,1765070100.0,1765070100.0,1,8:30p,109,122,1,13
KXNBAGAME-25DEC06SACMIA,KXNBAGAME-25DEC06SACMIA-MIA,Sacramento vs Miami Winner?,2025-12-06,Sacramento Kings,Miami Heat,finalized,no,984853.0,0.0,0.0,,0.765,0.76,0.77,1765068300.0,1765068300.0,0,8:00p,127,111,0,-16
KXNBAGAME-25DEC06MILDET,KXNBAGAME-25DEC06MILDET-DET,Milwaukee vs Detroit Winner?,2025-12-06,Milwaukee Bucks,Detroit Pistons,finalized,yes,641025.0,0.0,1.0,,0.845,0.84,0.85,1765066500.0,1765066500.0,1,7:30p,112,124,1,12
KXNBAGAME-25DEC07PORMEM,KXNBAGAME-25DEC07PORMEM-MEM,Portland vs Memphis Winner?,2025-12-07,Portland Trail Blazers,Memphis Grizzlies,finalized,yes,1788495.0,0.0,1.0,,0.555,0.55,0.56,1765147500.0,1765147500.0,1,6:00p,96,119,1,23
KXNBAGAME-25DEC07LALPHI,KXNBAGAME-25DEC07LALPHI-PHI,Los Angeles L vs Philadelphia Winner?,2025-12-07,Los Angeles Lakers,Philadelphia 76ers,finalized,no,3693716.0,0.0,0.0,,0.43,0.42,0.44,1765152900.0,1765152900.0,0,7:30p,112,108,0,-4
KXNBAGAME-25DEC07GSWCHI,KXNBAGAME-25DEC07GSWCHI-CHI,Golden State vs Chicago Winner?,2025-12-07,Golden State Warriors,Chicago Bulls,finalized,no,1309656.0,0.0,0.0,,0.485,0.48,0.49,1765151100.0,1765151100.0,0,7:00p,123,91,0,-32
KXNBAGAME-25DEC07OKCUTA,KXNBAGAME-25DEC07OKCUTA-UTA,Oklahoma City vs Utah Winner?,2025-12-07,Oklahoma City Thunder,Utah Jazz,finalized,no,851068.0,0.0,0.0,,0.18,0.17,0.19,1765154700.0,1765154700.0,0,8:00p,131,101,0,-30
KXNBAGAME-25DEC07DENCHA,KXNBAGAME-25DEC07DENCHA-CHA,Denver vs Charlotte Winner?,2025-12-07,Denver Nuggets,Charlotte Hornets,finalized,no,1591418.0,0.0,0.0,,0.185,0.18,0.19,1765147500.0,1765147500.0,0,6:00p,115,106,0,-9
KXNBAGAME-25DEC07BOSTOR,KXNBAGAME-25DEC07BOSTOR-TOR,Boston vs Toronto Winner?,2025-12-07,Boston Celtics,Toronto Raptors,finalized,no,2173078.0,0.0,0.0,,0.425,0.42,0.43,1765138500.0,1765138500.0,0,3:30p,121,113,0,-8
KXNBAGAME-25DEC07ORLNYK,KXNBAGAME-25DEC07ORLNYK-NYK,Orlando vs New York K Winner?,2025-12-07,Orlando Magic,New York Knicks,finalized,yes,3243242.0,0.0,1.0,,0.535,0.53,0.54,1765125900.0,1765125900.0,1,12:00p,100,106,1,6
KXNBAGAME-25DEC08PHXMIN,KXNBAGAME-25DEC08PHXMIN-MIN,Phoenix vs Minnesota Winner?,2025-12-08,Phoenix Suns,Minnesota Timberwolves,finalized,no,5051202.0,0.0,0.0,,0.775,0.77,0.78,1765239300.0,1765239300.0,0,7:30p,108,105,0,-3
KXNBAGAME-25DEC08SASNOP,KXNBAGAME-25DEC08SASNOP-NOP,San Antonio vs New Orleans Winner?,2025-12-08,San Antonio Spurs,New Orleans Pelicans,finalized,no,2894447.0,0.0,0.0,,0.215,0.21,0.22,1765241100.0,1765241100.0,0,8:00p,135,132,0,-3
KXNBAGAME-25DEC08SACIND,KXNBAGAME-25DEC08SACIND-IND,Sacramento vs Indiana Winner?,2025-12-08,Sacramento Kings,Indiana Pacers,finalized,yes,3768144.0,0.0,1.0,,0.605,0.6,0.61,1765237500.0,1765237500.0,1,7:00p,105,116,1,11
KXNBAGAME-25DEC09MIAORL,KXNBAGAME-25DEC09MIAORL-ORL,Miami vs Orlando Winner?,2025-12-09,Miami Heat,Orlando Magic,finalized,yes,7773231.0,0.0,1.0,,0.515,0.51,0.52,1765320300.0,1765320300.0,1,6:00p,108,117,1,9
KXNBAGAME-25DEC09NYKTOR,KXNBAGAME-25DEC09NYKTOR-TOR,New York K vs Toronto Winner?,2025-12-09,New York Knicks,Toronto Raptors,finalized,no,6501035.0,0.0,0.0,,0.305,0.3,0.31,1765329300.0,1765329300.0,0,8:30p,117,101,0,-16
KXNBAGAME-25DEC10PHXOKC,KXNBAGAME-25DEC10PHXOKC-OKC,Phoenix vs Oklahoma City Winner?,2025-12-10,Phoenix Suns,Oklahoma City Thunder,finalized,yes,2706383.0,0.0,1.0,,0.895,0.89,0.9,1765412100.0,1765412100.0,1,7:30p,89,138,1,49
KXNBAGAME-25DEC10SASLAL,KXNBAGAME-25DEC10SASLAL-LAL,San Antonio vs Los Angeles L Winner?,2025-12-10,San Antonio Spurs,Los Angeles Lakers,finalized,no,13405258.0,0.0,0.0,,0.725,0.72,0.73,1765421100.0,1765421100.0,0,10:00p,132,119,0,-13
KXNBAGAME-25DEC11LACHOU,KXNBAGAME-25DEC11LACHOU-HOU,Los Angeles C vs Houston Winner?,2025-12-11,Los Angeles Clippers,Houston Rockets,finalized,yes,4414917.0,0.0,1.0,,0.775,0.77,0.78,1765500300.0,1765500300.0,1,8:00p,113,115,1,2
KXNBAGAME-25DEC11DENSAC,KXNBAGAME-25DEC11DENSAC-SAC,Denver vs Sacramento Winner?,2025-12-11,Denver Nuggets,Sacramento Kings,finalized,no,1616777.0,0.0,0.0,,0.185,0.18,0.19,1765507500.0,1765507500.0,0,10:00p,136,105,0,-31
KXNBAGAME-25DEC11BOSMIL,KXNBAGAME-25DEC11BOSMIL-MIL,Boston vs Milwaukee Winner?,2025-12-11,Boston Celtics,Milwaukee Bucks,finalized,yes,2158364.0,0.0,1.0,,0.21000000000000002,0.2,0.22,1765500300.0,1765500300.0,1,8:00p,101,116,1,15
KXNBAGAME-25DEC11PORNOP,KXNBAGAME-25DEC11PORNOP-NOP,Portland vs New Orleans Winner?,2025-12-11,Portland Trail Blazers,New Orleans Pelicans,finalized,yes,1934968.0,0.0,1.0,,0.395,0.39,0.4,1765500300.0,1765500300.0,1,8:00p,120,143,1,23
KXNBAGAME-25DEC12CLEWAS,KXNBAGAME-25DEC12CLEWAS-WAS,Cleveland vs Washington Winner?,2025-12-12,Cleveland Cavaliers,Washington Wizards,finalized,no,6636388.0,0.0,0.0,,0.10500000000000001,0.1,0.11,1765583100.0,1765583100.0,0,7:00p,130,126,0,-4
KXNBAGAME-25DEC12MINGSW,KXNBAGAME-25DEC12MINGSW-GSW,Minnesota vs Golden State Winner?,2025-12-12,Minnesota Timberwolves,Golden State Warriors,finalized,no,9376182.0,0.0,0.0,,0.625,0.62,0.63,1765593900.0,1765593900.0,0,10:00p,127,120,0,-7
KXNBAGAME-25DEC12BKNDAL,KXNBAGAME-25DEC12BKNDAL-DAL,Brooklyn vs Dallas Winner?,2025-12-12,Brooklyn Nets,Dallas Mavericks,finalized,yes,3296127.0,0.0,1.0,,0.735,0.73,0.74,1765588500.0,1765588500.0,1,8:30p,111,119,1,8
KXNBAGAME-25DEC12INDPHI,KXNBAGAME-25DEC12INDPHI-PHI,Indiana vs Philadelphia Winner?,2025-12-12,Indiana Pacers,Philadelphia 76ers,finalized,yes,3754763.0,0.0,1.0,,0.675,0.67,0.68,1765583100.0,1765583100.0,1,7:00p,105,115,1,10
KXNBAGAME-25DEC12ATLDET,KXNBAGAME-25DEC12ATLDET-DET,Atlanta vs Detroit Winner?,2025-12-12,Atlanta Hawks,Detroit Pistons,finalized,yes,1745314.0,0.0,1.0,,0.715,0.71,0.72,1765583100.0,1765583100.0,1,7:00p,115,142,1,27
KXNBAGAME-25DEC12UTAMEM,KXNBAGAME-25DEC12UTAMEM-MEM,Utah vs Memphis Winner?,2025-12-12,Utah Jazz,Memphis Grizzlies,finalized,no,3496848.0,0.0,0.0,,0.705,0.7,0.71,1765586700.0,1765586700.0,0,8:00p,130,126,0,-4
KXNBAGAME-25DEC12CHICHA,KXNBAGAME-25DEC12CHICHA-CHA,Chicago vs Charlotte Winner?,2025-12-12,Chicago Bulls,Charlotte Hornets,finalized,no,3487929.0,0.0,0.0,,0.43,0.42,0.44,1765583100.0,1765583100.0,0,7:00p,129,126,0,-3
KXNBAGAME-25DEC13NYKORL,KXNBAGAME-25DEC13NYKORL-ORL,New York K vs Orlando Winner?,2025-12-13,New York Knicks,Orlando Magic,finalized,no,5746193.0,0.0,0.0,,0.375,0.37,0.38,1765664100.0,1765664100.0,0,5:30p,132,120,0,-12
KXNBAGAME-25DEC13SASOKC,KXNBAGAME-25DEC13SASOKC-OKC,San Antonio vs Oklahoma City Winner?,2025-12-13,San Antonio Spurs,Oklahoma City Thunder,finalized,no,11041892.0,0.0,0.0,,0.815,0.81,0.82,1765676700.0,1765676700.0,0,9:00p,111,109,0,-2
KXNBAGAME-25DEC14NOPCHI,KXNBAGAME-25DEC14NOPCHI-CHI,New Orleans vs Chicago Winner?,2025-12-14,New Orleans Pelicans,Chicago Bulls,finalized,no,2450832.0,0.0,0.0,,0.615,0.61,0.62,1765755900.0,1765755900.0,0,7:00p,114,104,0,-10
KXNBAGAME-25DEC14MILBKN,KXNBAGAME-25DEC14MILBKN-BKN,Milwaukee vs Brooklyn Winner?,2025-12-14,Milwaukee Bucks,Brooklyn Nets,finalized,yes,804350.0,0.0,1.0,,0.475,0.47,0.48,1765752300.0,1765752300.0,1,6:00p,82,127,1,45
KXNBAGAME-25DEC14GSWPOR,KXNBAGAME-25DEC14GSWPOR-POR,Golden State vs Portland Winner?,2025-12-14,Golden State Warriors,Portland Trail Blazers,finalized,yes,4290198.0,0.0,1.0,,0.355,0.35,0.36,1765763100.0,1765763100.0,1,9:00p,131,136,1,5
KXNBAGAME-25DEC14LALPHX,KXNBAGAME-25DEC14LALPHX-PHX,Los Angeles L vs Phoenix Winner?,2025-12-14,Los Angeles Lakers,Phoenix Suns,finalized,no,3778336.0,0.0,0.0,,0.525,0.52,0.53,1765759500.0,1765759500.0,0,8:00p,116,114,0,-2
KXNBAGAME-25DEC14PHIATL,KXNBAGAME-25DEC14PHIATL-ATL,Philadelphia vs Atlanta Winner?,2025-12-14,Philadelphia 76ers,Atlanta Hawks,finalized,yes,2105108.0,0.0,1.0,,0.61,0.6,0.62,1765752300.0,1765752300.0,1,6:00p,117,120,1,3
KXNBAGAME-25DEC14WASIND,KXNBAGAME-25DEC14WASIND-IND,Washington vs Indiana Winner?,2025-12-14,Washington Wizards,Indiana Pacers,finalized,no,1237464.0,0.0,0.0,,0.775,0.77,0.78,1765741500.0,1765741500.0,0,3:00p,108,89,0,-19
KXNBAGAME-25DEC14CHACLE,KXNBAGAME-25DEC14CHACLE-CLE,Charlotte vs Cleveland Winner?,2025-12-14,Charlotte Hornets,Cleveland Cavaliers,finalized,no,2521404.0,0.0,0.0,,0.835,0.83,0.84,1765743300.0,1765743300.0,0,3:30p,119,111,0,-8
KXNBAGAME-25DEC14SACMIN,KXNBAGAME-25DEC14SACMIN-MIN,Sacramento vs Minnesota Winner?,2025-12-14,Sacramento Kings,Minnesota Timberwolves,finalized,yes,1582167.0,0.0,1.0,,0.805,0.8,0.81,1765755900.0,1765755900.0,1,7:00p,103,117,1,14
KXNBAGAME-25DEC15HOUDEN,KXNBAGAME-25DEC15HOUDEN-DEN,Houston vs Denver Winner?,2025-12-15,Houston Rockets,Denver Nuggets,finalized,yes,7795625.0,0.0,1.0,,0.485,0.48,0.49,1765851300.0,1765851300.0,1,9:30p,125,128,1,3
KXNBAGAME-25DEC15MEMLAC,KXNBAGAME-25DEC15MEMLAC-LAC,Memphis vs Los Angeles C Winner?,2025-12-15,Memphis Grizzlies,Los Angeles Clippers,finalized,no,3213576.0,0.0,0.0,,0.65,0.64,0.66,1765854900.0,1765854900.0,0,10:30p,121,103,0,-18
KXNBAGAME-25DEC15DETBOS,KXNBAGAME-25DEC15DETBOS-BOS,Detroit vs Boston Winner?,2025-12-15,Detroit Pistons,Boston Celtics,finalized,no,4385662.0,0.0,0.0,,0.525,0.52,0.53,1765842300.0,1765842300.0,0,7:00p,112,105,0,-7
KXNBAGAME-25DEC15TORMIA,KXNBAGAME-25DEC15TORMIA-MIA,Toronto vs Miami Winner?,2025-12-15,Toronto Raptors,Miami Heat,finalized,no,1536900.0,0.0,0.0,,0.635,0.63,0.64,1765844100.0,1765844100.0,0,7:30p,106,96,0,-10
KXNBAGAME-25DEC15DALUTA,KXNBAGAME-25DEC15DALUTA-UTA,Dallas vs Utah Winner?,2025-12-15,Dallas Mavericks,Utah Jazz,finalized,yes,6213627.0,0.0,1.0,,0.485,0.48,0.49,1765849500.0,1765849500.0,1,9:00p,133,140,1,7
KXNBAGAME-25DEC17CLECHI,KXNBAGAME-25DEC17CLECHI-CHI,Cleveland vs Chicago Winner?,2025-12-17,Cleveland Cavaliers,Chicago Bulls,finalized,yes,3405409.0,0.0,1.0,,0.345,0.34,0.35,1766018700.0,1766018700.0,1,8:00p,111,127,1,16
KXNBAGAME-25DEC17MEMMIN,KXNBAGAME-25DEC17MEMMIN-MIN,Memphis vs Minnesota Winner?,2025-12-17,Memphis Grizzlies,Minnesota Timberwolves,finalized,no,4544538.0,0.0,0.0,,0.705,0.7,0.71,1766018700.0,1766018700.0,0,8:00p,116,110,0,-6
KXNBAGAME-25DEC18NYKIND,KXNBAGAME-25DEC18NYKIND-IND,New York vs Indiana Winner?,2025-12-18,New York Knicks,Indiana Pacers,finalized,no,3132291.0,0.0,0.0,,0.375,0.37,0.38,1766101500.0,1766101500.0,0,7:00p,114,113,0,-1
KXNBAGAME-25DEC18HOUNOP,KXNBAGAME-25DEC18HOUNOP-NOP,Houston vs New Orleans Winner?,2025-12-18,Houston Rockets,New Orleans Pelicans,finalized,yes,1776865.0,0.0,1.0,,0.22,0.21,0.23,1766105100.0,1766105100.0,1,8:00p,128,133,1,5
KXNBAGAME-25DEC18ATLCHA,KXNBAGAME-25DEC18ATLCHA-CHA,Atlanta vs Charlotte Winner?,2025-12-18,Atlanta Hawks,Charlotte Hornets,finalized,yes,2526930.0,0.0,1.0,,0.375,0.37,0.38,1766101500.0,1766101500.0,1,7:00p,126,133,1,7
KXNBAGAME-25DEC18LACOKC,KXNBAGAME-25DEC18LACOKC-OKC,Los Angeles C vs Oklahoma City Winner?,2025-12-18,Los Angeles Clippers,Oklahoma City Thunder,finalized,yes,952863.0,0.0,1.0,,0.915,0.91,0.92,1766105100.0,1766105100.0,1,8:00p,101,122,1,21
KXNBAGAME-25DEC18WASSAS,KXNBAGAME-25DEC18WASSAS-SAS,Washington vs San Antonio Winner?,2025-12-18,Washington Wizards,San Antonio Spurs,finalized,yes,305891.0,0.0,1.0,,0.895,0.89,0.9,1766105100.0,1766105040.0,1,8:00p,94,119,1,25
KXNBAGAME-25DEC18MIABKN,KXNBAGAME-25DEC18MIABKN-BKN,Miami vs Brooklyn Winner?,2025-12-18,Miami Heat,Brooklyn Nets,finalized,no,1903885.0,0.0,0.0,,0.28500000000000003,0.28,0.29,1766103300.0,1766103300.0,0,7:30p,106,95,0,-11
KXNBAGAME-25DEC18DETDAL,KXNBAGAME-25DEC18DETDAL-DAL,Detroit vs Dallas Winner?,2025-12-18,Detroit Pistons,Dallas Mavericks,finalized,yes,2672495.0,0.0,1.0,,0.345,0.34,0.35,1766106900.0,1766106900.0,1,8:30p,114,116,1,2
KXNBAGAME-25DEC18TORMIL,KXNBAGAME-25DEC18TORMIL-MIL,Toronto vs Milwaukee Winner?,2025-12-18,Toronto Raptors,Milwaukee Bucks,finalized,no,1416096.0,0.0,0.0,,0.375,0.37,0.38,1766105100.0,1766105100.0,0,8:00p,111,105,0,-6
KXNBAGAME-25DEC18LALUTA,KXNBAGAME-25DEC18LALUTA-UTA,Los Angeles L vs Utah Winner?,2025-12-18,Los Angeles Lakers,Utah Jazz,finalized,no,2267460.0,0.0,0.0,,0.225,0.22,0.23,1766108700.0,1766108700.0,0,9:00p,143,135,0,-8
KXNBAGAME-25DEC18ORLDEN,KXNBAGAME-25DEC18ORLDEN-DEN,Orlando vs Denver Winner?,2025-12-18,Orlando Magic,Denver Nuggets,finalized,yes,802961.0,0.0,1.0,,0.705,0.7,0.71,1766108700.0,1766108700.0,1,9:00p,115,126,1,11
KXNBAGAME-25DEC18SACPOR,KXNBAGAME-25DEC18SACPOR-POR,Sacramento vs Portland Winner?,2025-12-18,Sacramento Kings,Portland Trail Blazers,finalized,yes,3775706.0,0.0,1.0,,0.745,0.74,0.75,1766112300.0,1766112300.0,1,10:00p,133,134,1,1
KXNBAGAME-25DEC18GSWPHX,KXNBAGAME-25DEC18GSWPHX-PHX,Golden State vs Phoenix Winner?,2025-12-18,Golden State Warriors,Phoenix Suns,finalized,yes,2194809.0,0.0,1.0,,0.445,0.44,0.45,1766108700.0,1766108700.0,1,9:00p,98,99,1,1
KXNBAGAME-25DEC19SASATL,KXNBAGAME-25DEC19SASATL-ATL,San Antonio vs Atlanta Winner?,2025-12-19,San Antonio Spurs,Atlanta Hawks,finalized,no,805749.0,0.0,0.0,,0.395,0.39,0.4,1766189700.0,1766189700.0,0,7:30p,126,98,0,-28
KXNBAGAME-25DEC19CHICLE,KXNBAGAME-25DEC19CHICLE-CLE,Chicago vs Cleveland Winner?,2025-12-19,Chicago Bulls,Cleveland Cavaliers,finalized,no,2391669.0,0.0,0.0,,0.615,0.61,0.62,1766189700.0,1766189700.0,0,7:30p,136,125,0,-11
KXNBAGAME-25DEC19OKCMIN,KXNBAGAME-25DEC19OKCMIN-MIN,Oklahoma City vs Minnesota Winner?,2025-12-19,Oklahoma City Thunder,Minnesota Timberwolves,finalized,yes,6320885.0,0.0,1.0,,0.3,0.29,0.31,1766196900.0,1766196900.0,1,9:30p,107,112,1,5
KXNBAGAME-25DEC19PHINYK,KXNBAGAME-25DEC19PHINYK-NYK,Philadelphia vs New York Winner?,2025-12-19,Philadelphia 76ers,New York Knicks,finalized,no,4225086.0,0.0,0.0,,0.685,0.68,0.69,1766187900.0,1766187900.0,0,7:00p,116,107,0,-9
KXNBAGAME-25DEC19MIABOS,KXNBAGAME-25DEC19MIABOS-BOS,Miami vs Boston Winner?,2025-12-19,Miami Heat,Boston Celtics,finalized,yes,1479060.0,0.0,1.0,,0.715,0.71,0.72,1766187900.0,1766187900.0,1,7:00p,116,129,1,13
KXNBAGAME-25DEC20CHADET,KXNBAGAME-25DEC20CHADET-DET,Charlotte vs Detroit Winner?,2025-12-20,Charlotte Hornets,Detroit Pistons,finalized,yes,653534.0,0.0,1.0,,0.805,0.8,0.81,1766276100.0,1766276100.0,1,7:30p,86,112,1,26
KXNBAGAME-25DEC20PHXGSW,KXNBAGAME-25DEC20PHXGSW-GSW,Phoenix vs Golden State Winner?,2025-12-20,Phoenix Suns,Golden State Warriors,finalized,yes,2751302.0,0.0,1.0,,0.665,0.66,0.67,1766279700.0,1766279700.0,1,8:30p,116,119,1,3
KXNBAGAME-25DEC20LALLAC,KXNBAGAME-25DEC20LALLAC-LAC,Los Angeles L vs Los Angeles C Winner?,2025-12-20,Los Angeles Lakers,Los Angeles Clippers,finalized,yes,2520925.0,0.0,1.0,,0.46499999999999997,0.46,0.47,1766286900.0,1766286900.0,1,10:30p,88,103,1,15
KXNBAGAME-25DEC20WASMEM,KXNBAGAME-25DEC20WASMEM-MEM,Washington vs Memphis Winner?,2025-12-20,Washington Wizards,Memphis Grizzlies,finalized,no,1383711.0,0.0,0.0,,0.835,0.83,0.84,1766277900.0,1766277900.0,0,8:00p,130,122,0,-8
KXNBAGAME-25DEC20PORSAC,KXNBAGAME-25DEC20PORSAC-SAC,Portland vs Sacramento Winner?,2025-12-20,Portland Trail Blazers,Sacramento Kings,finalized,no,2381201.0,0.0,0.0,,0.395,0.39,0.4,1766285100.0,1766285100.0,0,10:00p,98,93,0,-5
KXNBAGAME-25DEC20BOSTOR,KXNBAGAME-25DEC20BOSTOR-TOR,Boston vs Toronto Winner?,2025-12-20,Boston Celtics,Toronto Raptors,finalized,no,2181328.0,0.0,0.0,,0.525,0.52,0.53,1766274300.0,1766274300.0,0,7:00p,112,96,0,-16
KXNBAGAME-25DEC20INDNOP,KXNBAGAME-25DEC20INDNOP-NOP,Indiana vs New Orleans Winner?,2025-12-20,Indiana Pacers,New Orleans Pelicans,finalized,yes,741746.0,0.0,1.0,,0.565,0.56,0.57,1766274300.0,1766274300.0,1,7:00p,109,128,1,19
KXNBAGAME-25DEC20HOUDEN,KXNBAGAME-25DEC20HOUDEN-DEN,Houston vs Denver Winner?,2025-12-20,Houston Rockets,Denver Nuggets,finalized,no,5122836.0,0.0,0.0,,0.485,0.48,0.49,1766267100.0,1766267100.0,0,5:00p,115,101,0,-14
KXNBAGAME-25DEC20ORLUTA,KXNBAGAME-25DEC20ORLUTA-UTA,Orlando vs Utah Winner?,2025-12-20,Orlando Magic,Utah Jazz,finalized,no,5948565.0,0.0,0.0,,0.275,0.27,0.28,1766283300.0,1766283300.0,0,9:30p,128,127,0,-1
KXNBAGAME-25DEC20DALPHI,KXNBAGAME-25DEC20DALPHI-PHI,Dallas vs Philadelphia Winner?,2025-12-20,Dallas Mavericks,Philadelphia 76ers,finalized,yes,3081947.0,0.0,1.0,,0.52,0.51,0.53,1766274300.0,1766274300.0,1,7:00p,114,121,1,7
KXNBAGAME-25DEC21SASWAS,KXNBAGAME-25DEC21SASWAS-WAS,San Antonio vs Washington Winner?,2025-12-21,San Antonio Spurs,Washington Wizards,finalized,no,1826093.0,0.0,0.0,,0.095,0.09,0.1,1766360700.0,1766360700.0,0,7:00p,124,113,0,-11
KXNBAGAME-25DEC21HOUSAC,KXNBAGAME-25DEC21HOUSAC-SAC,Houston vs Sacramento Winner?,2025-12-21,Houston Rockets,Sacramento Kings,finalized,yes,9024136.0,0.0,1.0,,0.165,0.16,0.17,1766371500.0,1766371500.0,1,10:00p,124,125,1,1
KXNBAGAME-25DEC21MILMIN,KXNBAGAME-25DEC21MILMIN-MIN,Milwaukee vs Minnesota Winner?,2025-12-21,Milwaukee Bucks,Minnesota Timberwolves,finalized,yes,2483276.0,0.0,1.0,,0.835,0.83,0.84,1766360700.0,1766360700.0,1,7:00p,100,103,1,3
KXNBAGAME-25DEC21CHIATL,KXNBAGAME-25DEC21CHIATL-ATL,Chicago vs Atlanta Winner?,2025-12-21,Chicago Bulls,Atlanta Hawks,finalized,no,3004263.0,0.0,0.0,,0.615,0.61,0.62,1766348100.0,1766348100.0,0,3:30p,152,150,0,-2
KXNBAGAME-25DEC21MIANYK,KXNBAGAME-25DEC21MIANYK-NYK,Miami vs New York Winner?,2025-12-21,Miami Heat,New York Knicks,finalized,yes,2168324.0,0.0,1.0,,0.725,0.72,0.73,1766357100.0,1766357100.0,1,6:00p,125,132,1,7
KXNBAGAME-25DEC21TORBKN,KXNBAGAME-25DEC21TORBKN-BKN,Toronto vs Brooklyn Winner?,2025-12-21,Toronto Raptors,Brooklyn Nets,finalized,yes,1973220.0,0.0,1.0,,0.405,0.4,0.41,1766357100.0,1766357100.0,1,6:00p,81,96,1,15
KXNBAGAME-25DEC22MEMOKC,KXNBAGAME-25DEC22MEMOKC-OKC,Memphis vs Oklahoma City Winner?,2025-12-22,Memphis Grizzlies,Oklahoma City Thunder,finalized,yes,1329823.0,0.0,1.0,,0.895,0.89,0.9,1766456100.0,1766456100.0,1,9:30p,103,119,1,16
KXNBAGAME-25DEC22DETPOR,KXNBAGAME-25DEC22DETPOR-POR,Detroit vs Portland Winner?,2025-12-22,Detroit Pistons,Portland Trail Blazers,finalized,no,3723513.0,0.0,0.0,,0.32,0.31,0.33,1766457900.0,1766457900.0,0,10:00p,110,102,0,-8
KXNBAGAME-25DEC22ORLGSW,KXNBAGAME-25DEC22ORLGSW-GSW,Orlando vs Golden State Winner?,2025-12-22,Orlando Magic,Golden State Warriors,finalized,yes,2850517.0,0.0,1.0,,0.67,0.66,0.68,1766457900.0,1766457900.0,1,10:00p,97,120,1,23
KXNBAGAME-25DEC22UTADEN,KXNBAGAME-25DEC22UTADEN-DEN,Utah vs Denver Winner?,2025-12-22,Utah Jazz,Denver Nuggets,finalized,yes,465182.0,0.0,1.0,,0.865,0.86,0.87,1766454300.0,1766454300.0,1,9:00p,112,135,1,23
KXNBAGAME-25DEC22DALNOP,KXNBAGAME-25DEC22DALNOP-NOP,Dallas vs New Orleans Winner?,2025-12-22,Dallas Mavericks,New Orleans Pelicans,finalized,yes,2252873.0,0.0,1.0,,0.485,0.48,0.49,1766450700.0,1766450700.0,1,8:00p,113,119,1,6
KXNBAGAME-25DEC22INDBOS,KXNBAGAME-25DEC22INDBOS-BOS,Indiana vs Boston Winner?,2025-12-22,Indiana Pacers,Boston Celtics,finalized,yes,3216255.0,0.0,1.0,,0.83,0.82,0.84,1766448900.0,1766448900.0,1,7:30p,95,103,1,8
KXNBAGAME-25DEC22CHACLE,KXNBAGAME-25DEC22CHACLE-CLE,Charlotte vs Cleveland Winner?,2025-12-22,Charlotte Hornets,Cleveland Cavaliers,finalized,yes,1200432.0,0.0,1.0,,0.755,0.75,0.76,1766447100.0,1766447100.0,1,7:00p,132,139,1,7
KXNBAGAME-25DEC23DENDAL,KXNBAGAME-25DEC23DENDAL-DAL,Denver vs Dallas Winner?,2025-12-23,Denver Nuggets,Dallas Mavericks,finalized,yes,2583079.0,0.0,1.0,,0.315,0.31,0.32,1766537100.0,1766537100.0,1,8:00p,130,131,1,1
KXNBAGAME-25DEC23BKNPHI,KXNBAGAME-25DEC23BKNPHI-PHI,Brooklyn vs Philadelphia Winner?,2025-12-23,Brooklyn Nets,Philadelphia 76ers,finalized,no,2525393.0,0.0,0.0,,0.775,0.77,0.78,1766533500.0,1766533500.0,0,7:00p,114,106,0,-8
KXNBAGAME-25DEC23MILIND,KXNBAGAME-25DEC23MILIND-IND,Milwaukee vs Indiana Winner?,2025-12-23,Milwaukee Bucks,Indiana Pacers,finalized,no,618649.0,0.0,0.0,,0.475,0.47,0.48,1766535300.0,1766535300.0,0,7:30p,111,94,0,-17
KXNBAGAME-25DEC23NOPCLE,KXNBAGAME-25DEC23NOPCLE-CLE,New Orleans vs Cleveland Winner?,2025-12-23,New Orleans Pelicans,Cleveland Cavaliers,finalized,yes,286056.0,0.0,1.0,,0.765,0.76,0.77,1766535300.0,1766535300.0,1,7:30p,118,141,1,23
KXNBAGAME-25DEC23CHIATL,KXNBAGAME-25DEC23CHIATL-ATL,Chicago vs Atlanta Winner?,2025-12-23,Chicago Bulls,Atlanta Hawks,finalized,no,1584267.0,0.0,0.0,,0.58,0.57,0.59,1766535300.0,1766535300.0,0,7:30p,126,123,0,-3
KXNBAGAME-25DEC23TORMIA,KXNBAGAME-25DEC23TORMIA-MIA,Toronto vs Miami Winner?,2025-12-23,Toronto Raptors,Miami Heat,finalized,no,951597.0,0.0,0.0,,0.655,0.65,0.66,1766535300.0,1766535300.0,0,7:30p,112,91,0,-21
KXNBAGAME-25DEC23WASCHA,KXNBAGAME-25DEC23WASCHA-CHA,Washington vs Charlotte Winner?,2025-12-23,Washington Wizards,Charlotte Hornets,finalized,yes,1075760.0,0.0,1.0,,0.695,0.69,0.7,1766533500.0,1766533500.0,1,7:00p,109,126,1,17
KXNBAGAME-25DEC23NYKMIN,KXNBAGAME-25DEC23NYKMIN-MIN,New York vs Minnesota Winner?,2025-12-23,New York Knicks,Minnesota Timberwolves,finalized,yes,1233494.0,0.0,1.0,,0.705,0.7,0.71,1766537100.0,1766537100.0,1,8:00p,104,115,1,11
KXNBAGAME-25DEC23OKCSAS,KXNBAGAME-25DEC23OKCSAS-SAS,Oklahoma City vs San Antonio Winner?,2025-12-23,Oklahoma City Thunder,San Antonio Spurs,finalized,yes,3448285.0,0.0,1.0,,0.325,0.32,0.33,1766538900.0,1766538900.0,1,8:30p,110,130,1,20
KXNBAGAME-25DEC23LALPHX,KXNBAGAME-25DEC23LALPHX-PHX,Los Angeles L vs Phoenix Winner?,2025-12-23,Los Angeles Lakers,Phoenix Suns,finalized,yes,774643.0,0.0,1.0,,0.585,0.58,0.59,1766540700.0,1766540700.0,1,9:00p,108,132,1,24
KXNBAGAME-25DEC23DETSAC,KXNBAGAME-25DEC23DETSAC-SAC,Detroit vs Sacramento Winner?,2025-12-23,Detroit Pistons,Sacramento Kings,finalized,no,2262806.0,0.0,0.0,,0.215,0.21,0.22,1766544300.0,1766544300.0,0,10:00p,136,127,0,-9
KXNBAGAME-25DEC23HOULAC,KXNBAGAME-25DEC23HOULAC-LAC,Houston vs Los Angeles C Winner?,2025-12-23,Houston Rockets,Los Angeles Clippers,finalized,yes,3305049.0,0.0,1.0,,0.28500000000000003,0.28,0.29,1766546100.0,1766546100.0,1,10:30p,108,128,1,20
KXNBAGAME-25DEC23ORLPOR,KXNBAGAME-25DEC23ORLPOR-POR,Orlando vs Portland Winner?,2025-12-23,Orlando Magic,Portland Trail Blazers,finalized,no,2971823.0,0.0,0.0,,0.48,0.47,0.49,1766544300.0,1766544300.0,0,10:00p,110,106,0,-4
KXNBAGAME-25DEC23MEMUTA,KXNBAGAME-25DEC23MEMUTA-UTA,Memphis vs Utah Winner?,2025-12-23,Memphis Grizzlies,Utah Jazz,finalized,no,2496604.0,0.0,0.0,,0.395,0.39,0.4,1766540700.0,1766540700.0,0,9:00p,137,128,0,-9
KXNBAGAME-25DEC25SASOKC,KXNBAGAME-25DEC25SASOKC-OKC,San Antonio vs Oklahoma City Winner?,2025-12-25,San Antonio Spurs,Oklahoma City Thunder,finalized,no,7290411.0,0.0,0.0,,0.755,0.75,0.76,1766690100.0,1766690100.0,0,2:30p,117,102,0,-15
KXNBAGAME-25DEC25HOULAL,KXNBAGAME-25DEC25HOULAL-LAL,Houston vs Los Angeles L Winner?,2025-12-25,Houston Rockets,Los Angeles Lakers,finalized,no,9755447.0,0.0,0.0,,0.46499999999999997,0.46,0.47,1766709900.0,1766709900.0,0,8:00p,119,96,0,-23
KXNBAGAME-25DEC25CLENYK,KXNBAGAME-25DEC25CLENYK-NYK,Cleveland vs New York Winner?,2025-12-25,Cleveland Cavaliers,New York Knicks,finalized,yes,11887750.0,0.0,1.0,,0.625,0.62,0.63,1766681100.0,1766681100.0,1,12:00p,124,126,1,2
KXNBAGAME-25DEC25DALGSW,KXNBAGAME-25DEC25DALGSW-GSW,Dallas vs Golden State Winner?,2025-12-25,Dallas Mavericks,Golden State Warriors,finalized,yes,3074141.0,0.0,1.0,,0.735,0.73,0.74,1766699100.0,1766699100.0,1,5:00p,116,126,1,10
KXNBAGAME-25DEC25MINDEN,KXNBAGAME-25DEC25MINDEN-DEN,Minnesota vs Denver Winner?,2025-12-25,Minnesota Timberwolves,Denver Nuggets,finalized,yes,15751919.0,0.0,1.0,,0.505,0.5,0.51,1766718900.0,1766718900.0,1,10:30p,138,142,1,4
KXNBAGAME-25DEC26MILMEM,KXNBAGAME-25DEC26MILMEM-MEM,Milwaukee vs Memphis Winner?,2025-12-26,Milwaukee Bucks,Memphis Grizzlies,finalized,yes,906547.0,0.0,1.0,,0.645,0.64,0.65,1766796300.0,1766796300.0,1,8:00p,104,125,1,21
KXNBAGAME-25DEC26MIAATL,KXNBAGAME-25DEC26MIAATL-ATL,Miami vs Atlanta Winner?,2025-12-26,Miami Heat,Atlanta Hawks,finalized,no,2368689.0,0.0,0.0,,0.585,0.58,0.59,1766792700.0,1766792700.0,0,7:00p,126,111,0,-15
KXNBAGAME-25DEC26BOSIND,KXNBAGAME-25DEC26BOSIND-IND,Boston vs Indiana Winner?,2025-12-26,Boston Celtics,Indiana Pacers,finalized,no,2280688.0,0.0,0.0,,0.255,0.25,0.26,1766792700.0,1766792700.0,0,7:00p,140,122,0,-18
KXNBAGAME-25DEC26PHICHI,KXNBAGAME-25DEC26PHICHI-CHI,Philadelphia vs Chicago Winner?,2025-12-26,Philadelphia 76ers,Chicago Bulls,finalized,yes,4956421.0,0.0,1.0,,0.455,0.45,0.46,1766794500.0,1766794500.0,1,7:30p,102,109,1,7
KXNBAGAME-25DEC26LACPOR,KXNBAGAME-25DEC26LACPOR-POR,Los Angeles C vs Portland Winner?,2025-12-26,Los Angeles Clippers,Portland Trail Blazers,finalized,no,5887558.0,0.0,0.0,,0.445,0.44,0.45,1766803500.0,1766803500.0,0,10:00p,119,103,0,-16
KXNBAGAME-25DEC26PHXNOP,KXNBAGAME-25DEC26PHXNOP-NOP,Phoenix vs New Orleans Winner?,2025-12-26,Phoenix Suns,New Orleans Pelicans,finalized,no,3011172.0,0.0,0.0,,0.365,0.36,0.37,1766796300.0,1766796300.0,0,8:00p,115,108,0,-7
KXNBAGAME-25DEC26CHAORL,KXNBAGAME-25DEC26CHAORL-ORL,Charlotte vs Orlando Winner?,2025-12-26,Charlotte Hornets,Orlando Magic,finalized,no,2904434.0,0.0,0.0,,0.675,0.67,0.68,1766792700.0,1766792700.0,0,7:00p,120,105,0,-15
KXNBAGAME-25DEC26DETUTA,KXNBAGAME-25DEC26DETUTA-UTA,Detroit vs Utah Winner?,2025-12-26,Detroit Pistons,Utah Jazz,finalized,yes,7156992.0,0.0,1.0,,0.225,0.22,0.23,1766801700.0,1766801700.0,1,9:30p,129,131,1,2
KXNBAGAME-25DEC26TORWAS,KXNBAGAME-25DEC26TORWAS-WAS,Toronto vs Washington Winner?,2025-12-26,Toronto Raptors,Washington Wizards,finalized,yes,2333714.0,0.0,1.0,,0.255,0.25,0.26,1766792700.0,1766792700.0,1,7:00p,117,138,1,21
KXNBAGAME-25DEC27INDMIA,KXNBAGAME-25DEC27INDMIA-MIA,Indiana vs Miami Winner?,2025-12-27,Indiana Pacers,Miami Heat,finalized,yes,716440.0,0.0,1.0,,0.705,0.7,0.71,1766882700.0,1766882700.0,1,8:00p,116,142,1,26
KXNBAGAME-25DEC27DENORL,KXNBAGAME-25DEC27DENORL-ORL,Denver vs Orlando Winner?,2025-12-27,Denver Nuggets,Orlando Magic,finalized,yes,3683860.0,0.0,1.0,,0.385,0.38,0.39,1766879100.0,1766879100.0,1,7:00p,126,127,1,1
KXNBAGAME-25DEC27DALSAC,KXNBAGAME-25DEC27DALSAC-SAC,Dallas vs Sacramento Winner?,2025-12-27,Dallas Mavericks,Sacramento Kings,finalized,yes,2077870.0,0.0,1.0,,0.425,0.42,0.43,1766871900.0,1766871900.0,1,5:00p,107,113,1,6
KXNBAGAME-25DEC27PHXNOP,KXNBAGAME-25DEC27PHXNOP-NOP,Phoenix vs New Orleans Winner?,2025-12-27,Phoenix Suns,New Orleans Pelicans,finalized,no,2030103.0,0.0,0.0,,0.365,0.36,0.37,1766879100.0,1766879100.0,0,7:00p,123,114,0,-9
KXNBAGAME-25DEC27NYKATL,KXNBAGAME-25DEC27NYKATL-ATL,New York vs Atlanta Winner?,2025-12-27,New York Knicks,Atlanta Hawks,finalized,no,2476192.0,0.0,0.0,,0.325,0.32,0.33,1766882700.0,1766882700.0,0,8:00p,128,125,0,-3
KXNBAGAME-25DEC27MILCHI,KXNBAGAME-25DEC27MILCHI-CHI,Milwaukee vs Chicago Winner?,2025-12-27,Milwaukee Bucks,Chicago Bulls,finalized,no,2281732.0,0.0,0.0,,0.555,0.55,0.56,1766882700.0,1766882700.0,0,8:00p,112,103,0,-9
KXNBAGAME-25DEC27CLEHOU,KXNBAGAME-25DEC27CLEHOU-HOU,Cleveland vs Houston Winner?,2025-12-27,Cleveland Cavaliers,Houston Rockets,finalized,yes,702526.0,0.0,1.0,,0.565,0.56,0.57,1766882700.0,1766882700.0,1,8:00p,100,117,1,17
KXNBAGAME-25DEC27UTASAS,KXNBAGAME-25DEC27UTASAS-SAS,Utah vs San Antonio Winner?,2025-12-27,Utah Jazz,San Antonio Spurs,finalized,no,2690833.0,0.0,0.0,,0.855,0.85,0.86,1766882700.0,1766882700.0,0,8:00p,127,114,0,-13
KXNBAGAME-25DEC27BKNMIN,KXNBAGAME-25DEC27BKNMIN-MIN,Brooklyn vs Minnesota Winner?,2025-12-27,Brooklyn Nets,Minnesota Timberwolves,finalized,no,1490431.0,0.0,0.0,,0.835,0.83,0.84,1766882700.0,1766882700.0,0,8:00p,123,107,0,-16
KXNBAGAME-25DEC28GSWTOR,KXNBAGAME-25DEC28GSWTOR-TOR,Golden State vs Toronto Winner?,2025-12-28,Golden State Warriors,Toronto Raptors,finalized,yes,5382901.0,0.0,1.0,,0.385,0.38,0.39,1766952900.0,1766952900.0,1,3:30p,127,141,1,14
KXNBAGAME-25DEC28PHIOKC,KXNBAGAME-25DEC28PHIOKC-OKC,Philadelphia vs Oklahoma City Winner?,2025-12-28,Philadelphia 76ers,Oklahoma City Thunder,finalized,yes,1393243.0,0.0,1.0,,0.855,0.85,0.86,1766952900.0,1766952900.0,1,3:30p,104,129,1,25
KXNBAGAME-25DEC28BOSPOR,KXNBAGAME-25DEC28BOSPOR-POR,Boston vs Portland Winner?,2025-12-28,Boston Celtics,Portland Trail Blazers,finalized,yes,3987838.0,0.0,1.0,,0.295,0.29,0.3,1766961900.0,1766961900.0,1,6:00p,108,114,1,6
KXNBAGAME-25DEC28MEMWAS,KXNBAGAME-25DEC28MEMWAS-WAS,Memphis vs Washington Winner?,2025-12-28,Memphis Grizzlies,Washington Wizards,finalized,yes,3906501.0,0.0,1.0,,0.28500000000000003,0.28,0.29,1766961900.0,1766961900.0,1,6:00p,112,116,1,4
KXNBAGAME-25DEC28SACLAL,KXNBAGAME-25DEC28SACLAL-LAL,Sacramento vs Los Angeles L Winner?,2025-12-28,Sacramento Kings,Los Angeles Lakers,finalized,yes,1449819.0,0.0,1.0,,0.805,0.8,0.81,1766974500.0,1766974500.0,1,9:30p,101,125,1,24
KXNBAGAME-25DEC28DETLAC,KXNBAGAME-25DEC28DETLAC-LAC,Detroit vs Los Angeles C Winner?,2025-12-28,Detroit Pistons,Los Angeles Clippers,finalized,yes,3006881.0,0.0,1.0,,0.395,0.39,0.4,1766972700.0,1766972700.0,1,9:00p,99,112,1,13
KXNBAGAME-25DEC29PHXWAS,KXNBAGAME-25DEC29PHXWAS-WAS,Phoenix vs Washington Winner?,2025-12-29,Phoenix Suns,Washington Wizards,finalized,no,2659849.0,0.0,0.0,,0.215,0.21,0.22,1767051900.0,1767051900.0,0,7:00p,115,101,0,-14
KXNBAGAME-25DEC29INDHOU,KXNBAGAME-25DEC29INDHOU-HOU,Indiana vs Houston Winner?,2025-12-29,Indiana Pacers,Houston Rockets,finalized,yes,260908.0,0.0,1.0,,0.855,0.85,0.86,1767055500.0,1767055500.0,1,8:00p,119,126,1,7
KXNBAGAME-25DEC29MILCHA,KXNBAGAME-25DEC29MILCHA-CHA,Milwaukee vs Charlotte Winner?,2025-12-29,Milwaukee Bucks,Charlotte Hornets,finalized,no,1814252.0,0.0,0.0,,0.42,0.41,0.43,1767051900.0,1767051900.0,0,7:00p,123,113,0,-10
KXNBAGAME-25DEC29CLESAS,KXNBAGAME-25DEC29CLESAS-SAS,Cleveland vs San Antonio Winner?,2025-12-29,Cleveland Cavaliers,San Antonio Spurs,finalized,no,3743838.0,0.0,0.0,,0.595,0.59,0.6,1767055500.0,1767055500.0,0,8:00p,113,101,0,-12
KXNBAGAME-25DEC29GSWBKN,KXNBAGAME-25DEC29GSWBKN-BKN,Golden State vs Brooklyn Winner?,2025-12-29,Golden State Warriors,Brooklyn Nets,finalized,no,2383648.0,0.0,0.0,,0.335,0.33,0.34,1767053700.0,1767053700.0,0,7:30p,120,107,0,-13
KXNBAGAME-25DEC29DENMIA,KXNBAGAME-25DEC29DENMIA-MIA,Denver vs Miami Winner?,2025-12-29,Denver Nuggets,Miami Heat,finalized,yes,1441714.0,0.0,1.0,,0.46499999999999997,0.46,0.47,1767053700.0,1767053700.0,1,7:30p,123,147,1,24
KXNBAGAME-25DEC29ORLTOR,KXNBAGAME-25DEC29ORLTOR-TOR,Orlando vs Toronto Winner?,2025-12-29,Orlando Magic,Toronto Raptors,finalized,yes,2582757.0,0.0,1.0,,0.485,0.48,0.49,1767053700.0,1767053700.0,1,7:30p,106,107,1,1
KXNBAGAME-25DEC29ATLOKC,KXNBAGAME-25DEC29ATLOKC-OKC,Atlanta vs Oklahoma City Winner?,2025-12-29,Atlanta Hawks,Oklahoma City Thunder,finalized,yes,1267458.0,0.0,1.0,,0.895,0.89,0.9,1767055500.0,1767055500.0,1,8:00p,129,140,1,11
KXNBAGAME-25DEC29MINCHI,KXNBAGAME-25DEC29MINCHI-CHI,Minnesota vs Chicago Winner?,2025-12-29,Minnesota Timberwolves,Chicago Bulls,finalized,no,687214.0,0.0,0.0,,0.33999999999999997,0.33,0.35,1767055500.0,1767055500.0,0,8:00p,136,101,0,-35
KXNBAGAME-25DEC29NYKNOP,KXNBAGAME-25DEC29NYKNOP-NOP,New York vs New Orleans Winner?,2025-12-29,New York Knicks,New Orleans Pelicans,finalized,no,1811485.0,0.0,0.0,,0.255,0.25,0.26,1767055500.0,1767055500.0,0,8:00p,130,125,0,-5
KXNBAGAME-25DEC29DALPOR,KXNBAGAME-25DEC29DALPOR-POR,Dallas vs Portland Winner?,2025-12-29,Dallas Mavericks,Portland Trail Blazers,finalized,yes,5683275.0,0.0,1.0,,0.565,0.56,0.57,1767064500.0,1767064500.0,1,10:30p,122,125,1,3
KXNBAGAME-25DEC30BOSUTA,KXNBAGAME-25DEC30BOSUTA-UTA,Boston vs Utah Winner?,2025-12-30,Boston Celtics,Utah Jazz,finalized,no,4497571.0,0.0,0.0,,0.28500000000000003,0.28,0.29,1767145500.0,1767145500.0,0,9:00p,129,119,0,-10
KXNBAGAME-25DEC30DETLAL,KXNBAGAME-25DEC30DETLAL-LAL,Detroit vs Los Angeles L Winner?,2025-12-30,Detroit Pistons,Los Angeles Lakers,finalized,no,6148441.0,0.0,0.0,,0.435,0.43,0.44,1767150900.0,1767150900.0,0,10:30p,128,106,0,-22
KXNBAGAME-25DEC30PHIMEM,KXNBAGAME-25DEC30PHIMEM-MEM,Philadelphia vs Memphis Winner?,2025-12-30,Philadelphia 76ers,Memphis Grizzlies,finalized,no,4176708.0,0.0,0.0,,0.475,0.47,0.48,1767141900.0,1767141900.0,0,8:00p,139,136,0,-3
KXNBAGAME-25DEC30SACLAC,KXNBAGAME-25DEC30SACLAC-LAC,Sacramento vs Los Angeles C Winner?,2025-12-30,Sacramento Kings,Los Angeles Clippers,finalized,yes,819540.0,0.0,1.0,,0.775,0.77,0.78,1767152700.0,1767152700.0,1,11:00p,90,131,1,41
KXNBAGAME-25DEC31MINATL,KXNBAGAME-25DEC31MINATL-ATL,Minnesota vs Atlanta Winner?,2025-12-31,Minnesota Timberwolves,Atlanta Hawks,finalized,yes,1553250.0,0.0,1.0,,0.345,0.34,0.35,1767210300.0,1767210300.0,1,3:00p,102,126,1,24
KXNBAGAME-25DEC31DENTOR,KXNBAGAME-25DEC31DENTOR-TOR,Denver vs Toronto Winner?,2025-12-31,Denver Nuggets,Toronto Raptors,finalized,no,2523461.0,0.0,0.0,,0.695,0.69,0.7,1767226500.0,1767226500.0,0,7:30p,106,103,0,-3
KXNBAGAME-25DEC31GSWCHA,KXNBAGAME-25DEC31GSWCHA-CHA,Golden State vs Charlotte Winner?,2025-12-31,Golden State Warriors,Charlotte Hornets,finalized,no,2987951.0,0.0,0.0,,0.28500000000000003,0.28,0.29,1767203100.0,1767203100.0,0,1:00p,132,125,0,-7
KXNBAGAME-25DEC31ORLIND,KXNBAGAME-25DEC31ORLIND-IND,Orlando vs Indiana Winner?,2025-12-31,Orlando Magic,Indiana Pacers,finalized,no,2145010.0,0.0,0.0,,0.375,0.37,0.38,1767210300.0,1767210300.0,0,3:00p,112,110,0,-2
KXNBAGAME-25DEC31POROKC,KXNBAGAME-25DEC31POROKC-OKC,Portland vs Oklahoma City Winner?,2025-12-31,Portland Trail Blazers,Oklahoma City Thunder,finalized,yes,426721.0,0.0,1.0,,0.885,0.88,0.89,1767228300.0,1767228300.0,1,8:00p,95,124,1,29
KXNBAGAME-25DEC31NYKSAS,KXNBAGAME-25DEC31NYKSAS-SAS,New York vs San Antonio Winner?,2025-12-31,New York Knicks,San Antonio Spurs,finalized,yes,5058408.0,0.0,1.0,,0.6,0.59,0.61,1767224700.0,1767224700.0,1,7:00p,132,134,1,2
KXNBAGAME-25DEC31WASMIL,KXNBAGAME-25DEC31WASMIL-MIL,Washington vs Milwaukee Winner?,2025-12-31,Washington Wizards,Milwaukee Bucks,finalized,no,2412241.0,0.0,0.0,,0.815,0.81,0.82,1767228300.0,1767228300.0,0,8:00p,114,113,0,-1
KXNBAGAME-25DEC31NOPCHI,KXNBAGAME-25DEC31NOPCHI-CHI,New Orleans vs Chicago Winner?,2025-12-31,New Orleans Pelicans,Chicago Bulls,finalized,yes,2482657.0,0.0,1.0,,0.535,0.53,0.54,1767224700.0,1767224700.0,1,7:00p,118,134,1,16
KXNBAGAME-25DEC31PHXCLE,KXNBAGAME-25DEC31PHXCLE-CLE,Phoenix vs Cleveland Winner?,2025-12-31,Phoenix Suns,Cleveland Cavaliers,finalized,yes,585309.0,0.0,1.0,,0.695,0.69,0.7,1767212100.0,1767212100.0,1,3:30p,113,129,1,16
KXNBAGAME-26JAN01UTALAC,KXNBAGAME-26JAN01UTALAC-LAC,Utah vs Los Angeles C Winner?,2026-01-01,Utah Jazz,Los Angeles Clippers,finalized,yes,3028299.0,0.0,1.0,,0.845,0.84,0.85,1767323700.0,1767323700.0,1,10:30p,101,118,1,17
KXNBAGAME-26JAN01BOSSAC,KXNBAGAME-26JAN01BOSSAC-SAC,Boston vs Sacramento Winner?,2026-01-01,Boston Celtics,Sacramento Kings,finalized,no,4186613.0,0.0,0.0,,0.20500000000000002,0.2,0.21,1767321900.0,1767321900.0,0,10:00p,120,106,0,-14
KXNBAGAME-26JAN01MIADET,KXNBAGAME-26JAN01MIADET-DET,Miami vs Detroit Winner?,2026-01-01,Miami Heat,Detroit Pistons,finalized,no,5417987.0,0.0,0.0,,0.645,0.64,0.65,1767311100.0,1767311100.0,0,7:00p,118,112,0,-6
KXNBAGAME-26JAN01HOUBKN,KXNBAGAME-26JAN01HOUBKN-BKN,Houston vs Brooklyn Winner?,2026-01-01,Houston Rockets,Brooklyn Nets,finalized,no,2509000.0,0.0,0.0,,0.175,0.17,0.18,1767307500.0,1767307500.0,0,6:00p,120,96,0,-24
KXNBAGAME-26JAN01PHIDAL,KXNBAGAME-26JAN01PHIDAL-DAL,Philadelphia vs Dallas Winner?,2026-01-01,Philadelphia 76ers,Dallas Mavericks,finalized,no,2851587.0,0.0,0.0,,0.435,0.43,0.44,1767316500.0,1767316500.0,0,8:30p,123,108,0,-15
KXNBAGAME-26JAN02SACPHX,KXNBAGAME-26JAN02SACPHX-PHX,Sacramento vs Phoenix Winner?,2026-01-02,Sacramento Kings,Phoenix Suns,finalized,yes,628582.0,0.0,1.0,,0.855,0.85,0.86,1767404700.0,1767404700.0,1,9:00p,102,129,1,27
KXNBAGAME-26JAN02CHAMIL,KXNBAGAME-26JAN02CHAMIL-MIL,Charlotte vs Milwaukee Winner?,2026-01-02,Charlotte Hornets,Milwaukee Bucks,finalized,yes,3871363.0,0.0,1.0,,0.675,0.67,0.68,1767401100.0,1767401100.0,1,8:00p,121,122,1,1
KXNBAGAME-26JAN02OKCGSW,KXNBAGAME-26JAN02OKCGSW-GSW,Oklahoma City vs Golden State Winner?,2026-01-02,Oklahoma City Thunder,Golden State Warriors,finalized,no,3740685.0,0.0,0.0,,0.14500000000000002,0.14,0.15,1767408300.0,1767408300.0,0,10:00p,131,94,0,-37
KXNBAGAME-26JAN02MEMLAL,KXNBAGAME-26JAN02MEMLAL-LAL,Memphis vs Los Angeles L Winner?,2026-01-02,Memphis Grizzlies,Los Angeles Lakers,finalized,yes,4623264.0,0.0,1.0,,0.645,0.64,0.65,1767410100.0,1767410100.0,1,10:30p,121,128,1,7
KXNBAGAME-26JAN02ORLCHI,KXNBAGAME-26JAN02ORLCHI-CHI,Orlando vs Chicago Winner?,2026-01-02,Orlando Magic,Chicago Bulls,finalized,yes,2826029.0,0.0,1.0,,0.355,0.35,0.36,1767401100.0,1767401100.0,1,8:00p,114,121,1,7
KXNBAGAME-26JAN02ATLNYK,KXNBAGAME-26JAN02ATLNYK-NYK,Atlanta vs New York Winner?,2026-01-02,Atlanta Hawks,New York Knicks,finalized,no,2915851.0,0.0,0.0,,0.6799999999999999,0.67,0.69,1767399300.0,1767399300.0,0,7:30p,111,99,0,-12
KXNBAGAME-26JAN02DENCLE,KXNBAGAME-26JAN02DENCLE-CLE,Denver vs Cleveland Winner?,2026-01-02,Denver Nuggets,Cleveland Cavaliers,finalized,yes,2155824.0,0.0,1.0,,0.855,0.85,0.86,1767399300.0,1767399300.0,1,7:30p,108,113,1,5
KXNBAGAME-26JAN02SASIND,KXNBAGAME-26JAN02SASIND-IND,San Antonio vs Indiana Winner?,2026-01-02,San Antonio Spurs,Indiana Pacers,finalized,no,1818230.0,0.0,0.0,,0.345,0.34,0.35,1767397500.0,1767397500.0,0,7:00p,123,113,0,-10
KXNBAGAME-26JAN02BKNWAS,KXNBAGAME-26JAN02BKNWAS-WAS,Brooklyn vs Washington Winner?,2026-01-02,Brooklyn Nets,Washington Wizards,finalized,yes,1508543.0,0.0,1.0,,0.575,0.57,0.58,1767397500.0,1767397500.0,1,7:00p,99,119,1,20
KXNBAGAME-26JAN02PORNOP,KXNBAGAME-26JAN02PORNOP-NOP,Portland vs New Orleans Winner?,2026-01-02,Portland Trail Blazers,New Orleans Pelicans,finalized,no,676995.0,0.0,0.0,,0.405,0.4,0.41,1767401100.0,1767401100.0,0,8:00p,122,109,0,-13
KXNBAGAME-26JAN03UTAGSW,KXNBAGAME-26JAN03UTAGSW-GSW,Utah vs Golden State Winner?,2026-01-03,Utah Jazz,Golden State Warriors,finalized,yes,2965951.0,0.0,1.0,,0.825,0.82,0.83,1767494700.0,1767494700.0,1,10:00p,114,123,1,9
KXNBAGAME-26JAN03HOUDAL,KXNBAGAME-26JAN03HOUDAL-DAL,Houston vs Dallas Winner?,2026-01-03,Houston Rockets,Dallas Mavericks,finalized,yes,2326694.0,0.0,1.0,,0.265,0.26,0.27,1767489300.0,1767489300.0,1,8:30p,104,110,1,6
KXNBAGAME-26JAN03PHINYK,KXNBAGAME-26JAN03PHINYK-NYK,Philadelphia vs New York Winner?,2026-01-03,Philadelphia 76ers,New York Knicks,finalized,no,3531417.0,0.0,0.0,,0.615,0.61,0.62,1767485700.0,1767485700.0,0,7:30p,130,119,0,-11
KXNBAGAME-26JAN03BOSLAC,KXNBAGAME-26JAN03BOSLAC-LAC,Boston vs Los Angeles C Winner?,2026-01-03,Boston Celtics,Los Angeles Clippers,finalized,no,3186490.0,0.0,0.0,,0.525,0.52,0.53,1767496500.0,1767496500.0,0,10:30p,146,115,0,-31
KXNBAGAME-26JAN03ATLTOR,KXNBAGAME-26JAN03ATLTOR-TOR,Atlanta vs Toronto Winner?,2026-01-03,Atlanta Hawks,Toronto Raptors,finalized,yes,1029526.0,0.0,1.0,,0.635,0.63,0.64,1767485700.0,1767485700.0,1,7:30p,117,134,1,17
KXNBAGAME-26JAN03PORSAS,KXNBAGAME-26JAN03PORSAS-SAS,Portland vs San Antonio Winner?,2026-01-03,Portland Trail Blazers,San Antonio Spurs,finalized,no,3318685.0,0.0,0.0,,0.745,0.74,0.75,1767487500.0,1767487500.0,0,8:00p,115,110,0,-5
KXNBAGAME-26JAN03MINMIA,KXNBAGAME-26JAN03MINMIA-MIA,Minnesota vs Miami Winner?,2026-01-03,Minnesota Timberwolves,Miami Heat,finalized,no,2386191.0,0.0,0.0,,0.435,0.43,0.44,1767476700.0,1767476700.0,0,5:00p,125,115,0,-10
KXNBAGAME-26JAN03CHACHI,KXNBAGAME-26JAN03CHACHI-CHI,Charlotte vs Chicago Winner?,2026-01-03,Charlotte Hornets,Chicago Bulls,finalized,no,1422424.0,0.0,0.0,,0.535,0.53,0.54,1767487500.0,1767487500.0,0,8:00p,112,99,0,-13
KXNBAGAME-26JAN04DENBKN,KXNBAGAME-26JAN04DENBKN-BKN,Denver vs Brooklyn Winner?,2026-01-04,Denver Nuggets,Brooklyn Nets,finalized,yes,1651477.0,0.0,1.0,,0.43,0.42,0.44,1767557700.0,1767557700.0,1,3:30p,115,127,1,12
KXNBAGAME-26JAN04INDORL,KXNBAGAME-26JAN04INDORL-ORL,Indiana vs Orlando Winner?,2026-01-04,Indiana Pacers,Orlando Magic,finalized,yes,1989824.0,0.0,1.0,,0.695,0.69,0.7,1767555900.0,1767555900.0,1,3:00p,127,135,1,8
KXNBAGAME-26JAN04OKCPHX,KXNBAGAME-26JAN04OKCPHX-PHX,Oklahoma City vs Phoenix Winner?,2026-01-04,Oklahoma City Thunder,Phoenix Suns,finalized,yes,3577500.0,0.0,1.0,,0.235,0.23,0.24,1767573900.0,1767573900.0,1,8:00p,105,108,1,3
KXNBAGAME-26JAN04NOPMIA,KXNBAGAME-26JAN04NOPMIA-MIA,New Orleans vs Miami Winner?,2026-01-04,New Orleans Pelicans,Miami Heat,finalized,yes,1489595.0,0.0,1.0,,0.73,0.72,0.74,1767566700.0,1767566700.0,1,6:00p,106,125,1,19
KXNBAGAME-26JAN04MINWAS,KXNBAGAME-26JAN04MINWAS-WAS,Minnesota vs Washington Winner?,2026-01-04,Minnesota Timberwolves,Washington Wizards,finalized,no,907568.0,0.0,0.0,,0.215,0.21,0.22,1767566700.0,1767566700.0,0,6:00p,141,115,0,-26
KXNBAGAME-26JAN04MILSAC,KXNBAGAME-26JAN04MILSAC-SAC,Milwaukee vs Sacramento Winner?,2026-01-04,Milwaukee Bucks,Sacramento Kings,finalized,no,1881880.0,0.0,0.0,,0.325,0.32,0.33,1767577500.0,1767577500.0,0,9:00p,115,98,0,-17
KXNBAGAME-26JAN04DETCLE,KXNBAGAME-26JAN04DETCLE-CLE,Detroit vs Cleveland Winner?,2026-01-04,Detroit Pistons,Cleveland Cavaliers,finalized,no,2842730.0,0.0,0.0,,0.585,0.58,0.59,1767552300.0,1767552300.0,0,2:00p,114,110,0,-4
KXNBAGAME-26JAN04MEMLAL,KXNBAGAME-26JAN04MEMLAL-LAL,Memphis vs Los Angeles L Winner?,2026-01-04,Memphis Grizzlies,Los Angeles Lakers,finalized,yes,6864574.0,0.0,1.0,,0.67,0.66,0.68,1767579300.0,1767579300.0,1,9:30p,114,120,1,6
KXNBAGAME-26JAN05UTAPOR,KXNBAGAME-26JAN05UTAPOR-POR,Utah vs Portland Winner?,2026-01-05,Utah Jazz,Portland Trail Blazers,finalized,yes,851959.0,0.0,1.0,,0.665,0.66,0.67,1767667500.0,1767667500.0,1,10:00p,117,137,1,20
KXNBAGAME-26JAN05PHXHOU,KXNBAGAME-26JAN05PHXHOU-HOU,Phoenix vs Houston Winner?,2026-01-05,Phoenix Suns,Houston Rockets,finalized,yes,3461755.0,0.0,1.0,,0.725,0.72,0.73,1767660300.0,1767660300.0,1,8:00p,97,100,1,3
KXNBAGAME-26JAN05GSWLAC,KXNBAGAME-26JAN05GSWLAC-LAC,Golden State vs Los Angeles C Winner?,2026-01-05,Golden State Warriors,Los Angeles Clippers,finalized,yes,7445628.0,0.0,1.0,,0.415,0.41,0.42,1767667500.0,1767667500.0,1,10:00p,102,103,1,1
KXNBAGAME-26JAN05NYKDET,KXNBAGAME-26JAN05NYKDET-DET,New York vs Detroit Winner?,2026-01-05,New York Knicks,Detroit Pistons,finalized,yes,3202087.0,0.0,1.0,,0.475,0.47,0.48,1767656700.0,1767656700.0,1,7:00p,90,121,1,31
KXNBAGAME-26JAN05ATLTOR,KXNBAGAME-26JAN05ATLTOR-TOR,Atlanta vs Toronto Winner?,2026-01-05,Atlanta Hawks,Toronto Raptors,finalized,yes,2078798.0,0.0,1.0,,0.565,0.56,0.57,1767658500.0,1767658500.0,1,7:30p,100,118,1,18
KXNBAGAME-26JAN05CHIBOS,KXNBAGAME-26JAN05CHIBOS-BOS,Chicago vs Boston Winner?,2026-01-05,Chicago Bulls,Boston Celtics,finalized,yes,774423.0,0.0,1.0,,0.795,0.79,0.8,1767658500.0,1767658500.0,1,7:30p,101,115,1,14
KXNBAGAME-26JAN05CHAOKC,KXNBAGAME-26JAN05CHAOKC-OKC,Charlotte vs Oklahoma City Winner?,2026-01-05,Charlotte Hornets,Oklahoma City Thunder,finalized,no,3633278.0,0.0,0.0,,0.895,0.89,0.9,1767660300.0,1767660300.0,0,8:00p,124,97,0,-27
KXNBAGAME-26JAN05DENPHI,KXNBAGAME-26JAN05DENPHI-PHI,Denver vs Philadelphia Winner?,2026-01-05,Denver Nuggets,Philadelphia 76ers,finalized,no,4998612.0,0.0,0.0,,0.875,0.87,0.88,1767662100.0,1767662100.0,0,8:30p,125,124,0,-1
KXNBAGAME-26JAN06DALSAC,KXNBAGAME-26JAN06DALSAC-SAC,Dallas at Sacramento Winner?,2026-01-06,Dallas Mavericks,Sacramento Kings,finalized,no,6779054.0,0.0,0.0,,0.365,0.36,0.37,1767757500.0,1767757500.0,0,11:00p,100,98,0,-2
KXNBAGAME-26JAN06SASMEM,KXNBAGAME-26JAN06SASMEM-MEM,San Antonio at Memphis Winner?,2026-01-06,San Antonio Spurs,Memphis Grizzlies,finalized,yes,2447231.0,0.0,1.0,,0.325,0.32,0.33,1767746700.0,1767746700.0,1,8:00p,105,106,1,1
KXNBAGAME-26JAN06LALNOP,KXNBAGAME-26JAN06LALNOP-NOP,Los Angeles L at New Orleans Winner?,2026-01-06,Los Angeles Lakers,New Orleans Pelicans,finalized,no,2928113.0,0.0,0.0,,0.33,0.32,0.34,1767746700.0,1767746700.0,0,8:00p,111,103,0,-8
KXNBAGAME-26JAN06MIAMIN,KXNBAGAME-26JAN06MIAMIN-MIN,Miami at Minnesota Winner?,2026-01-06,Miami Heat,Minnesota Timberwolves,finalized,yes,1457856.0,0.0,1.0,,0.645,0.64,0.65,1767746700.0,1767746700.0,1,8:00p,94,122,1,28
KXNBAGAME-26JAN06ORLWAS,KXNBAGAME-26JAN06ORLWAS-WAS,Orlando at Washington Winner?,2026-01-06,Orlando Magic,Washington Wizards,finalized,yes,2806543.0,0.0,1.0,,0.28500000000000003,0.28,0.29,1767743100.0,1767743100.0,1,7:00p,112,120,1,8
KXNBAGAME-26JAN06CLEIND,KXNBAGAME-26JAN06CLEIND-IND,Cleveland at Indiana Winner?,2026-01-06,Cleveland Cavaliers,Indiana Pacers,finalized,no,3207275.0,0.0,0.0,,0.325,0.32,0.33,1767743100.0,1767743100.0,0,7:00p,120,116,0,-4
KXNBAGAME-26JAN07LACNYK,KXNBAGAME-26JAN07LACNYK-NYK,Los Angeles C at New York Winner?,2026-01-07,Los Angeles Clippers,New York Knicks,finalized,yes,2344197.0,0.0,1.0,,0.635,0.63,0.64,1767831300.0,1767831300.0,1,7:30p,111,123,1,12
KXNBAGAME-26JAN07CHIDET,KXNBAGAME-26JAN07CHIDET-DET,Chicago at Detroit Winner?,2026-01-07,Chicago Bulls,Detroit Pistons,finalized,yes,1061200.0,0.0,1.0,,0.745,0.74,0.75,1767829500.0,1767829500.0,1,7:00p,93,108,1,15
KXNBAGAME-26JAN07TORCHA,KXNBAGAME-26JAN07TORCHA-CHA,Toronto at Charlotte Winner?,2026-01-07,Toronto Raptors,Charlotte Hornets,finalized,no,2276116.0,0.0,0.0,,0.435,0.43,0.44,1767829500.0,1767829500.0,0,7:00p,97,96,0,-1
KXNBAGAME-26JAN07DENBOS,KXNBAGAME-26JAN07DENBOS-BOS,Denver at Boston Winner?,2026-01-07,Denver Nuggets,Boston Celtics,finalized,no,2855235.0,0.0,0.0,,0.755,0.75,0.76,1767829500.0,1767829500.0,0,7:00p,114,110,0,-4
KXNBAGAME-26JAN07ORLBKN,KXNBAGAME-26JAN07ORLBKN-BKN,Orlando at Brooklyn Winner?,2026-01-07,Orlando Magic,Brooklyn Nets,finalized,no,3578038.0,0.0,0.0,,0.45999999999999996,0.45,0.47,1767831300.0,1767831300.0,0,7:30p,104,103,0,-1
KXNBAGAME-26JAN07WASPHI,KXNBAGAME-26JAN07WASPHI-PHI,Washington at Philadelphia Winner?,2026-01-07,Washington Wizards,Philadelphia 76ers,finalized,yes,868634.0,0.0,1.0,,0.855,0.85,0.86,1767829500.0,1767829500.0,1,7:00p,110,131,1,21
KXNBAGAME-26JAN07UTAOKC,KXNBAGAME-26JAN07UTAOKC-OKC,Utah at Oklahoma City Winner?,2026-01-07,Utah Jazz,Oklahoma City Thunder,finalized,yes,6085474.0,0.0,1.0,,0.905,0.9,0.91,1767833100.0,1767833100.0,1,8:00p,125,129,1,4
KXNBAGAME-26JAN07NOPATL,KXNBAGAME-26JAN07NOPATL-ATL,New Orleans at Atlanta Winner?,2026-01-07,New Orleans Pelicans,Atlanta Hawks,finalized,yes,179651.0,0.0,1.0,,0.79,0.78,0.8,1767831300.0,1767831300.0,1,7:30p,100,117,1,17
KXNBAGAME-26JAN07MILGSW,KXNBAGAME-26JAN07MILGSW-GSW,Milwaukee at Golden State Winner?,2026-01-07,Milwaukee Bucks,Golden State Warriors,finalized,yes,2234292.0,0.0,1.0,,0.695,0.69,0.7,1767840300.0,1767840300.0,1,10:00p,113,120,1,7
KXNBAGAME-26JAN07PHXMEM,KXNBAGAME-26JAN07PHXMEM-MEM,Phoenix at Memphis Winner?,2026-01-07,Phoenix Suns,Memphis Grizzlies,finalized,no,421045.0,0.0,0.0,,0.335,0.33,0.34,1767833100.0,1767833100.0,0,8:00p,117,98,0,-19
KXNBAGAME-26JAN07LALSAS,KXNBAGAME-26JAN07LALSAS-SAS,Los Angeles L at San Antonio Winner?,2026-01-07,Los Angeles Lakers,San Antonio Spurs,finalized,yes,2941647.0,0.0,1.0,,0.725,0.72,0.73,1767838500.0,1767838500.0,1,9:30p,91,107,1,16
KXNBAGAME-26JAN07HOUPOR,KXNBAGAME-26JAN07HOUPOR-POR,Houston at Portland Winner?,2026-01-07,Houston Rockets,Portland Trail Blazers,finalized,yes,5511886.0,0.0,1.0,,0.305,0.3,0.31,1767840300.0,1767840300.0,1,10:00p,102,103,1,1
KXNBAGAME-26JAN08INDCHA,KXNBAGAME-26JAN08INDCHA-CHA,Indiana at Charlotte Winner?,2026-01-08,Indiana Pacers,Charlotte Hornets,finalized,no,5728324.0,0.0,0.0,,0.625,0.62,0.63,1767915900.0,1767915900.0,0,7:00p,114,112,0,-2
KXNBAGAME-26JAN08CLEMIN,KXNBAGAME-26JAN08CLEMIN-MIN,Cleveland at Minnesota Winner?,2026-01-08,Cleveland Cavaliers,Minnesota Timberwolves,finalized,yes,3071960.0,0.0,1.0,,0.575,0.57,0.58,1767919500.0,1767919500.0,1,8:00p,122,131,1,9
KXNBAGAME-26JAN08DALUTA,KXNBAGAME-26JAN08DALUTA-UTA,Dallas at Utah Winner?,2026-01-08,Dallas Mavericks,Utah Jazz,finalized,yes,4870259.0,0.0,1.0,,0.365,0.36,0.37,1767923100.0,1767923100.0,1,9:00p,114,116,1,2
KXNBAGAME-26JAN09OKCMEM,KXNBAGAME-26JAN09OKCMEM-MEM,Oklahoma City at Memphis Winner?,2026-01-09,Oklahoma City Thunder,Memphis Grizzlies,finalized,no,3740662.0,0.0,0.0,,0.345,0.34,0.35,1768005900.0,1768005900.0,0,8:00p,117,116,0,-1
KXNBAGAME-26JAN09TORBOS,KXNBAGAME-26JAN09TORBOS-BOS,Toronto at Boston Winner?,2026-01-09,Toronto Raptors,Boston Celtics,finalized,yes,1630053.0,0.0,1.0,,0.77,0.76,0.78,1768002300.0,1768002300.0,1,7:00p,117,125,1,8
KXNBAGAME-26JAN09NYKPHX,KXNBAGAME-26JAN09NYKPHX-PHX,New York at Phoenix Winner?,2026-01-09,New York Knicks,Phoenix Suns,finalized,yes,3844119.0,0.0,1.0,,0.485,0.48,0.49,1768009500.0,1768009500.0,1,9:00p,107,112,1,5
KXNBAGAME-26JAN09PHIORL,KXNBAGAME-26JAN09PHIORL-ORL,Philadelphia at Orlando Winner?,2026-01-09,Philadelphia 76ers,Orlando Magic,finalized,no,2049470.0,0.0,0.0,,0.415,0.41,0.42,1768002300.0,1768002300.0,0,7:00p,103,91,0,-12
KXNBAGAME-26JAN09LACBKN,KXNBAGAME-26JAN09LACBKN-BKN,Los Angeles C at Brooklyn Winner?,2026-01-09,Los Angeles Clippers,Brooklyn Nets,finalized,no,1484569.0,0.0,0.0,,0.335,0.33,0.34,1768004100.0,1768004100.0,0,7:30p,121,105,0,-16
KXNBAGAME-26JAN09MILLAL,KXNBAGAME-26JAN09MILLAL-LAL,Milwaukee at Los Angeles L Winner?,2026-01-09,Milwaukee Bucks,Los Angeles Lakers,finalized,no,8087291.0,0.0,0.0,,0.59,0.58,0.6,1768014900.0,1768014900.0,0,10:30p,105,101,0,-4
KXNBAGAME-26JAN09SACGSW,KXNBAGAME-26JAN09SACGSW-GSW,Sacramento at Golden State Winner?,2026-01-09,Sacramento Kings,Golden State Warriors,finalized,yes,1202646.0,0.0,1.0,,0.86,0.85,0.87,1768013100.0,1768013100.0,1,10:00p,103,137,1,34
KXNBAGAME-26JAN09ATLDEN,KXNBAGAME-26JAN09ATLDEN-DEN,Atlanta at Denver Winner?,2026-01-09,Atlanta Hawks,Denver Nuggets,finalized,no,4608115.0,0.0,0.0,,0.44,0.43,0.45,1768009500.0,1768009500.0,0,9:00p,110,87,0,-23
KXNBAGAME-26JAN09HOUPOR,KXNBAGAME-26JAN09HOUPOR-POR,Houston at Portland Winner?,2026-01-09,Houston Rockets,Portland Trail Blazers,finalized,yes,4753589.0,0.0,1.0,,0.315,0.31,0.32,1768013100.0,1768013100.0,1,10:00p,105,111,1,6
KXNBAGAME-26JAN09NOPWAS,KXNBAGAME-26JAN09NOPWAS-WAS,New Orleans at Washington Winner?,2026-01-09,New Orleans Pelicans,Washington Wizards,finalized,no,1373980.0,0.0,0.0,,0.435,0.43,0.44,1768002300.0,1768002300.0,0,7:00p,128,107,0,-21
KXNBAGAME-26JAN10CHAUTA,KXNBAGAME-26JAN10CHAUTA-UTA,Charlotte at Utah Winner?,2026-01-10,Charlotte Hornets,Utah Jazz,finalized,no,1600057.0,0.0,0.0,,0.365,0.36,0.37,1768097700.0,1768097700.0,0,9:30p,150,95,0,-55
KXNBAGAME-26JAN10SASBOS,KXNBAGAME-26JAN10SASBOS-BOS,San Antonio at Boston Winner?,2026-01-10,San Antonio Spurs,Boston Celtics,finalized,no,2227193.0,0.0,0.0,,0.495,0.49,0.5,1768092300.0,1768092300.0,0,8:00p,100,95,0,-5
KXNBAGAME-26JAN10LACDET,KXNBAGAME-26JAN10LACDET-DET,Los Angeles C at Detroit Winner?,2026-01-10,Los Angeles Clippers,Detroit Pistons,finalized,no,3166616.0,0.0,0.0,,0.525,0.52,0.53,1768090500.0,1768090500.0,0,7:30p,98,92,0,-6
KXNBAGAME-26JAN10MIAIND,KXNBAGAME-26JAN10MIAIND-IND,Miami at Indiana Winner?,2026-01-10,Miami Heat,Indiana Pacers,finalized,yes,1689846.0,0.0,1.0,,0.315,0.31,0.32,1768088700.0,1768088700.0,1,7:00p,99,123,1,24
KXNBAGAME-26JAN10MINCLE,KXNBAGAME-26JAN10MINCLE-CLE,Minnesota at Cleveland Winner?,2026-01-10,Minnesota Timberwolves,Cleveland Cavaliers,finalized,yes,2113218.0,0.0,1.0,,0.565,0.56,0.57,1768067100.0,1768067100.0,1,1:00p,134,146,1,12
KXNBAGAME-26JAN10DALCHI,KXNBAGAME-26JAN10DALCHI-CHI,Dallas at Chicago Winner?,2026-01-10,Dallas Mavericks,Chicago Bulls,finalized,yes,494484.0,0.0,1.0,,0.585,0.58,0.59,1768092300.0,1768092300.0,1,8:00p,107,125,1,18
KXNBAGAME-26JAN11ATLGSW,KXNBAGAME-26JAN11ATLGSW-GSW,Atlanta at Golden State Winner?,2026-01-11,Atlanta Hawks,Golden State Warriors,finalized,no,2931538.0,0.0,0.0,,0.7,0.69,0.71,1768180500.0,1768180500.0,0,8:30p,124,111,0,-13
KXNBAGAME-26JAN11HOUSAC,KXNBAGAME-26JAN11HOUSAC-SAC,Houston at Sacramento Winner?,2026-01-11,Houston Rockets,Sacramento Kings,finalized,yes,5088569.0,0.0,1.0,,0.155,0.15,0.16,1768182300.0,1768182300.0,1,9:00p,98,111,1,13
KXNBAGAME-26JAN11MIAOKC,KXNBAGAME-26JAN11MIAOKC-OKC,Miami at Oklahoma City Winner?,2026-01-11,Miami Heat,Oklahoma City Thunder,finalized,yes,1012065.0,0.0,1.0,,0.855,0.85,0.86,1768175100.0,1768175100.0,1,7:00p,112,124,1,12
KXNBAGAME-26JAN11SASMIN,KXNBAGAME-26JAN11SASMIN-MIN,San Antonio at Minnesota Winner?,2026-01-11,San Antonio Spurs,Minnesota Timberwolves,finalized,yes,3934662.0,0.0,1.0,,0.555,0.55,0.56,1768175100.0,1768175100.0,1,7:00p,103,104,1,1
KXNBAGAME-26JAN11WASPHX,KXNBAGAME-26JAN11WASPHX-PHX,Washington at Phoenix Winner?,2026-01-11,Washington Wizards,Phoenix Suns,finalized,yes,408647.0,0.0,1.0,,0.87,0.86,0.88,1768178700.0,1768178700.0,1,8:00p,93,112,1,19
KXNBAGAME-26JAN11NYKPOR,KXNBAGAME-26JAN11NYKPOR-POR,New York at Portland Winner?,2026-01-11,New York Knicks,Portland Trail Blazers,finalized,no,2429024.0,0.0,0.0,,0.345,0.34,0.35,1768171500.0,1768171500.0,0,6:00p,123,114,0,-9
KXNBAGAME-26JAN11PHITOR,KXNBAGAME-26JAN11PHITOR-TOR,Philadelphia at Toronto Winner?,2026-01-11,Philadelphia 76ers,Toronto Raptors,finalized,yes,3400230.0,0.0,1.0,,0.445,0.44,0.45,1768171500.0,1768171500.0,1,6:00p,115,116,1,1
KXNBAGAME-26JAN11BKNMEM,KXNBAGAME-26JAN11BKNMEM-MEM,Brooklyn at Memphis Winner?,2026-01-11,Brooklyn Nets,Memphis Grizzlies,finalized,yes,2006841.0,0.0,1.0,,0.705,0.7,0.71,1768162500.0,1768162500.0,1,3:30p,98,103,1,5
KXNBAGAME-26JAN11NOPORL,KXNBAGAME-26JAN11NOPORL-ORL,New Orleans at Orlando Winner?,2026-01-11,New Orleans Pelicans,Orlando Magic,finalized,yes,3642249.0,0.0,1.0,,0.695,0.69,0.7,1768160700.0,1768160700.0,1,3:00p,118,128,1,10
KXNBAGAME-26JAN11MILDEN,KXNBAGAME-26JAN11MILDEN-DEN,Milwaukee at Denver Winner?,2026-01-11,Milwaukee Bucks,Denver Nuggets,finalized,yes,3334486.0,0.0,1.0,,0.385,0.38,0.39,1768178700.0,1768178700.0,1,8:00p,104,108,1,4
KXNBAGAME-26JAN12PHITOR,KXNBAGAME-26JAN12PHITOR-TOR,Philadelphia at Toronto Winner?,2026-01-12,Philadelphia 76ers,Toronto Raptors,finalized,no,2166923.0,0.0,0.0,,0.425,0.42,0.43,1768263300.0,1768263300.0,0,7:30p,115,102,0,-13
KXNBAGAME-26JAN12BOSIND,KXNBAGAME-26JAN12BOSIND-IND,Boston at Indiana Winner?,2026-01-12,Boston Celtics,Indiana Pacers,finalized,yes,2830165.0,0.0,1.0,,0.345,0.34,0.35,1768263300.0,1768263300.0,1,7:30p,96,98,1,2
KXNBAGAME-26JAN12BKNDAL,KXNBAGAME-26JAN12BKNDAL-DAL,Brooklyn at Dallas Winner?,2026-01-12,Brooklyn Nets,Dallas Mavericks,finalized,yes,2123119.0,0.0,1.0,,0.585,0.58,0.59,1768266900.0,1768266900.0,1,8:30p,105,113,1,8
KXNBAGAME-26JAN12LALSAC,KXNBAGAME-26JAN12LALSAC-SAC,Los Angeles L at Sacramento Winner?,2026-01-12,Los Angeles Lakers,Sacramento Kings,finalized,yes,6650194.0,0.0,1.0,,0.24,0.23,0.25,1768272300.0,1768272300.0,1,10:00p,112,124,1,12
KXNBAGAME-26JAN12CHALAC,KXNBAGAME-26JAN12CHALAC-LAC,Charlotte at Los Angeles C Winner?,2026-01-12,Charlotte Hornets,Los Angeles Clippers,finalized,yes,3562471.0,0.0,1.0,,0.645,0.64,0.65,1768274100.0,1768274100.0,1,10:30p,109,117,1,8
KXNBAGAME-26JAN12UTACLE,KXNBAGAME-26JAN12UTACLE-CLE,Utah at Cleveland Winner?,2026-01-12,Utah Jazz,Cleveland Cavaliers,finalized,no,3046031.0,0.0,0.0,,0.815,0.81,0.82,1768261500.0,1768261500.0,0,7:00p,123,112,0,-11
KXNBAGAME-26JAN13SASOKC,KXNBAGAME-26JAN13SASOKC-OKC,San Antonio at Oklahoma City Winner?,2026-01-13,San Antonio Spurs,Oklahoma City Thunder,finalized,yes,2061949.0,0.0,1.0,,0.725,0.72,0.73,1768351500.0,1768351500.0,1,8:00p,98,119,1,21
KXNBAGAME-26JAN13DENNOP,KXNBAGAME-26JAN13DENNOP-NOP,Denver at New Orleans Winner?,2026-01-13,Denver Nuggets,New Orleans Pelicans,finalized,no,2255154.0,0.0,0.0,,0.435,0.43,0.44,1768351500.0,1768351500.0,0,8:00p,122,116,0,-6
KXNBAGAME-26JAN13PHXMIA,KXNBAGAME-26JAN13PHXMIA-MIA,Phoenix at Miami Winner?,2026-01-13,Phoenix Suns,Miami Heat,finalized,yes,3418855.0,0.0,1.0,,0.535,0.53,0.54,1768349700.0,1768349700.0,1,7:30p,121,127,1,6
KXNBAGAME-26JAN13CHIHOU,KXNBAGAME-26JAN13CHIHOU-HOU,Chicago at Houston Winner?,2026-01-13,Chicago Bulls,Houston Rockets,finalized,yes,1547600.0,0.0,1.0,,0.825,0.82,0.83,1768351500.0,1768351500.0,1,8:00p,113,119,1,6
KXNBAGAME-26JAN13MINMIL,KXNBAGAME-26JAN13MINMIL-MIL,Minnesota at Milwaukee Winner?,2026-01-13,Minnesota Timberwolves,Milwaukee Bucks,finalized,no,1398883.0,0.0,0.0,,0.525,0.52,0.53,1768351500.0,1768351500.0,0,8:00p,139,106,0,-33
KXNBAGAME-26JAN13ATLLAL,KXNBAGAME-26JAN13ATLLAL-LAL,Atlanta at Los Angeles L Winner?,2026-01-13,Atlanta Hawks,Los Angeles Lakers,finalized,yes,5359338.0,0.0,1.0,,0.515,0.51,0.52,1768360500.0,1768360500.0,1,10:30p,116,141,1,25
KXNBAGAME-26JAN13PORGSW,KXNBAGAME-26JAN13PORGSW-GSW,Portland at Golden State Winner?,2026-01-13,Portland Trail Blazers,Golden State Warriors,finalized,yes,981947.0,0.0,1.0,,0.805,0.8,0.81,1768362300.0,1768362300.0,1,11:00p,97,119,1,22
KXNBAGAME-26JAN14NYKSAC,KXNBAGAME-26JAN14NYKSAC-SAC,New York at Sacramento Winner?,2026-01-14,New York Knicks,Sacramento Kings,finalized,yes,5187375.0,0.0,1.0,,0.20500000000000002,0.2,0.21,1768445100.0,1768445100.0,1,10:00p,101,112,1,11
KXNBAGAME-26JAN14CLEPHI,KXNBAGAME-26JAN14CLEPHI-PHI,Cleveland at Philadelphia Winner?,2026-01-14,Cleveland Cavaliers,Philadelphia 76ers,finalized,no,4136478.0,0.0,0.0,,0.515,0.51,0.52,1768434300.0,1768434300.0,0,7:00p,133,107,0,-26
KXNBAGAME-26JAN14WASLAC,KXNBAGAME-26JAN14WASLAC-LAC,Washington at Los Angeles C Winner?,2026-01-14,Washington Wizards,Los Angeles Clippers,finalized,yes,1202260.0,0.0,1.0,,0.815,0.81,0.82,1768446900.0,1768446900.0,1,10:30p,105,119,1,14
KXNBAGAME-26JAN14DENDAL,KXNBAGAME-26JAN14DENDAL-DAL,Denver at Dallas Winner?,2026-01-14,Denver Nuggets,Dallas Mavericks,finalized,no,4495343.0,0.0,0.0,,0.515,0.51,0.52,1768443300.0,1768443300.0,0,9:30p,118,109,0,-9
KXNBAGAME-26JAN14UTACHI,KXNBAGAME-26JAN14UTACHI-CHI,Utah at Chicago Winner?,2026-01-14,Utah Jazz,Chicago Bulls,finalized,yes,2835256.0,0.0,1.0,,0.665,0.66,0.67,1768437900.0,1768437900.0,1,8:00p,126,128,1,2
KXNBAGAME-26JAN14BKNNOP,KXNBAGAME-26JAN14BKNNOP-NOP,Brooklyn at New Orleans Winner?,2026-01-14,Brooklyn Nets,New Orleans Pelicans,finalized,yes,2837593.0,0.0,1.0,,0.515,0.51,0.52,1768437900.0,1768437900.0,1,8:00p,113,116,1,3
KXNBAGAME-26JAN14TORIND,KXNBAGAME-26JAN14TORIND-IND,Toronto at Indiana Winner?,2026-01-14,Toronto Raptors,Indiana Pacers,finalized,no,2754665.0,0.0,0.0,,0.525,0.52,0.53,1768434300.0,1768434300.0,0,7:00p,115,101,0,-14
KXNBAGAME-26JAN15MILSAS,KXNBAGAME-26JAN15MILSAS-SAS,Milwaukee at San Antonio Winner?,2026-01-15,Milwaukee Bucks,San Antonio Spurs,finalized,yes,1394959.0,0.0,1.0,,0.685,0.68,0.69,1768524300.0,1768524300.0,1,8:00p,101,119,1,18
KXNBAGAME-26JAN15PHXDET,KXNBAGAME-26JAN15PHXDET-DET,Phoenix at Detroit Winner?,2026-01-15,Phoenix Suns,Detroit Pistons,finalized,yes,5790228.0,0.0,1.0,,0.7,0.69,0.71,1768520700.0,1768520700.0,1,7:00p,105,108,1,3
KXNBAGAME-26JAN15BOSMIA,KXNBAGAME-26JAN15BOSMIA-MIA,Boston at Miami Winner?,2026-01-15,Boston Celtics,Miami Heat,finalized,no,3049941.0,0.0,0.0,,0.425,0.42,0.43,1768522500.0,1768522500.0,0,7:30p,119,114,0,-5
KXNBAGAME-26JAN15OKCHOU,KXNBAGAME-26JAN15OKCHOU-HOU,Oklahoma City at Houston Winner?,2026-01-15,Oklahoma City Thunder,Houston Rockets,finalized,no,3685701.0,0.0,0.0,,0.395,0.39,0.4,1768522500.0,1768522500.0,0,7:30p,111,91,0,-20
KXNBAGAME-26JAN15MEMORL,KXNBAGAME-26JAN15MEMORL-ORL,Memphis at Orlando Winner?,2026-01-15,Memphis Grizzlies,Orlando Magic,finalized,yes,6539188.0,0.0,1.0,,0.665,0.66,0.67,1768502700.0,1768502700.0,1,2:00p,111,118,1,7
KXNBAGAME-26JAN15NYKGSW,KXNBAGAME-26JAN15NYKGSW-GSW,New York at Golden State Winner?,2026-01-15,New York Knicks,Golden State Warriors,finalized,yes,4994222.0,0.0,1.0,,0.695,0.69,0.7,1768531500.0,1768531500.0,1,10:00p,113,126,1,13
KXNBAGAME-26JAN15ATLPOR,KXNBAGAME-26JAN15ATLPOR-POR,Atlanta at Portland Winner?,2026-01-15,Atlanta Hawks,Portland Trail Blazers,finalized,yes,3226198.0,0.0,1.0,,0.395,0.39,0.4,1768531500.0,1768531500.0,1,10:00p,101,117,1,16
KXNBAGAME-26JAN15CHALAL,KXNBAGAME-26JAN15CHALAL-LAL,Charlotte at Los Angeles L Winner?,2026-01-15,Charlotte Hornets,Los Angeles Lakers,finalized,no,9318173.0,0.0,0.0,,0.595,0.59,0.6,1768533300.0,1768533300.0,0,10:30p,135,117,0,-18
KXNBAGAME-26JAN15UTADAL,KXNBAGAME-26JAN15UTADAL-DAL,Utah at Dallas Winner?,2026-01-15,Utah Jazz,Dallas Mavericks,finalized,yes,798521.0,0.0,1.0,,0.545,0.54,0.55,1768526100.0,1768526100.0,1,8:30p,122,144,1,22
KXNBAGAME-26JAN16WASSAC,KXNBAGAME-26JAN16WASSAC-SAC,Washington at Sacramento Winner?,2026-01-16,Washington Wizards,Sacramento Kings,finalized,yes,2377067.0,0.0,1.0,,0.705,0.7,0.71,1768617900.0,1768617900.0,1,10:00p,115,128,1,13
KXNBAGAME-26JAN16LACTOR,KXNBAGAME-26JAN16LACTOR-TOR,Los Angeles C at Toronto Winner?,2026-01-16,Los Angeles Clippers,Toronto Raptors,finalized,no,5153318.0,0.0,0.0,,0.555,0.55,0.56,1768608900.0,1768608900.0,0,7:30p,121,117,0,-4
KXNBAGAME-26JAN16MINHOU,KXNBAGAME-26JAN16MINHOU-HOU,Minnesota at Houston Winner?,2026-01-16,Minnesota Timberwolves,Houston Rockets,finalized,yes,8321667.0,0.0,1.0,,0.605,0.6,0.61,1768616100.0,1768616100.0,1,9:30p,105,110,1,5
KXNBAGAME-26JAN16NOPIND,KXNBAGAME-26JAN16NOPIND-IND,New Orleans at Indiana Winner?,2026-01-16,New Orleans Pelicans,Indiana Pacers,finalized,yes,1431818.0,0.0,1.0,,0.635,0.63,0.64,1768607100.0,1768607100.0,1,7:00p,119,127,1,8
KXNBAGAME-26JAN16CLEPHI,KXNBAGAME-26JAN16CLEPHI-PHI,Cleveland at Philadelphia Winner?,2026-01-16,Cleveland Cavaliers,Philadelphia 76ers,finalized,no,4863825.0,0.0,0.0,,0.565,0.56,0.57,1768607100.0,1768607100.0,0,7:00p,117,115,0,-2
KXNBAGAME-26JAN16CHIBKN,KXNBAGAME-26JAN16CHIBKN-BKN,Chicago at Brooklyn Winner?,2026-01-16,Chicago Bulls,Brooklyn Nets,finalized,yes,2137659.0,0.0,1.0,,0.505,0.5,0.51,1768608900.0,1768608900.0,1,7:30p,109,112,1,3
KXNBAGAME-26JAN17UTADAL,KXNBAGAME-26JAN17UTADAL-DAL,Utah at Dallas Winner?,2026-01-17,Utah Jazz,Dallas Mavericks,finalized,yes,1268747.0,0.0,1.0,,0.585,0.58,0.59,1768686300.0,1768686300.0,1,5:00p,120,138,1,18
KXNBAGAME-26JAN17CHAGSW,KXNBAGAME-26JAN17CHAGSW-GSW,Charlotte at Golden State Winner?,2026-01-17,Charlotte Hornets,Golden State Warriors,finalized,yes,1006354.0,0.0,1.0,,0.715,0.71,0.72,1768698900.0,1768698900.0,1,8:30p,116,136,1,20
KXNBAGAME-26JAN17MINSAS,KXNBAGAME-26JAN17MINSAS-SAS,Minnesota at San Antonio Winner?,2026-01-17,Minnesota Timberwolves,San Antonio Spurs,finalized,yes,2096238.0,0.0,1.0,,0.625,0.62,0.63,1768697100.0,1768697100.0,1,8:00p,123,126,1,3
KXNBAGAME-26JAN17BOSATL,KXNBAGAME-26JAN17BOSATL-ATL,Boston at Atlanta Winner?,2026-01-17,Boston Celtics,Atlanta Hawks,finalized,no,705103.0,0.0,0.0,,0.405,0.4,0.41,1768695300.0,1768695300.0,0,7:30p,132,106,0,-26
KXNBAGAME-26JAN17WASDEN,KXNBAGAME-26JAN17WASDEN-DEN,Washington at Denver Winner?,2026-01-17,Washington Wizards,Denver Nuggets,finalized,yes,4151262.0,0.0,1.0,,0.805,0.8,0.81,1768700700.0,1768700700.0,1,9:00p,115,121,1,6
KXNBAGAME-26JAN17LALPOR,KXNBAGAME-26JAN17LALPOR-POR,Los Angeles L at Portland Winner?,2026-01-17,Los Angeles Lakers,Portland Trail Blazers,finalized,yes,2205671.0,0.0,1.0,,0.575,0.57,0.58,1768704300.0,1768704300.0,1,10:00p,116,132,1,16
KXNBAGAME-26JAN17INDDET,KXNBAGAME-26JAN17INDDET-DET,Indiana at Detroit Winner?,2026-01-17,Indiana Pacers,Detroit Pistons,finalized,yes,353437.0,0.0,1.0,,0.875,0.87,0.88,1768695300.0,1768695300.0,1,7:30p,78,121,1,43
KXNBAGAME-26JAN17OKCMIA,KXNBAGAME-26JAN17OKCMIA-MIA,Oklahoma City at Miami Winner?,2026-01-17,Oklahoma City Thunder,Miami Heat,finalized,yes,3674439.0,0.0,1.0,,0.195,0.19,0.2,1768697100.0,1768697100.0,1,8:00p,120,122,1,2
KXNBAGAME-26JAN17PHXNYK,KXNBAGAME-26JAN17PHXNYK-NYK,Phoenix at New York Winner?,2026-01-17,Phoenix Suns,New York Knicks,finalized,no,3374176.0,0.0,0.0,,0.525,0.52,0.53,1768695300.0,1768695300.0,0,7:30p,106,99,0,-7
KXNBAGAME-26JAN18PORSAC,KXNBAGAME-26JAN18PORSAC-SAC,Portland at Sacramento Winner?,2026-01-18,Portland Trail Blazers,Sacramento Kings,finalized,no,4301694.0,0.0,0.0,,0.495,0.49,0.5,1768787100.0,1768787100.0,0,9:00p,117,110,0,-7
KXNBAGAME-26JAN18ORLMEM,KXNBAGAME-26JAN18ORLMEM-MEM,Orlando at Memphis Winner?,2026-01-18,Orlando Magic,Memphis Grizzlies,finalized,yes,1852538.0,0.0,1.0,,0.425,0.42,0.43,1768754700.0,1768754700.0,1,12:00p,109,126,1,17
KXNBAGAME-26JAN18BKNCHI,KXNBAGAME-26JAN18BKNCHI-CHI,Brooklyn at Chicago Winner?,2026-01-18,Brooklyn Nets,Chicago Bulls,finalized,yes,770052.0,0.0,1.0,,0.7,0.69,0.71,1768779900.0,1768779900.0,1,7:00p,102,124,1,22
KXNBAGAME-26JAN18CHADEN,KXNBAGAME-26JAN18CHADEN-DEN,Charlotte at Denver Winner?,2026-01-18,Charlotte Hornets,Denver Nuggets,finalized,no,2597744.0,0.0,0.0,,0.455,0.45,0.46,1768783500.0,1768783500.0,0,8:00p,110,87,0,-23
KXNBAGAME-26JAN18NOPHOU,KXNBAGAME-26JAN18NOPHOU-HOU,New Orleans at Houston Winner?,2026-01-18,New Orleans Pelicans,Houston Rockets,finalized,yes,730039.0,0.0,1.0,,0.865,0.86,0.87,1768779900.0,1768779900.0,1,7:00p,110,119,1,9
KXNBAGAME-26JAN18TORLAL,KXNBAGAME-26JAN18TORLAL-LAL,Toronto at Los Angeles L Winner?,2026-01-18,Toronto Raptors,Los Angeles Lakers,finalized,yes,4908034.0,0.0,1.0,,0.555,0.55,0.56,1768788900.0,1768788900.0,1,9:30p,93,110,1,17
KXNBAGAME-26JAN19MILATL,KXNBAGAME-26JAN19MILATL-ATL,Milwaukee at Atlanta Winner?,2026-01-19,Milwaukee Bucks,Atlanta Hawks,finalized,no,5155929.0,0.0,0.0,,0.525,0.52,0.53,1768844700.0,1768844700.0,0,1:00p,112,110,0,-2
KXNBAGAME-26JAN19LACWAS,KXNBAGAME-26JAN19LACWAS-WAS,Los Angeles C at Washington Winner?,2026-01-19,Los Angeles Clippers,Washington Wizards,finalized,no,3364827.0,0.0,0.0,,0.28500000000000003,0.28,0.29,1768851900.0,1768851900.0,0,3:00p,110,106,0,-4
KXNBAGAME-26JAN19OKCCLE,KXNBAGAME-26JAN19OKCCLE-CLE,Oklahoma City at Cleveland Winner?,2026-01-19,Oklahoma City Thunder,Cleveland Cavaliers,finalized,no,2355318.0,0.0,0.0,,0.33499999999999996,0.32,0.35,1768850100.0,1768850100.0,0,2:30p,136,104,0,-32
KXNBAGAME-26JAN19UTASAS,KXNBAGAME-26JAN19UTASAS-SAS,Utah at San Antonio Winner?,2026-01-19,Utah Jazz,San Antonio Spurs,finalized,yes,1339872.0,0.0,1.0,,0.895,0.89,0.9,1768859100.0,1768859100.0,1,5:00p,110,123,1,13
KXNBAGAME-26JAN19DALNYK,KXNBAGAME-26JAN19DALNYK-NYK,Dallas at New York Winner?,2026-01-19,Dallas Mavericks,New York Knicks,finalized,no,3745633.0,0.0,0.0,,0.8200000000000001,0.81,0.83,1768859100.0,1768859100.0,0,5:00p,114,97,0,-17
KXNBAGAME-26JAN19PHXBKN,KXNBAGAME-26JAN19PHXBKN-BKN,Phoenix at Brooklyn Winner?,2026-01-19,Phoenix Suns,Brooklyn Nets,finalized,no,2052909.0,0.0,0.0,,0.215,0.21,0.22,1768868100.0,1768868100.0,0,7:30p,126,117,0,-9
KXNBAGAME-26JAN19MIAGSW,KXNBAGAME-26JAN19MIAGSW-GSW,Miami at Golden State Winner?,2026-01-19,Miami Heat,Golden State Warriors,finalized,yes,4243336.0,0.0,1.0,,0.645,0.64,0.65,1768877100.0,1768877100.0,1,10:00p,112,135,1,23
KXNBAGAME-26JAN19INDPHI,KXNBAGAME-26JAN19INDPHI-PHI,Indiana at Philadelphia Winner?,2026-01-19,Indiana Pacers,Philadelphia 76ers,finalized,yes,3175060.0,0.0,1.0,,0.705,0.7,0.71,1768866300.0,1768866300.0,1,7:00p,104,113,1,9
KXNBAGAME-26JAN19BOSDET,KXNBAGAME-26JAN19BOSDET-DET,Boston at Detroit Winner?,2026-01-19,Boston Celtics,Detroit Pistons,finalized,yes,4583002.0,0.0,1.0,,0.565,0.56,0.57,1768869900.0,1768869900.0,1,8:00p,103,104,1,1
KXNBAGAME-26JAN20PHXPHI,KXNBAGAME-26JAN20PHXPHI-PHI,Phoenix at Philadelphia Winner?,2026-01-20,Phoenix Suns,Philadelphia 76ers,finalized,no,3582469.0,0.0,0.0,,0.445,0.44,0.45,1768952700.0,1768952700.0,0,7:00p,116,110,0,-6
KXNBAGAME-26JAN20SASHOU,KXNBAGAME-26JAN20SASHOU-HOU,San Antonio at Houston Winner?,2026-01-20,San Antonio Spurs,Houston Rockets,finalized,yes,4023255.0,0.0,1.0,,0.61,0.6,0.62,1768956300.0,1768956300.0,1,8:00p,106,111,1,5
KXNBAGAME-26JAN20LACCHI,KXNBAGAME-26JAN20LACCHI-CHI,Los Angeles C at Chicago Winner?,2026-01-20,Los Angeles Clippers,Chicago Bulls,finalized,yes,1143876.0,0.0,1.0,,0.565,0.56,0.57,1768956300.0,1768956300.0,1,8:00p,110,138,1,28
KXNBAGAME-26JAN20MINUTA,KXNBAGAME-26JAN20MINUTA-UTA,Minnesota at Utah Winner?,2026-01-20,Minnesota Timberwolves,Utah Jazz,finalized,yes,6506108.0,0.0,1.0,,0.15000000000000002,0.14,0.16,1768959900.0,1768959900.0,1,9:00p,122,127,1,5
KXNBAGAME-26JAN20LALDEN,KXNBAGAME-26JAN20LALDEN-DEN,Los Angeles L at Denver Winner?,2026-01-20,Los Angeles Lakers,Denver Nuggets,finalized,no,5599641.0,0.0,0.0,,0.415,0.41,0.42,1768963500.0,1768963500.0,0,10:00p,115,107,0,-8
KXNBAGAME-26JAN20TORGSW,KXNBAGAME-26JAN20TORGSW-GSW,Toronto at Golden State Winner?,2026-01-20,Toronto Raptors,Golden State Warriors,finalized,no,3279713.0,0.0,0.0,,0.605,0.6,0.61,1768963500.0,1768963500.0,0,10:00p,145,127,0,-18
KXNBAGAME-26JAN20MIASAC,KXNBAGAME-26JAN20MIASAC-SAC,Miami at Sacramento Winner?,2026-01-20,Miami Heat,Sacramento Kings,finalized,no,1797679.0,0.0,0.0,,0.385,0.38,0.39,1768963500.0,1768963500.0,0,10:00p,130,117,0,-13
KXNBAGAME-26JAN21CLECHA,KXNBAGAME-26JAN21CLECHA-CHA,Cleveland at Charlotte Winner?,2026-01-21,Cleveland Cavaliers,Charlotte Hornets,finalized,no,4039892.0,0.0,0.0,,0.405,0.4,0.41,1769039100.0,1769039100.0,0,7:00p,94,87,0,-7
KXNBAGAME-26JAN21BKNNYK,KXNBAGAME-26JAN21BKNNYK-NYK,Brooklyn at New York Winner?,2026-01-21,Brooklyn Nets,New York Knicks,finalized,yes,704575.0,0.0,1.0,,0.845,0.84,0.85,1769040900.0,1769040900.0,1,7:30p,66,120,1,54
KXNBAGAME-26JAN21ATLMEM,KXNBAGAME-26JAN21ATLMEM-MEM,Atlanta at Memphis Winner?,2026-01-21,Atlanta Hawks,Memphis Grizzlies,finalized,no,4499915.0,0.0,0.0,,0.53,0.52,0.54,1769042700.0,1769042700.0,0,8:00p,124,122,0,-2
KXNBAGAME-26JAN21DETNOP,KXNBAGAME-26JAN21DETNOP-NOP,Detroit at New Orleans Winner?,2026-01-21,Detroit Pistons,New Orleans Pelicans,finalized,no,1850688.0,0.0,0.0,,0.295,0.29,0.3,1769042700.0,1769042700.0,0,8:00p,112,104,0,-8
KXNBAGAME-26JAN21OKCMIL,KXNBAGAME-26JAN21OKCMIL-MIL,Oklahoma City at Milwaukee Winner?,2026-01-21,Oklahoma City Thunder,Milwaukee Bucks,finalized,no,2713398.0,0.0,0.0,,0.175,0.17,0.18,1769048100.0,1769048100.0,0,9:30p,122,102,0,-20
KXNBAGAME-26JAN21TORSAC,KXNBAGAME-26JAN21TORSAC-SAC,Toronto at Sacramento Winner?,2026-01-21,Toronto Raptors,Sacramento Kings,finalized,no,5100811.0,0.0,0.0,,0.355,0.35,0.36,1769049900.0,1769049900.0,0,10:00p,122,109,0,-13
KXNBAGAME-26JAN21INDBOS,KXNBAGAME-26JAN21INDBOS-BOS,Indiana at Boston Winner?,2026-01-21,Indiana Pacers,Boston Celtics,finalized,yes,1169922.0,0.0,1.0,,0.795,0.79,0.8,1769040900.0,1769040900.0,1,7:30p,104,119,1,15
KXNBAGAME-26JAN22HOUPHI,KXNBAGAME-26JAN22HOUPHI-PHI,Houston at Philadelphia Winner?,2026-01-22,Houston Rockets,Philadelphia 76ers,finalized,yes,5660619.0,0.0,1.0,,0.445,0.44,0.45,1769125500.0,1769125500.0,1,7:00p,122,128,1,6
KXNBAGAME-26JAN22CHAORL,KXNBAGAME-26JAN22CHAORL-ORL,Charlotte at Orlando Winner?,2026-01-22,Charlotte Hornets,Orlando Magic,finalized,no,2414564.0,0.0,0.0,,0.595,0.59,0.6,1769125500.0,1769125500.0,0,7:00p,124,97,0,-27
KXNBAGAME-26JAN22DENWAS,KXNBAGAME-26JAN22DENWAS-WAS,Denver at Washington Winner?,2026-01-22,Denver Nuggets,Washington Wizards,finalized,no,2362083.0,0.0,0.0,,0.305,0.3,0.31,1769125500.0,1769125500.0,0,7:00p,107,97,0,-10
KXNBAGAME-26JAN22CHIMIN,KXNBAGAME-26JAN22CHIMIN-MIN,Chicago at Minnesota Winner?,2026-01-22,Chicago Bulls,Minnesota Timberwolves,finalized,no,3990963.0,0.0,0.0,,0.765,0.76,0.77,1769129100.0,1769129100.0,0,8:00p,120,115,0,-5
KXNBAGAME-26JAN22LALLAC,KXNBAGAME-26JAN22LALLAC-LAC,Los Angeles L at Los Angeles C Winner?,2026-01-22,Los Angeles Lakers,Los Angeles Clippers,finalized,yes,6560381.0,0.0,1.0,,0.565,0.56,0.57,1769136300.0,1769136300.0,1,10:00p,104,112,1,8
KXNBAGAME-26JAN22GSWDAL,KXNBAGAME-26JAN22GSWDAL-DAL,Golden State at Dallas Winner?,2026-01-22,Golden State Warriors,Dallas Mavericks,finalized,yes,5147182.0,0.0,1.0,,0.315,0.31,0.32,1769127300.0,1769127300.0,1,7:30p,115,123,1,8
KXNBAGAME-26JAN22MIAPOR,KXNBAGAME-26JAN22MIAPOR-POR,Miami at Portland Winner?,2026-01-22,Miami Heat,Portland Trail Blazers,finalized,yes,2780851.0,0.0,1.0,,0.585,0.58,0.59,1769136300.0,1769136300.0,1,10:00p,110,127,1,17
KXNBAGAME-26JAN22SASUTA,KXNBAGAME-26JAN22SASUTA-UTA,San Antonio at Utah Winner?,2026-01-22,San Antonio Spurs,Utah Jazz,finalized,no,6054729.0,0.0,0.0,,0.175,0.17,0.18,1769132700.0,1769132700.0,0,9:00p,126,109,0,-17
KXNBAGAME-26JAN23NOPMEM,KXNBAGAME-26JAN23NOPMEM-MEM,New Orleans at Memphis Winner?,2026-01-23,New Orleans Pelicans,Memphis Grizzlies,finalized,no,1367887.0,0.0,0.0,,0.635,0.63,0.64,1769215500.0,1769215500.0,0,8:00p,133,127,0,-6
KXNBAGAME-26JAN23BOSBKN,KXNBAGAME-26JAN23BOSBKN-BKN,Boston at Brooklyn Winner?,2026-01-23,Boston Celtics,Brooklyn Nets,finalized,no,5357968.0,0.0,0.0,,0.245,0.24,0.25,1769213700.0,1769213700.0,0,7:30p,130,126,0,-4
KXNBAGAME-26JAN23PHXATL,KXNBAGAME-26JAN23PHXATL-ATL,Phoenix at Atlanta Winner?,2026-01-23,Phoenix Suns,Atlanta Hawks,finalized,yes,1555888.0,0.0,1.0,,0.415,0.41,0.42,1769213700.0,1769213700.0,1,7:30p,103,110,1,7
KXNBAGAME-26JAN23HOUDET,KXNBAGAME-26JAN23HOUDET-DET,Houston at Detroit Winner?,2026-01-23,Houston Rockets,Detroit Pistons,finalized,no,6913336.0,0.0,0.0,,0.605,0.6,0.61,1769211900.0,1769211900.0,0,7:00p,111,104,0,-7
KXNBAGAME-26JAN23SACCLE,KXNBAGAME-26JAN23SACCLE-CLE,Sacramento at Cleveland Winner?,2026-01-23,Sacramento Kings,Cleveland Cavaliers,finalized,yes,1005980.0,0.0,1.0,,0.825,0.82,0.83,1769213700.0,1769213700.0,1,7:30p,118,123,1,5
KXNBAGAME-26JAN23INDOKC,KXNBAGAME-26JAN23INDOKC-OKC,Indiana at Oklahoma City Winner?,2026-01-23,Indiana Pacers,Oklahoma City Thunder,finalized,no,5105776.0,0.0,0.0,,0.885,0.88,0.89,1769215500.0,1769215500.0,0,8:00p,117,114,0,-3
KXNBAGAME-26JAN23DENMIL,KXNBAGAME-26JAN23DENMIL-MIL,Denver at Milwaukee Winner?,2026-01-23,Denver Nuggets,Milwaukee Bucks,finalized,no,5292188.0,0.0,0.0,,0.725,0.72,0.73,1769220900.0,1769220900.0,0,9:30p,102,100,0,-2
KXNBAGAME-26JAN23TORPOR,KXNBAGAME-26JAN23TORPOR-POR,Toronto at Portland Winner?,2026-01-23,Toronto Raptors,Portland Trail Blazers,finalized,no,4480059.0,0.0,0.0,,0.395,0.39,0.4,1769222700.0,1769222700.0,0,10:00p,110,98,0,-12
KXNBAGAME-26JAN24NYKPHI,KXNBAGAME-26JAN24NYKPHI-PHI,New York at Philadelphia Winner?,2026-01-24,New York Knicks,Philadelphia 76ers,finalized,no,7356169.0,0.0,0.0,,0.505,0.5,0.51,1769283900.0,1769283900.0,0,3:00p,112,109,0,-3
KXNBAGAME-26JAN24WASCHA,KXNBAGAME-26JAN24WASCHA-CHA,Washington at Charlotte Winner?,2026-01-24,Washington Wizards,Charlotte Hornets,finalized,yes,1713512.0,0.0,1.0,,0.81,0.8,0.82,1769273100.0,1769273100.0,1,12:00p,115,119,1,4
KXNBAGAME-26JAN24CLEORL,KXNBAGAME-26JAN24CLEORL-ORL,Cleveland at Orlando Winner?,2026-01-24,Cleveland Cavaliers,Orlando Magic,finalized,no,3892287.0,0.0,0.0,,0.525,0.52,0.53,1769298300.0,1769298300.0,0,7:00p,119,105,0,-14
KXNBAGAME-26JAN24BOSCHI,KXNBAGAME-26JAN24BOSCHI-CHI,Boston at Chicago Winner?,2026-01-24,Boston Celtics,Chicago Bulls,finalized,yes,4525583.0,0.0,1.0,,0.415,0.41,0.42,1769301900.0,1769301900.0,1,8:00p,111,114,1,3
KXNBAGAME-26JAN24MIAUTA,KXNBAGAME-26JAN24MIAUTA-UTA,Miami at Utah Winner?,2026-01-24,Miami Heat,Utah Jazz,finalized,no,2869954.0,0.0,0.0,,0.315,0.31,0.32,1769307300.0,1769307300.0,0,9:30p,147,116,0,-31
KXNBAGAME-26JAN24LALDAL,KXNBAGAME-26JAN24LALDAL-DAL,Los Angeles L at Dallas Winner?,2026-01-24,Los Angeles Lakers,Dallas Mavericks,finalized,no,5417852.0,0.0,0.0,,0.385,0.38,0.39,1769303700.0,1769303700.0,0,8:30p,116,110,0,-6
KXNBAGAME-26JAN25NOPSAS,KXNBAGAME-26JAN25NOPSAS-SAS,New Orleans at San Antonio Winner?,2026-01-25,New Orleans Pelicans,San Antonio Spurs,finalized,no,4050491.0,0.0,0.0,,0.8200000000000001,0.81,0.83,1769384700.0,1769384700.0,0,7:00p,104,95,0,-9
KXNBAGAME-26JAN25SACDET,KXNBAGAME-26JAN25SACDET-DET,Sacramento at Detroit Winner?,2026-01-25,Sacramento Kings,Detroit Pistons,finalized,yes,1165871.0,0.0,1.0,,0.845,0.84,0.85,1769370300.0,1769370300.0,1,3:00p,116,139,1,23
KXNBAGAME-26JAN25BKNLAC,KXNBAGAME-26JAN25BKNLAC-LAC,Brooklyn at Los Angeles C Winner?,2026-01-25,Brooklyn Nets,Los Angeles Clippers,finalized,yes,805029.0,0.0,1.0,,0.805,0.8,0.81,1769391900.0,1769391900.0,1,9:00p,89,126,1,37
KXNBAGAME-26JAN25TOROKC,KXNBAGAME-26JAN25TOROKC-OKC,Toronto at Oklahoma City Winner?,2026-01-25,Toronto Raptors,Oklahoma City Thunder,finalized,no,3057326.0,0.0,0.0,,0.815,0.81,0.82,1769384700.0,1769384700.0,0,7:00p,103,101,0,-2
KXNBAGAME-26JAN25MIAPHX,KXNBAGAME-26JAN25MIAPHX-PHX,Miami at Phoenix Winner?,2026-01-25,Miami Heat,Phoenix Suns,finalized,no,4512782.0,0.0,0.0,,0.625,0.62,0.63,1769388300.0,1769388300.0,0,8:00p,111,102,0,-9
KXNBAGAME-26JAN26ORLCLE,KXNBAGAME-26JAN26ORLCLE-CLE,Orlando at Cleveland Winner?,2026-01-26,Orlando Magic,Cleveland Cavaliers,finalized,yes,4342924.0,0.0,1.0,,0.665,0.66,0.67,1769471100.0,1769471100.0,1,7:00p,98,114,1,16
KXNBAGAME-26JAN26INDATL,KXNBAGAME-26JAN26INDATL-ATL,Indiana at Atlanta Winner?,2026-01-26,Indiana Pacers,Atlanta Hawks,finalized,yes,6300440.0,0.0,1.0,,0.655,0.65,0.66,1769451300.0,1769451300.0,1,1:30p,116,132,1,16
KXNBAGAME-26JAN26MEMHOU,KXNBAGAME-26JAN26MEMHOU-HOU,Memphis at Houston Winner?,2026-01-26,Memphis Grizzlies,Houston Rockets,finalized,yes,3020696.0,0.0,1.0,,0.815,0.81,0.82,1769474700.0,1769474700.0,1,8:00p,99,108,1,9
KXNBAGAME-26JAN26PHICHA,KXNBAGAME-26JAN26PHICHA-CHA,Philadelphia at Charlotte Winner?,2026-01-26,Philadelphia 76ers,Charlotte Hornets,finalized,yes,3293831.0,0.0,1.0,,0.535,0.53,0.54,1769456700.0,1769456700.0,1,3:00p,93,130,1,37
KXNBAGAME-26JAN26PORBOS,KXNBAGAME-26JAN26PORBOS-BOS,Portland at Boston Winner?,2026-01-26,Portland Trail Blazers,Boston Celtics,finalized,yes,1566875.0,0.0,1.0,,0.755,0.75,0.76,1769474700.0,1769474700.0,1,8:00p,94,102,1,8
KXNBAGAME-26JAN26LALCHI,KXNBAGAME-26JAN26LALCHI-CHI,Los Angeles L at Chicago Winner?,2026-01-26,Los Angeles Lakers,Chicago Bulls,finalized,no,4380544.0,0.0,0.0,,0.475,0.47,0.48,1769474700.0,1769474700.0,0,8:00p,129,118,0,-11
KXNBAGAME-26JAN26GSWMIN,KXNBAGAME-26JAN26GSWMIN-MIN,Golden State at Minnesota Winner?,2026-01-26,Golden State Warriors,Minnesota Timberwolves,finalized,yes,3457785.0,0.0,1.0,,0.725,0.72,0.73,1769480100.0,1769480100.0,1,9:30p,83,108,1,25
KXNBAGAME-26JAN27SACNYK,KXNBAGAME-26JAN27SACNYK-NYK,Sacramento at New York Winner?,2026-01-27,Sacramento Kings,New York Knicks,finalized,yes,1963118.0,0.0,1.0,,0.875,0.87,0.88,1769559300.0,1769559300.0,1,7:30p,87,103,1,16
KXNBAGAME-26JAN27PORWAS,KXNBAGAME-26JAN27PORWAS-WAS,Portland at Washington Winner?,2026-01-27,Portland Trail Blazers,Washington Wizards,finalized,yes,3047278.0,0.0,1.0,,0.315,0.31,0.32,1769557500.0,1769557500.0,1,7:00p,111,115,1,4
KXNBAGAME-26JAN27NOPOKC,KXNBAGAME-26JAN27NOPOKC-OKC,New Orleans at Oklahoma City Winner?,2026-01-27,New Orleans Pelicans,Oklahoma City Thunder,finalized,yes,1785386.0,0.0,1.0,,0.865,0.86,0.87,1769561100.0,1769561100.0,1,8:00p,95,104,1,9
KXNBAGAME-26JAN27LACUTA,KXNBAGAME-26JAN27LACUTA-UTA,Los Angeles C at Utah Winner?,2026-01-27,Los Angeles Clippers,Utah Jazz,finalized,no,3847367.0,0.0,0.0,,0.245,0.24,0.25,1769568300.0,1769568300.0,0,10:00p,115,103,0,-12
KXNBAGAME-26JAN27DETDEN,KXNBAGAME-26JAN27DETDEN-DEN,Detroit at Denver Winner?,2026-01-27,Detroit Pistons,Denver Nuggets,finalized,no,5199710.0,0.0,0.0,,0.295,0.29,0.3,1769564700.0,1769564700.0,0,9:00p,109,107,0,-2
KXNBAGAME-26JAN27BKNPHX,KXNBAGAME-26JAN27BKNPHX-PHX,Brooklyn at Phoenix Winner?,2026-01-27,Brooklyn Nets,Phoenix Suns,finalized,yes,3728055.0,0.0,1.0,,0.735,0.73,0.74,1769564700.0,1769564700.0,1,9:00p,102,106,1,4
KXNBAGAME-26JAN27MILPHI,KXNBAGAME-26JAN27MILPHI-PHI,Milwaukee at Philadelphia Winner?,2026-01-27,Milwaukee Bucks,Philadelphia 76ers,finalized,yes,1335877.0,0.0,1.0,,0.775,0.77,0.78,1769561100.0,1769561100.0,1,8:00p,122,139,1,17
KXNBAGAME-26JAN28SASHOU,KXNBAGAME-26JAN28SASHOU-HOU,San Antonio at Houston Winner?,2026-01-28,San Antonio Spurs,Houston Rockets,finalized,no,5604934.0,0.0,0.0,,0.565,0.56,0.57,1769652900.0,1769652900.0,0,9:30p,111,99,0,-12
KXNBAGAME-26JAN28MINDAL,KXNBAGAME-26JAN28MINDAL-DAL,Minnesota at Dallas Winner?,2026-01-28,Minnesota Timberwolves,Dallas Mavericks,finalized,no,2033982.0,0.0,0.0,,0.255,0.25,0.26,1769649300.0,1769649300.0,0,8:30p,118,105,0,-13
KXNBAGAME-26JAN28GSWUTA,KXNBAGAME-26JAN28GSWUTA-UTA,Golden State at Utah Winner?,2026-01-28,Golden State Warriors,Utah Jazz,finalized,no,2506271.0,0.0,0.0,,0.275,0.27,0.28,1769651100.0,1769651100.0,0,9:00p,140,124,0,-16
KXNBAGAME-26JAN28CHAMEM,KXNBAGAME-26JAN28CHAMEM-MEM,Charlotte at Memphis Winner?,2026-01-28,Charlotte Hornets,Memphis Grizzlies,finalized,no,781226.0,0.0,0.0,,0.455,0.45,0.46,1769647500.0,1769647500.0,0,8:00p,112,97,0,-15
KXNBAGAME-26JAN28ATLBOS,KXNBAGAME-26JAN28ATLBOS-BOS,Atlanta at Boston Winner?,2026-01-28,Atlanta Hawks,Boston Celtics,finalized,no,3758127.0,0.0,0.0,,0.655,0.65,0.66,1769645700.0,1769645700.0,0,7:30p,117,106,0,-11
KXNBAGAME-26JAN28LALCLE,KXNBAGAME-26JAN28LALCLE-CLE,Los Angeles L at Cleveland Winner?,2026-01-28,Los Angeles Lakers,Cleveland Cavaliers,finalized,yes,2620690.0,0.0,1.0,,0.605,0.6,0.61,1769643900.0,1769643900.0,1,7:00p,99,129,1,30
KXNBAGAME-26JAN28ORLMIA,KXNBAGAME-26JAN28ORLMIA-MIA,Orlando at Miami Winner?,2026-01-28,Orlando Magic,Miami Heat,finalized,no,1806132.0,0.0,0.0,,0.585,0.58,0.59,1769645700.0,1769645700.0,0,7:30p,133,124,0,-9
KXNBAGAME-26JAN28CHIIND,KXNBAGAME-26JAN28CHIIND-IND,Chicago at Indiana Winner?,2026-01-28,Chicago Bulls,Indiana Pacers,finalized,yes,2079408.0,0.0,1.0,,0.455,0.45,0.46,1769643900.0,1769643900.0,1,7:00p,110,113,1,3
KXNBAGAME-26JAN28NYKTOR,KXNBAGAME-26JAN28NYKTOR-TOR,New York at Toronto Winner?,2026-01-28,New York Knicks,Toronto Raptors,finalized,no,1510413.0,0.0,0.0,,0.525,0.52,0.53,1769645700.0,1769645700.0,0,7:30p,119,92,0,-27
KXNBAGAME-26JAN29BKNDEN,KXNBAGAME-26JAN29BKNDEN-DEN,Brooklyn at Denver Winner?,2026-01-29,Brooklyn Nets,Denver Nuggets,finalized,yes,2122550.0,0.0,1.0,,0.695,0.69,0.7,1769737500.0,1769737500.0,1,9:00p,103,107,1,4
KXNBAGAME-26JAN29OKCMIN,KXNBAGAME-26JAN29OKCMIN-MIN,Oklahoma City at Minnesota Winner?,2026-01-29,Oklahoma City Thunder,Minnesota Timberwolves,finalized,yes,3904325.0,0.0,1.0,,0.365,0.36,0.37,1769739300.0,1769739300.0,1,9:30p,111,123,1,12
KXNBAGAME-26JAN29DETPHX,KXNBAGAME-26JAN29DETPHX-PHX,Detroit at Phoenix Winner?,2026-01-29,Detroit Pistons,Phoenix Suns,finalized,yes,1733482.0,0.0,1.0,,0.415,0.41,0.42,1769737500.0,1769737500.0,1,9:00p,96,114,1,18
KXNBAGAME-26JAN29MILWAS,KXNBAGAME-26JAN29MILWAS-WAS,Milwaukee at Washington Winner?,2026-01-29,Milwaukee Bucks,Washington Wizards,finalized,yes,2898508.0,0.0,1.0,,0.46499999999999997,0.46,0.47,1769730300.0,1769730300.0,1,7:00p,99,109,1,10
KXNBAGAME-26JAN29HOUATL,KXNBAGAME-26JAN29HOUATL-ATL,Houston at Atlanta Winner?,2026-01-29,Houston Rockets,Atlanta Hawks,finalized,no,2241376.0,0.0,0.0,,0.305,0.3,0.31,1769733900.0,1769733900.0,0,8:00p,104,86,0,-18
KXNBAGAME-26JAN29MIACHI,KXNBAGAME-26JAN29MIACHI-CHI,Miami at Chicago Winner?,2026-01-29,Miami Heat,Chicago Bulls,finalized,no,2963617.0,0.0,0.0,,0.455,0.45,0.46,1769733900.0,1769733900.0,0,8:00p,116,113,0,-3
KXNBAGAME-26JAN29SACPHI,KXNBAGAME-26JAN29SACPHI-PHI,Sacramento at Philadelphia Winner?,2026-01-29,Sacramento Kings,Philadelphia 76ers,finalized,yes,4637327.0,0.0,1.0,,0.775,0.77,0.78,1769730300.0,1769730300.0,1,7:00p,111,113,1,2
KXNBAGAME-26JAN29CHADAL,KXNBAGAME-26JAN29CHADAL-DAL,Charlotte at Dallas Winner?,2026-01-29,Charlotte Hornets,Dallas Mavericks,finalized,no,2999880.0,0.0,0.0,,0.43,0.42,0.44,1769735700.0,1769735700.0,0,8:30p,123,121,0,-2
KXNBAGAME-26JAN30SACBOS,KXNBAGAME-26JAN30SACBOS-BOS,Sacramento at Boston Winner?,2026-01-30,Sacramento Kings,Boston Celtics,finalized,yes,1218399.0,0.0,1.0,,0.815,0.81,0.82,1769818500.0,1769818500.0,1,7:30p,93,112,1,19
KXNBAGAME-26JAN30TORORL,KXNBAGAME-26JAN30TORORL-ORL,Toronto at Orlando Winner?,2026-01-30,Toronto Raptors,Orlando Magic,finalized,yes,3123127.0,0.0,1.0,,0.555,0.55,0.56,1769818500.0,1769818500.0,1,7:30p,120,130,1,10
KXNBAGAME-26JAN30LALWAS,KXNBAGAME-26JAN30LALWAS-WAS,Los Angeles L at Washington Winner?,2026-01-30,Los Angeles Lakers,Washington Wizards,finalized,no,1803682.0,0.0,0.0,,0.185,0.18,0.19,1769816700.0,1769816700.0,0,7:00p,142,111,0,-31
KXNBAGAME-26JAN30MEMNOP,KXNBAGAME-26JAN30MEMNOP-NOP,Memphis at New Orleans Winner?,2026-01-30,Memphis Grizzlies,New Orleans Pelicans,finalized,yes,1124392.0,0.0,1.0,,0.585,0.58,0.59,1769818500.0,1769818500.0,1,7:30p,106,114,1,8
KXNBAGAME-26JAN30DETGSW,KXNBAGAME-26JAN30DETGSW-GSW,Detroit at Golden State Winner?,2026-01-30,Detroit Pistons,Golden State Warriors,finalized,no,7694410.0,0.0,0.0,,0.555,0.55,0.56,1769827500.0,1769827500.0,0,10:00p,131,124,0,-7
KXNBAGAME-26JAN30LACDEN,KXNBAGAME-26JAN30LACDEN-DEN,Los Angeles C at Denver Winner?,2026-01-30,Los Angeles Clippers,Denver Nuggets,finalized,yes,5018403.0,0.0,1.0,,0.435,0.43,0.44,1769823900.0,1769823900.0,1,9:00p,109,122,1,13
KXNBAGAME-26JAN30CLEPHX,KXNBAGAME-26JAN30CLEPHX-PHX,Cleveland at Phoenix Winner?,2026-01-30,Cleveland Cavaliers,Phoenix Suns,finalized,yes,1655638.0,0.0,1.0,,0.45999999999999996,0.45,0.47,1769823900.0,1769823900.0,1,9:00p,113,126,1,13
KXNBAGAME-26JAN30BKNUTA,KXNBAGAME-26JAN30BKNUTA-UTA,Brooklyn at Utah Winner?,2026-01-30,Brooklyn Nets,Utah Jazz,finalized,no,3546218.0,0.0,0.0,,0.595,0.59,0.6,1769825700.0,1769825700.0,0,9:30p,109,99,0,-10
KXNBAGAME-26JAN30PORNYK,KXNBAGAME-26JAN30PORNYK-NYK,Portland at New York Winner?,2026-01-30,Portland Trail Blazers,New York Knicks,finalized,yes,2024317.0,0.0,1.0,,0.695,0.69,0.7,1769818500.0,1769818500.0,1,7:30p,97,127,1,30
KXNBAGAME-26JAN31NOPPHI,KXNBAGAME-26JAN31NOPPHI-PHI,New Orleans at Philadelphia Winner?,2026-01-31,New Orleans Pelicans,Philadelphia 76ers,finalized,yes,3762970.0,0.0,1.0,,0.675,0.67,0.68,1769904900.0,1769904900.0,1,7:30p,114,124,1,10
KXNBAGAME-26JAN31SASCHA,KXNBAGAME-26JAN31SASCHA-CHA,San Antonio at Charlotte Winner?,2026-01-31,San Antonio Spurs,Charlotte Hornets,finalized,yes,4263675.0,0.0,1.0,,0.395,0.39,0.4,1769877900.0,1769877900.0,1,12:00p,106,111,1,5
KXNBAGAME-26JAN31CHIMIA,KXNBAGAME-26JAN31CHIMIA-MIA,Chicago at Miami Winner?,2026-01-31,Chicago Bulls,Miami Heat,finalized,no,3579548.0,0.0,0.0,,0.655,0.65,0.66,1769906700.0,1769906700.0,0,8:00p,125,118,0,-7
KXNBAGAME-26JAN31ATLIND,KXNBAGAME-26JAN31ATLIND-IND,Atlanta at Indiana Winner?,2026-01-31,Atlanta Hawks,Indiana Pacers,finalized,yes,3922135.0,0.0,1.0,,0.475,0.47,0.48,1769903100.0,1769903100.0,1,7:00p,124,129,1,5
KXNBAGAME-26JAN31DALHOU,KXNBAGAME-26JAN31DALHOU-HOU,Dallas at Houston Winner?,2026-01-31,Dallas Mavericks,Houston Rockets,finalized,yes,3001292.0,0.0,1.0,,0.785,0.78,0.79,1769908500.0,1769908500.0,1,8:30p,107,111,1,4
KXNBAGAME-26JAN31MINMEM,KXNBAGAME-26JAN31MINMEM-MEM,Minnesota at Memphis Winner?,2026-01-31,Minnesota Timberwolves,Memphis Grizzlies,finalized,no,1022258.0,0.0,0.0,,0.195,0.19,0.2,1769906700.0,1769906700.0,0,8:00p,131,114,0,-17
KXNBAGAME-26FEB01UTATOR,KXNBAGAME-26FEB01UTATOR-TOR,Utah at Toronto Winner?,2026-02-01,Utah Jazz,Toronto Raptors,finalized,yes,2887240.0,0.0,1.0,,0.785,0.78,0.79,1769985900.0,1769985900.0,1,6:00p,100,107,1,7
KXNBAGAME-26FEB01ORLSAS,KXNBAGAME-26FEB01ORLSAS-SAS,Orlando at San Antonio Winner?,2026-02-01,Orlando Magic,San Antonio Spurs,finalized,yes,4602619.0,0.0,1.0,,0.645,0.64,0.65,1769996700.0,1769996700.0,1,9:00p,103,112,1,9
KXNBAGAME-26FEB01SACWAS,KXNBAGAME-26FEB01SACWAS-WAS,Sacramento at Washington Winner?,2026-02-01,Sacramento Kings,Washington Wizards,finalized,yes,3080953.0,0.0,1.0,,0.485,0.48,0.49,1769985900.0,1769985900.0,1,6:00p,112,116,1,4
KXNBAGAME-26FEB01CHIMIA,KXNBAGAME-26FEB01CHIMIA-MIA,Chicago at Miami Winner?,2026-02-01,Chicago Bulls,Miami Heat,finalized,yes,1504874.0,0.0,1.0,,0.665,0.66,0.67,1769985900.0,1769985900.0,1,6:00p,91,134,1,43
KXNBAGAME-26FEB01BKNDET,KXNBAGAME-26FEB01BKNDET-DET,Brooklyn at Detroit Winner?,2026-02-01,Brooklyn Nets,Detroit Pistons,finalized,yes,1346805.0,0.0,1.0,,0.855,0.85,0.86,1769985900.0,1769985900.0,1,6:00p,77,130,1,53
KXNBAGAME-26FEB01LACPHX,KXNBAGAME-26FEB01LACPHX-PHX,Los Angeles C at Phoenix Winner?,2026-02-01,Los Angeles Clippers,Phoenix Suns,finalized,no,3916740.0,0.0,0.0,,0.585,0.58,0.59,1769993100.0,1769993100.0,0,8:00p,117,93,0,-24
KXNBAGAME-26FEB01OKCDEN,KXNBAGAME-26FEB01OKCDEN-DEN,Oklahoma City at Denver Winner?,2026-02-01,Oklahoma City Thunder,Denver Nuggets,finalized,no,5540849.0,0.0,0.0,,0.325,0.32,0.33,1769998500.0,1769998500.0,0,9:30p,121,111,0,-10
KXNBAGAME-26FEB01LALNYK,KXNBAGAME-26FEB01LALNYK-NYK,Los Angeles L at New York Winner?,2026-02-01,Los Angeles Lakers,New York Knicks,finalized,yes,4043736.0,0.0,1.0,,0.675,0.67,0.68,1769989500.0,1769989500.0,1,7:00p,100,112,1,12
KXNBAGAME-26FEB01CLEPOR,KXNBAGAME-26FEB01CLEPOR-POR,Cleveland at Portland Winner?,2026-02-01,Cleveland Cavaliers,Portland Trail Blazers,finalized,no,1424161.0,0.0,0.0,,0.375,0.37,0.38,1769996700.0,1769996700.0,0,9:00p,130,111,0,-19
KXNBAGAME-26FEB01MILBOS,KXNBAGAME-26FEB01MILBOS-BOS,Milwaukee at Boston Winner?,2026-02-01,Milwaukee Bucks,Boston Celtics,finalized,yes,2524924.0,0.0,1.0,,0.845,0.84,0.85,1769976900.0,1769976900.0,1,3:30p,79,107,1,28
KXNBAGAME-26FEB02HOUIND,KXNBAGAME-26FEB02HOUIND-IND,Houston at Indiana Winner?,2026-02-02,Houston Rockets,Indiana Pacers,finalized,no,4381323.0,0.0,0.0,,0.295,0.29,0.3,1770075900.0,1770075900.0,0,7:00p,118,114,0,-4
KXNBAGAME-26FEB02PHILAC,KXNBAGAME-26FEB02PHILAC-LAC,Philadelphia at Los Angeles C Winner?,2026-02-02,Philadelphia 76ers,Los Angeles Clippers,finalized,no,5413240.0,0.0,0.0,,0.485,0.48,0.49,1770086700.0,1770086700.0,0,10:00p,128,113,0,-15
KXNBAGAME-26FEB02NOPCHA,KXNBAGAME-26FEB02NOPCHA-CHA,New Orleans at Charlotte Winner?,2026-02-02,New Orleans Pelicans,Charlotte Hornets,finalized,yes,8274339.0,0.0,1.0,,0.705,0.7,0.71,1770061500.0,1770061500.0,1,3:00p,95,102,1,7
KXNBAGAME-26FEB02MINMEM,KXNBAGAME-26FEB02MINMEM-MEM,Minnesota at Memphis Winner?,2026-02-02,Minnesota Timberwolves,Memphis Grizzlies,finalized,yes,4242290.0,0.0,1.0,,0.275,0.27,0.28,1770077700.0,1770077700.0,1,7:30p,128,137,1,9
KXNBAGAME-26FEB03PHXPOR,KXNBAGAME-26FEB03PHXPOR-POR,Phoenix at Portland Winner?,2026-02-03,Phoenix Suns,Portland Trail Blazers,finalized,no,5162207.0,0.0,0.0,,0.405,0.4,0.41,1770176700.0,1770176700.0,0,11:00p,130,125,0,-5
KXNBAGAME-26FEB03ORLOKC,KXNBAGAME-26FEB03ORLOKC-OKC,Orlando at Oklahoma City Winner?,2026-02-03,Orlando Magic,Oklahoma City Thunder,finalized,yes,567008.0,0.0,1.0,,0.805,0.8,0.81,1770165900.0,1770165900.0,1,8:00p,92,128,1,36
KXNBAGAME-26FEB03ATLMIA,KXNBAGAME-26FEB03ATLMIA-MIA,Atlanta at Miami Winner?,2026-02-03,Atlanta Hawks,Miami Heat,finalized,no,1588566.0,0.0,0.0,,0.515,0.51,0.52,1770164100.0,1770164100.0,0,7:30p,127,115,0,-12
KXNBAGAME-26FEB03PHIGSW,KXNBAGAME-26FEB03PHIGSW-GSW,Philadelphia at Golden State Winner?,2026-02-03,Philadelphia 76ers,Golden State Warriors,finalized,no,4216787.0,0.0,0.0,,0.635,0.63,0.64,1770173100.0,1770173100.0,0,10:00p,113,94,0,-19
KXNBAGAME-26FEB03BOSDAL,KXNBAGAME-26FEB03BOSDAL-DAL,Boston at Dallas Winner?,2026-02-03,Boston Celtics,Dallas Mavericks,finalized,no,1296557.0,0.0,0.0,,0.295,0.29,0.3,1770165900.0,1770165900.0,0,8:00p,110,100,0,-10
KXNBAGAME-26FEB03CHIMIL,KXNBAGAME-26FEB03CHIMIL-MIL,Chicago at Milwaukee Winner?,2026-02-03,Chicago Bulls,Milwaukee Bucks,finalized,yes,965782.0,0.0,1.0,,0.475,0.47,0.48,1770165900.0,1770165900.0,1,8:00p,115,131,1,16
KXNBAGAME-26FEB03DENDET,KXNBAGAME-26FEB03DENDET-DET,Denver at Detroit Winner?,2026-02-03,Denver Nuggets,Detroit Pistons,finalized,yes,3041885.0,0.0,1.0,,0.645,0.64,0.65,1770162300.0,1770162300.0,1,7:00p,121,124,1,3
KXNBAGAME-26FEB03NYKWAS,KXNBAGAME-26FEB03NYKWAS-WAS,New York at Washington Winner?,2026-02-03,New York Knicks,Washington Wizards,finalized,no,832803.0,0.0,0.0,,0.165,0.16,0.17,1770162300.0,1770162300.0,0,7:00p,132,101,0,-31
KXNBAGAME-26FEB03UTAIND,KXNBAGAME-26FEB03UTAIND-IND,Utah at Indiana Winner?,2026-02-03,Utah Jazz,Indiana Pacers,finalized,no,2785729.0,0.0,0.0,,0.435,0.43,0.44,1770162300.0,1770162300.0,0,7:00p,131,122,0,-9
KXNBAGAME-26FEB03LALBKN,KXNBAGAME-26FEB03LALBKN-BKN,Los Angeles L at Brooklyn Winner?,2026-02-03,Los Angeles Lakers,Brooklyn Nets,finalized,no,430530.0,0.0,0.0,,0.255,0.25,0.26,1770164100.0,1770164100.0,0,7:30p,125,109,0,-16
KXNBAGAME-26FEB04DENNYK,KXNBAGAME-26FEB04DENNYK-NYK,Denver at New York Winner?,2026-02-04,Denver Nuggets,New York Knicks,finalized,yes,7371968.0,0.0,1.0,,0.635,0.63,0.64,1770248700.0,1770248700.0,1,7:00p,127,134,1,7
KXNBAGAME-26FEB04MINTOR,KXNBAGAME-26FEB04MINTOR-TOR,Minnesota at Toronto Winner?,2026-02-04,Minnesota Timberwolves,Toronto Raptors,finalized,no,2710598.0,0.0,0.0,,0.435,0.43,0.44,1770250500.0,1770250500.0,0,7:30p,128,126,0,-2
KXNBAGAME-26FEB04NOPMIL,KXNBAGAME-26FEB04NOPMIL-MIL,New Orleans at Milwaukee Winner?,2026-02-04,New Orleans Pelicans,Milwaukee Bucks,finalized,yes,4269638.0,0.0,1.0,,0.375,0.37,0.38,1770252300.0,1770252300.0,1,8:00p,137,141,1,4
KXNBAGAME-26FEB04BOSHOU,KXNBAGAME-26FEB04BOSHOU-HOU,Boston at Houston Winner?,2026-02-04,Boston Celtics,Houston Rockets,finalized,no,2345434.0,0.0,0.0,,0.725,0.72,0.73,1770252300.0,1770252300.0,0,8:00p,114,93,0,-21
KXNBAGAME-26FEB04MEMSAC,KXNBAGAME-26FEB04MEMSAC-SAC,Memphis at Sacramento Winner?,2026-02-04,Memphis Grizzlies,Sacramento Kings,finalized,no,4398881.0,0.0,0.0,,0.565,0.56,0.57,1770259500.0,1770259500.0,0,10:00p,129,125,0,-4
KXNBAGAME-26FEB04OKCSAS,KXNBAGAME-26FEB04OKCSAS-SAS,Oklahoma City at San Antonio Winner?,2026-02-04,Oklahoma City Thunder,San Antonio Spurs,finalized,yes,4430241.0,0.0,1.0,,0.785,0.78,0.79,1770257700.0,1770257700.0,1,9:30p,106,116,1,10
KXNBAGAME-26FEB04CLELAC,KXNBAGAME-26FEB04CLELAC-LAC,Cleveland at Los Angeles C Winner?,2026-02-04,Cleveland Cavaliers,Los Angeles Clippers,finalized,no,1500309.0,0.0,0.0,,0.425,0.42,0.43,1770261300.0,1770261300.0,0,10:30p,124,91,0,-33
KXNBAGAME-26FEB05GSWPHX,KXNBAGAME-26FEB05GSWPHX-PHX,Golden State at Phoenix Winner?,2026-02-05,Golden State Warriors,Phoenix Suns,finalized,no,4928273.0,0.0,0.0,,0.655,0.65,0.66,1770345900.0,1770345900.0,0,10:00p,101,97,0,-4
KXNBAGAME-26FEB05CHITOR,KXNBAGAME-26FEB05CHITOR-TOR,Chicago at Toronto Winner?,2026-02-05,Chicago Bulls,Toronto Raptors,finalized,yes,1614682.0,0.0,1.0,,0.735,0.73,0.74,1770336900.0,1770336900.0,1,7:30p,107,123,1,16
KXNBAGAME-26FEB05SASDAL,KXNBAGAME-26FEB05SASDAL-DAL,San Antonio at Dallas Winner?,2026-02-05,San Antonio Spurs,Dallas Mavericks,finalized,no,3972691.0,0.0,0.0,,0.265,0.26,0.27,1770340500.0,1770340500.0,0,8:30p,135,123,0,-12
KXNBAGAME-26FEB05PHILAL,KXNBAGAME-26FEB05PHILAL-LAL,Philadelphia at Los Angeles L Winner?,2026-02-05,Philadelphia 76ers,Los Angeles Lakers,finalized,yes,9644065.0,0.0,1.0,,0.565,0.56,0.57,1770345900.0,1770345900.0,1,10:00p,115,119,1,4
KXNBAGAME-26FEB05UTAATL,KXNBAGAME-26FEB05UTAATL-ATL,Utah at Atlanta Winner?,2026-02-05,Utah Jazz,Atlanta Hawks,finalized,yes,3832755.0,0.0,1.0,,0.735,0.73,0.74,1770336900.0,1770336900.0,1,7:30p,119,121,1,2
KXNBAGAME-26FEB05BKNORL,KXNBAGAME-26FEB05BKNORL-ORL,Brooklyn at Orlando Winner?,2026-02-05,Brooklyn Nets,Orlando Magic,finalized,yes,802034.0,0.0,1.0,,0.765,0.76,0.77,1770335100.0,1770335100.0,1,7:00p,98,118,1,20
KXNBAGAME-26FEB05WASDET,KXNBAGAME-26FEB05WASDET-DET,Washington at Detroit Winner?,2026-02-05,Washington Wizards,Detroit Pistons,finalized,no,5847476.0,0.0,0.0,,0.895,0.89,0.9,1770335100.0,1770335100.0,0,7:00p,126,117,0,-9
KXNBAGAME-26FEB05CHAHOU,KXNBAGAME-26FEB05CHAHOU-HOU,Charlotte at Houston Winner?,2026-02-05,Charlotte Hornets,Houston Rockets,finalized,no,3170027.0,0.0,0.0,,0.615,0.61,0.62,1770338700.0,1770338700.0,0,8:00p,109,99,0,-10
KXNBAGAME-26FEB06LACSAC,KXNBAGAME-26FEB06LACSAC-SAC,Los Angeles C at Sacramento Winner?,2026-02-06,Los Angeles Clippers,Sacramento Kings,finalized,no,6579545.0,0.0,0.0,,0.405,0.4,0.41,1770432300.0,1770432300.0,0,10:00p,114,111,0,-3
KXNBAGAME-26FEB06INDMIL,KXNBAGAME-26FEB06INDMIL-MIL,Indiana at Milwaukee Winner?,2026-02-06,Indiana Pacers,Milwaukee Bucks,finalized,yes,2681084.0,0.0,1.0,,0.46499999999999997,0.46,0.47,1770425100.0,1770425100.0,1,8:00p,99,105,1,6
KXNBAGAME-26FEB06MEMPOR,KXNBAGAME-26FEB06MEMPOR-POR,Memphis at Portland Winner?,2026-02-06,Memphis Grizzlies,Portland Trail Blazers,finalized,yes,3011827.0,0.0,1.0,,0.715,0.71,0.72,1770432300.0,1770432300.0,1,10:00p,115,135,1,20
KXNBAGAME-26FEB06MIABOS,KXNBAGAME-26FEB06MIABOS-BOS,Miami at Boston Winner?,2026-02-06,Miami Heat,Boston Celtics,finalized,yes,8394342.0,0.0,1.0,,0.675,0.67,0.68,1770423300.0,1770423300.0,1,7:30p,96,98,1,2
KXNBAGAME-26FEB06NOPMIN,KXNBAGAME-26FEB06NOPMIN-MIN,New Orleans at Minnesota Winner?,2026-02-06,New Orleans Pelicans,Minnesota Timberwolves,finalized,no,5553331.0,0.0,0.0,,0.755,0.75,0.76,1770425100.0,1770425100.0,0,8:00p,119,115,0,-4
KXNBAGAME-26FEB06NYKDET,KXNBAGAME-26FEB06NYKDET-DET,New York at Detroit Winner?,2026-02-06,New York Knicks,Detroit Pistons,finalized,yes,2711985.0,0.0,1.0,,0.655,0.65,0.66,1770423300.0,1770423300.0,1,7:30p,80,118,1,38
KXNBAGAME-26FEB07UTAORL,KXNBAGAME-26FEB07UTAORL-ORL,Utah at Orlando Winner?,2026-02-07,Utah Jazz,Orlando Magic,finalized,yes,4821850.0,0.0,1.0,,0.715,0.71,0.72,1770507900.0,1770507900.0,1,7:00p,117,120,1,3
KXNBAGAME-26FEB07DENCHI,KXNBAGAME-26FEB07DENCHI-CHI,Denver at Chicago Winner?,2026-02-07,Denver Nuggets,Chicago Bulls,finalized,no,1952401.0,0.0,0.0,,0.245,0.24,0.25,1770511500.0,1770511500.0,0,8:00p,136,120,0,-16
KXNBAGAME-26FEB07DALSAS,KXNBAGAME-26FEB07DALSAS-SAS,Dallas at San Antonio Winner?,2026-02-07,Dallas Mavericks,San Antonio Spurs,finalized,yes,2032740.0,0.0,1.0,,0.795,0.79,0.8,1770504300.0,1770504300.0,1,6:00p,125,138,1,13
KXNBAGAME-26FEB07CHAATL,KXNBAGAME-26FEB07CHAATL-ATL,Charlotte at Atlanta Winner?,2026-02-07,Charlotte Hornets,Atlanta Hawks,finalized,no,2808902.0,0.0,0.0,,0.46499999999999997,0.46,0.47,1770509700.0,1770509700.0,0,7:30p,126,119,0,-7
KXNBAGAME-26FEB07WASBKN,KXNBAGAME-26FEB07WASBKN-BKN,Washington at Brooklyn Winner?,2026-02-07,Washington Wizards,Brooklyn Nets,finalized,yes,1158133.0,0.0,1.0,,0.715,0.71,0.72,1770493500.0,1770493500.0,1,3:00p,113,127,1,14
KXNBAGAME-26FEB07PHIPHX,KXNBAGAME-26FEB07PHIPHX-PHX,Philadelphia at Phoenix Winner?,2026-02-07,Philadelphia 76ers,Phoenix Suns,finalized,no,2602663.0,0.0,0.0,,0.555,0.55,0.56,1770515100.0,1770515100.0,0,9:00p,109,103,0,-6
KXNBAGAME-26FEB07MEMPOR,KXNBAGAME-26FEB07MEMPOR-POR,Memphis at Portland Winner?,2026-02-07,Memphis Grizzlies,Portland Trail Blazers,finalized,yes,2265497.0,0.0,1.0,,0.735,0.73,0.74,1770518700.0,1770518700.0,1,10:00p,115,122,1,7
KXNBAGAME-26FEB07GSWLAL,KXNBAGAME-26FEB07GSWLAL-LAL,Golden State at Los Angeles L Winner?,2026-02-07,Golden State Warriors,Los Angeles Lakers,finalized,yes,6403135.0,0.0,1.0,,0.545,0.54,0.55,1770513300.0,1770513300.0,1,8:30p,99,105,1,6
KXNBAGAME-26FEB07HOUOKC,KXNBAGAME-26FEB07HOUOKC-OKC,Houston at Oklahoma City Winner?,2026-02-07,Houston Rockets,Oklahoma City Thunder,finalized,no,6297895.0,0.0,0.0,,0.595,0.59,0.6,1770495300.0,1770495300.0,0,3:30p,112,106,0,-6
KXNBAGAME-26FEB07CLESAC,KXNBAGAME-26FEB07CLESAC-SAC,Cleveland at Sacramento Winner?,2026-02-07,Cleveland Cavaliers,Sacramento Kings,finalized,no,5247027.0,0.0,0.0,,0.165,0.16,0.17,1770518700.0,1770518700.0,0,10:00p,132,126,0,-6
KXNBAGAME-26FEB08NYKBOS,KXNBAGAME-26FEB08NYKBOS-BOS,New York at Boston Winner?,2026-02-08,New York Knicks,Boston Celtics,finalized,no,4777624.0,0.0,0.0,,0.595,0.59,0.6,1770570900.0,1770570900.0,0,12:30p,111,89,0,-22
KXNBAGAME-26FEB08INDTOR,KXNBAGAME-26FEB08INDTOR-TOR,Indiana at Toronto Winner?,2026-02-08,Indiana Pacers,Toronto Raptors,finalized,yes,2195115.0,0.0,1.0,,0.755,0.75,0.76,1770579900.0,1770579900.0,1,3:00p,104,122,1,18
KXNBAGAME-26FEB08LACMIN,KXNBAGAME-26FEB08LACMIN-MIN,Los Angeles C at Minnesota Winner?,2026-02-08,Los Angeles Clippers,Minnesota Timberwolves,finalized,no,4285264.0,0.0,0.0,,0.765,0.76,0.77,1770579900.0,1770579900.0,0,3:00p,115,96,0,-19
KXNBAGAME-26FEB08MIAWAS,KXNBAGAME-26FEB08MIAWAS-WAS,Miami at Washington Winner?,2026-02-08,Miami Heat,Washington Wizards,finalized,no,1586766.0,0.0,0.0,,0.155,0.15,0.16,1770576300.0,1770576300.0,0,2:00p,132,101,0,-31
KXNBAGAME-26FEB09CHIBKN,KXNBAGAME-26FEB09CHIBKN-BKN,Chicago at Brooklyn Winner?,2026-02-09,Chicago Bulls,Brooklyn Nets,finalized,yes,3078961.0,0.0,1.0,,0.415,0.41,0.42,1770682500.0,1770682500.0,1,7:30p,115,123,1,8
KXNBAGAME-26FEB09OKCLAL,KXNBAGAME-26FEB09OKCLAL-LAL,Oklahoma City at Los Angeles L Winner?,2026-02-09,Oklahoma City Thunder,Los Angeles Lakers,finalized,no,13212378.0,0.0,0.0,,0.325,0.32,0.33,1770691500.0,1770691500.0,0,10:00p,119,110,0,-9
KXNBAGAME-26FEB09DETCHA,KXNBAGAME-26FEB09DETCHA-CHA,Detroit at Charlotte Winner?,2026-02-09,Detroit Pistons,Charlotte Hornets,finalized,no,5742951.0,0.0,0.0,,0.435,0.43,0.44,1770680700.0,1770680700.0,0,7:00p,110,104,0,-6
KXNBAGAME-26FEB09ATLMIN,KXNBAGAME-26FEB09ATLMIN-MIN,Atlanta at Minnesota Winner?,2026-02-09,Atlanta Hawks,Minnesota Timberwolves,finalized,yes,825383.0,0.0,1.0,,0.745,0.74,0.75,1770684300.0,1770684300.0,1,8:00p,116,138,1,22
KXNBAGAME-26FEB09MEMGSW,KXNBAGAME-26FEB09MEMGSW-GSW,Memphis at Golden State Winner?,2026-02-09,Memphis Grizzlies,Golden State Warriors,finalized,yes,4806012.0,0.0,1.0,,0.765,0.76,0.77,1770691500.0,1770691500.0,1,10:00p,113,114,1,1
KXNBAGAME-26FEB09PHIPOR,KXNBAGAME-26FEB09PHIPOR-POR,Philadelphia at Portland Winner?,2026-02-09,Philadelphia 76ers,Portland Trail Blazers,finalized,yes,1748661.0,0.0,1.0,,0.58,0.57,0.59,1770691500.0,1770691500.0,1,10:00p,118,135,1,17
KXNBAGAME-26FEB09SACNOP,KXNBAGAME-26FEB09SACNOP-NOP,Sacramento at New Orleans Winner?,2026-02-09,Sacramento Kings,New Orleans Pelicans,finalized,yes,290738.0,0.0,1.0,,0.775,0.77,0.78,1770684300.0,1770684300.0,1,8:00p,94,120,1,26
KXNBAGAME-26FEB09CLEDEN,KXNBAGAME-26FEB09CLEDEN-DEN,Cleveland at Denver Winner?,2026-02-09,Cleveland Cavaliers,Denver Nuggets,finalized,no,5696082.0,0.0,0.0,,0.555,0.55,0.56,1770687900.0,1770687900.0,0,9:00p,119,117,0,-2
KXNBAGAME-26FEB09MILORL,KXNBAGAME-26FEB09MILORL-ORL,Milwaukee at Orlando Winner?,2026-02-09,Milwaukee Bucks,Orlando Magic,finalized,yes,1191126.0,0.0,1.0,,0.775,0.77,0.78,1770682500.0,1770682500.0,1,7:30p,99,118,1,19
KXNBAGAME-26FEB09UTAMIA,KXNBAGAME-26FEB09UTAMIA-MIA,Utah at Miami Winner?,2026-02-09,Utah Jazz,Miami Heat,finalized,no,3742859.0,0.0,0.0,,0.705,0.7,0.71,1770682500.0,1770682500.0,0,7:30p,115,111,0,-4
KXNBAGAME-26FEB10LACHOU,KXNBAGAME-26FEB10LACHOU-HOU,Los Angeles C at Houston Winner?,2026-02-10,Los Angeles Clippers,Houston Rockets,finalized,yes,2146192.0,0.0,1.0,,0.735,0.73,0.74,1770770700.0,1770770700.0,1,8:00p,95,102,1,7
KXNBAGAME-26FEB10SASLAL,KXNBAGAME-26FEB10SASLAL-LAL,San Antonio at Los Angeles L Winner?,2026-02-10,San Antonio Spurs,Los Angeles Lakers,finalized,no,7995796.0,0.0,0.0,,0.155,0.15,0.16,1770779700.0,1770779700.0,0,10:30p,136,108,0,-28
KXNBAGAME-26FEB10INDNYK,KXNBAGAME-26FEB10INDNYK-NYK,Indiana at New York Winner?,2026-02-10,Indiana Pacers,New York Knicks,finalized,no,10178740.0,0.0,0.0,,0.825,0.82,0.83,1770768900.0,1770768900.0,0,7:30p,137,134,0,-3
KXNBAGAME-26FEB10DALPHX,KXNBAGAME-26FEB10DALPHX-PHX,Dallas at Phoenix Winner?,2026-02-10,Dallas Mavericks,Phoenix Suns,finalized,yes,1593312.0,0.0,1.0,,0.735,0.73,0.74,1770774300.0,1770774300.0,1,9:00p,111,120,1,9
KXNBAGAME-26FEB11DETTOR,KXNBAGAME-26FEB11DETTOR-TOR,Detroit at Toronto Winner?,2026-02-11,Detroit Pistons,Toronto Raptors,finalized,no,1426756.0,0.0,0.0,,0.505,0.5,0.51,1770855300.0,1770855300.0,0,7:30p,113,95,0,-18
KXNBAGAME-26FEB11NYKPHI,KXNBAGAME-26FEB11NYKPHI-PHI,New York at Philadelphia Winner?,2026-02-11,New York Knicks,Philadelphia 76ers,finalized,no,1355669.0,0.0,0.0,,0.445,0.44,0.45,1770855300.0,1770855300.0,0,7:30p,138,89,0,-49
KXNBAGAME-26FEB11WASCLE,KXNBAGAME-26FEB11WASCLE-CLE,Washington at Cleveland Winner?,2026-02-11,Washington Wizards,Cleveland Cavaliers,finalized,yes,1312937.0,0.0,1.0,,0.905,0.9,0.91,1770853500.0,1770853500.0,1,7:00p,113,138,1,25
KXNBAGAME-26FEB11MILORL,KXNBAGAME-26FEB11MILORL-ORL,Milwaukee at Orlando Winner?,2026-02-11,Milwaukee Bucks,Orlando Magic,finalized,no,1975549.0,0.0,0.0,,0.805,0.8,0.81,1770853500.0,1770853500.0,0,7:00p,116,108,0,-8
KXNBAGAME-26FEB11CHIBOS,KXNBAGAME-26FEB11CHIBOS-BOS,Chicago at Boston Winner?,2026-02-11,Chicago Bulls,Boston Celtics,finalized,yes,559508.0,0.0,1.0,,0.855,0.85,0.86,1770855300.0,1770855300.0,1,7:30p,105,124,1,19
KXNBAGAME-26FEB11MIANOP,KXNBAGAME-26FEB11MIANOP-NOP,Miami at New Orleans Winner?,2026-02-11,Miami Heat,New Orleans Pelicans,finalized,no,2224313.0,0.0,0.0,,0.535,0.53,0.54,1770857100.0,1770857100.0,0,8:00p,123,111,0,-12
KXNBAGAME-26FEB11ATLCHA,KXNBAGAME-26FEB11ATLCHA-CHA,Atlanta at Charlotte Winner?,2026-02-11,Atlanta Hawks,Charlotte Hornets,finalized,yes,3417305.0,0.0,1.0,,0.545,0.54,0.55,1770853500.0,1770853500.0,1,7:00p,107,110,1,3
KXNBAGAME-26FEB11LACHOU,KXNBAGAME-26FEB11LACHOU-HOU,Los Angeles C at Houston Winner?,2026-02-11,Los Angeles Clippers,Houston Rockets,finalized,no,2574999.0,0.0,0.0,,0.745,0.74,0.75,1770857100.0,1770857100.0,0,8:00p,105,102,0,-3
KXNBAGAME-26FEB11PORMIN,KXNBAGAME-26FEB11PORMIN-MIN,Portland at Minnesota Winner?,2026-02-11,Portland Trail Blazers,Minnesota Timberwolves,finalized,yes,572827.0,0.0,1.0,,0.725,0.72,0.73,1770857100.0,1770857100.0,1,8:00p,109,133,1,24
KXNBAGAME-26FEB11SACUTA,KXNBAGAME-26FEB11SACUTA-UTA,Sacramento at Utah Winner?,2026-02-11,Sacramento Kings,Utah Jazz,finalized,yes,826559.0,0.0,1.0,,0.655,0.65,0.66,1770860700.0,1770860700.0,1,9:00p,93,121,1,28
KXNBAGAME-26FEB11OKCPHX,KXNBAGAME-26FEB11OKCPHX-PHX,Oklahoma City at Phoenix Winner?,2026-02-11,Oklahoma City Thunder,Phoenix Suns,finalized,no,831121.0,0.0,0.0,,0.29000000000000004,0.28,0.3,1770860700.0,1770860700.0,0,9:00p,136,109,0,-27
KXNBAGAME-26FEB11SASGSW,KXNBAGAME-26FEB11SASGSW-GSW,San Antonio at Golden State Winner?,2026-02-11,San Antonio Spurs,Golden State Warriors,finalized,no,8549330.0,0.0,0.0,,0.325,0.32,0.33,1770864300.0,1770864300.0,0,10:00p,126,113,0,-13
KXNBAGAME-26FEB11MEMDEN,KXNBAGAME-26FEB11MEMDEN-DEN,Memphis at Denver Winner?,2026-02-11,Memphis Grizzlies,Denver Nuggets,finalized,yes,2380982.0,0.0,1.0,,0.845,0.84,0.85,1770860700.0,1770860700.0,1,9:00p,116,122,1,6
KXNBAGAME-26FEB11INDBKN,KXNBAGAME-26FEB11INDBKN-BKN,Indiana at Brooklyn Winner?,2026-02-11,Indiana Pacers,Brooklyn Nets,finalized,no,1638320.0,0.0,0.0,,0.675,0.67,0.68,1770855300.0,1770855300.0,0,7:30p,115,110,0,-5
KXNBAGAME-26FEB12DALLAL,KXNBAGAME-26FEB12DALLAL-LAL,Dallas at Los Angeles L Winner?,2026-02-12,Dallas Mavericks,Los Angeles Lakers,finalized,yes,4954411.0,0.0,1.0,,0.695,0.69,0.7,1770950700.0,1770950700.0,1,10:00p,104,124,1,20
KXNBAGAME-26FEB12PORUTA,KXNBAGAME-26FEB12PORUTA-UTA,Portland at Utah Winner?,2026-02-12,Portland Trail Blazers,Utah Jazz,finalized,no,4077183.0,0.0,0.0,,0.325,0.32,0.33,1770947100.0,1770947100.0,0,9:00p,135,119,0,-16
KXNBAGAME-26FEB12MILOKC,KXNBAGAME-26FEB12MILOKC-OKC,Milwaukee at Oklahoma City Winner?,2026-02-12,Milwaukee Bucks,Oklahoma City Thunder,finalized,no,4678620.0,0.0,0.0,,0.835,0.83,0.84,1770941700.0,1770941700.0,0,7:30p,110,93,0,-17
KXNBAGAME-26FEB19ORLSAC,KXNBAGAME-26FEB19ORLSAC-SAC,Orlando at Sacramento Winner?,2026-02-19,Orlando Magic,Sacramento Kings,finalized,no,3341116.0,0.0,0.0,,0.235,0.23,0.24,1771555500.0,1771555500.0,0,10:00p,131,94,0,-37
KXNBAGAME-26FEB19BKNCLE,KXNBAGAME-26FEB19BKNCLE-CLE,Brooklyn at Cleveland Winner?,2026-02-19,Brooklyn Nets,Cleveland Cavaliers,finalized,yes,881388.0,0.0,1.0,,0.895,0.89,0.9,1771544700.0,1771544700.0,1,7:00p,84,112,1,28
KXNBAGAME-26FEB19BOSGSW,KXNBAGAME-26FEB19BOSGSW-GSW,Boston at Golden State Winner?,2026-02-19,Boston Celtics,Golden State Warriors,finalized,no,2538400.0,0.0,0.0,,0.33,0.32,0.34,1771555500.0,1771555500.0,0,10:00p,121,110,0,-11
KXNBAGAME-26FEB19INDWAS,KXNBAGAME-26FEB19INDWAS-WAS,Indiana at Washington Winner?,2026-02-19,Indiana Pacers,Washington Wizards,finalized,yes,1401384.0,0.0,1.0,,0.455,0.45,0.46,1771544700.0,1771544700.0,1,7:00p,105,112,1,7
KXNBAGAME-26FEB19TORCHI,KXNBAGAME-26FEB19TORCHI-CHI,Toronto at Chicago Winner?,2026-02-19,Toronto Raptors,Chicago Bulls,finalized,no,2369380.0,0.0,0.0,,0.335,0.33,0.34,1771548300.0,1771548300.0,0,8:00p,110,101,0,-9
KXNBAGAME-26FEB19DENLAC,KXNBAGAME-26FEB19DENLAC-LAC,Denver at Los Angeles C Winner?,2026-02-19,Denver Nuggets,Los Angeles Clippers,finalized,yes,7471445.0,0.0,1.0,,0.375,0.37,0.38,1771557300.0,1771557300.0,1,10:30p,114,115,1,1
KXNBAGAME-26FEB19HOUCHA,KXNBAGAME-26FEB19HOUCHA-CHA,Houston at Charlotte Winner?,2026-02-19,Houston Rockets,Charlotte Hornets,finalized,no,4427850.0,0.0,0.0,,0.375,0.37,0.38,1771544700.0,1771544700.0,0,7:00p,105,101,0,-4
KXNBAGAME-26FEB19PHXSAS,KXNBAGAME-26FEB19PHXSAS-SAS,Phoenix at San Antonio Winner?,2026-02-19,Phoenix Suns,San Antonio Spurs,finalized,yes,1331622.0,0.0,1.0,,0.725,0.72,0.73,1771550100.0,1771550100.0,1,8:30p,94,121,1,27
KXNBAGAME-26FEB19ATLPHI,KXNBAGAME-26FEB19ATLPHI-PHI,Atlanta at Philadelphia Winner?,2026-02-19,Atlanta Hawks,Philadelphia 76ers,finalized,no,2601813.0,0.0,0.0,,0.515,0.51,0.52,1771544700.0,1771544700.0,0,7:00p,117,107,0,-10
KXNBAGAME-26FEB19DETNYK,KXNBAGAME-26FEB19DETNYK-NYK,Detroit at New York Winner?,2026-02-19,Detroit Pistons,New York Knicks,finalized,no,4473637.0,0.0,0.0,,0.605,0.6,0.61,1771546500.0,1771546500.0,0,7:30p,126,111,0,-15
KXNBAGAME-26FEB20CLECHA,KXNBAGAME-26FEB20CLECHA-CHA,Cleveland at Charlotte Winner?,2026-02-20,Cleveland Cavaliers,Charlotte Hornets,finalized,no,3723409.0,0.0,0.0,,0.345,0.34,0.35,1771631100.0,1771631100.0,0,7:00p,118,113,0,-5
KXNBAGAME-26FEB20UTAMEM,KXNBAGAME-26FEB20UTAMEM-MEM,Utah at Memphis Winner?,2026-02-20,Utah Jazz,Memphis Grizzlies,finalized,yes,1361331.0,0.0,1.0,,0.565,0.56,0.57,1771631100.0,1771631100.0,1,7:00p,114,123,1,9
KXNBAGAME-26FEB20MIAATL,KXNBAGAME-26FEB20MIAATL-ATL,Miami at Atlanta Winner?,2026-02-20,Miami Heat,Atlanta Hawks,finalized,no,899764.0,0.0,0.0,,0.435,0.43,0.44,1771632900.0,1771632900.0,0,7:30p,128,97,0,-31
KXNBAGAME-26FEB20DALMIN,KXNBAGAME-26FEB20DALMIN-MIN,Dallas at Minnesota Winner?,2026-02-20,Dallas Mavericks,Minnesota Timberwolves,finalized,yes,2321215.0,0.0,1.0,,0.855,0.85,0.86,1771632900.0,1771632900.0,1,7:30p,111,122,1,11
KXNBAGAME-26FEB20DENPOR,KXNBAGAME-26FEB20DENPOR-POR,Denver at Portland Winner?,2026-02-20,Denver Nuggets,Portland Trail Blazers,finalized,no,2078655.0,0.0,0.0,,0.46499999999999997,0.46,0.47,1771641900.0,1771641900.0,0,10:00p,157,103,0,-54
KXNBAGAME-26FEB20MILNOP,KXNBAGAME-26FEB20MILNOP-NOP,Milwaukee at New Orleans Winner?,2026-02-20,Milwaukee Bucks,New Orleans Pelicans,finalized,no,1891534.0,0.0,0.0,,0.615,0.61,0.62,1771634700.0,1771634700.0,0,8:00p,139,118,0,-21
KXNBAGAME-26FEB20BKNOKC,KXNBAGAME-26FEB20BKNOKC-OKC,Brooklyn at Oklahoma City Winner?,2026-02-20,Brooklyn Nets,Oklahoma City Thunder,finalized,yes,1293310.0,0.0,1.0,,0.905,0.9,0.91,1771634700.0,1771634700.0,1,8:00p,86,105,1,19
KXNBAGAME-26FEB20LACLAL,KXNBAGAME-26FEB20LACLAL-LAL,Los Angeles C at Los Angeles L Winner?,2026-02-20,Los Angeles Clippers,Los Angeles Lakers,finalized,yes,9684090.0,0.0,1.0,,0.685,0.68,0.69,1771641900.0,1771641900.0,1,10:00p,122,125,1,3
KXNBAGAME-26FEB20INDWAS,KXNBAGAME-26FEB20INDWAS-WAS,Indiana at Washington Winner?,2026-02-20,Indiana Pacers,Washington Wizards,finalized,yes,1727403.0,0.0,1.0,,0.515,0.51,0.52,1771631100.0,1771631100.0,1,7:00p,118,131,1,13
KXNBAGAME-26FEB21PHINOP,KXNBAGAME-26FEB21PHINOP-NOP,Philadelphia at New Orleans Winner?,2026-02-21,Philadelphia 76ers,New Orleans Pelicans,finalized,yes,1791419.0,0.0,1.0,,0.395,0.39,0.4,1771717500.0,1771717500.0,1,7:00p,111,126,1,15
KXNBAGAME-26FEB21ORLPHX,KXNBAGAME-26FEB21ORLPHX-PHX,Orlando at Phoenix Winner?,2026-02-21,Orlando Magic,Phoenix Suns,finalized,yes,8293410.0,0.0,1.0,,0.595,0.59,0.6,1771710300.0,1771710300.0,1,5:00p,110,113,1,3
KXNBAGAME-26FEB21MEMMIA,KXNBAGAME-26FEB21MEMMIA-MIA,Memphis at Miami Winner?,2026-02-21,Memphis Grizzlies,Miami Heat,finalized,yes,796622.0,0.0,1.0,,0.815,0.81,0.82,1771721100.0,1771721100.0,1,8:00p,120,136,1,16
KXNBAGAME-26FEB21HOUNYK,KXNBAGAME-26FEB21HOUNYK-NYK,Houston at New York Winner?,2026-02-21,Houston Rockets,New York Knicks,finalized,yes,7875842.0,0.0,1.0,,0.605,0.6,0.61,1771722900.0,1771722900.0,1,8:30p,106,108,1,2
KXNBAGAME-26FEB21DETCHI,KXNBAGAME-26FEB21DETCHI-CHI,Detroit at Chicago Winner?,2026-02-21,Detroit Pistons,Chicago Bulls,finalized,no,1225378.0,0.0,0.0,,0.175,0.17,0.18,1771721100.0,1771721100.0,0,8:00p,126,110,0,-16
KXNBAGAME-26FEB21SACSAS,KXNBAGAME-26FEB21SACSAS-SAS,Sacramento at San Antonio Winner?,2026-02-21,Sacramento Kings,San Antonio Spurs,finalized,yes,1719117.0,0.0,1.0,,0.925,0.92,0.93,1771721100.0,1771721100.0,1,8:00p,122,139,1,17
KXNBAGAME-26FEB22BOSLAL,KXNBAGAME-26FEB22BOSLAL-LAL,Boston at Los Angeles L Winner?,2026-02-22,Boston Celtics,Los Angeles Lakers,finalized,no,8987011.0,0.0,0.0,,0.485,0.48,0.49,1771802100.0,1771802100.0,0,6:30p,111,89,0,-22
KXNBAGAME-26FEB22CLEOKC,KXNBAGAME-26FEB22CLEOKC-OKC,Cleveland at Oklahoma City Winner?,2026-02-22,Cleveland Cavaliers,Oklahoma City Thunder,finalized,yes,7232988.0,0.0,1.0,,0.385,0.38,0.39,1771782300.0,1771782300.0,1,1:00p,113,121,1,8
KXNBAGAME-26FEB22TORMIL,KXNBAGAME-26FEB22TORMIL-MIL,Toronto at Milwaukee Winner?,2026-02-22,Toronto Raptors,Milwaukee Bucks,finalized,no,1790267.0,0.0,0.0,,0.405,0.4,0.41,1771791300.0,1771791300.0,0,3:30p,122,94,0,-28
KXNBAGAME-26FEB22DENGSW,KXNBAGAME-26FEB22DENGSW-GSW,Denver at Golden State Winner?,2026-02-22,Denver Nuggets,Golden State Warriors,finalized,yes,6521082.0,0.0,1.0,,0.315,0.31,0.32,1771791300.0,1771791300.0,1,3:30p,117,128,1,11
KXNBAGAME-26FEB22DALIND,KXNBAGAME-26FEB22DALIND-IND,Dallas at Indiana Winner?,2026-02-22,Dallas Mavericks,Indiana Pacers,finalized,no,3273490.0,0.0,0.0,,0.48,0.47,0.49,1771796700.0,1771796700.0,0,5:00p,134,130,0,-4
KXNBAGAME-26FEB22BKNATL,KXNBAGAME-26FEB22BKNATL-ATL,Brooklyn at Atlanta Winner?,2026-02-22,Brooklyn Nets,Atlanta Hawks,finalized,yes,2526337.0,0.0,1.0,,0.785,0.78,0.79,1771791300.0,1771791300.0,1,3:30p,104,115,1,11
KXNBAGAME-26FEB22PHIMIN,KXNBAGAME-26FEB22PHIMIN-MIN,Philadelphia at Minnesota Winner?,2026-02-22,Philadelphia 76ers,Minnesota Timberwolves,finalized,no,3386208.0,0.0,0.0,,0.765,0.76,0.77,1771803900.0,1771803900.0,0,7:00p,135,108,0,-27
KXNBAGAME-26FEB22CHAWAS,KXNBAGAME-26FEB22CHAWAS-WAS,Charlotte at Washington Winner?,2026-02-22,Charlotte Hornets,Washington Wizards,finalized,no,2052344.0,0.0,0.0,,0.185,0.18,0.19,1771800300.0,1771800300.0,0,6:00p,129,112,0,-17
KXNBAGAME-26FEB22ORLLAC,KXNBAGAME-26FEB22ORLLAC-LAC,Orlando at Los Angeles C Winner?,2026-02-22,Orlando Magic,Los Angeles Clippers,finalized,no,7154245.0,0.0,0.0,,0.625,0.62,0.63,1771811100.0,1771811100.0,0,9:00p,111,109,0,-2
KXNBAGAME-26FEB22PORPHX,KXNBAGAME-26FEB22PORPHX-PHX,Portland at Phoenix Winner?,2026-02-22,Portland Trail Blazers,Phoenix Suns,finalized,no,3323712.0,0.0,0.0,,0.405,0.4,0.41,1771807500.0,1771807500.0,0,8:00p,92,77,0,-15
KXNBAGAME-26FEB22NYKCHI,KXNBAGAME-26FEB22NYKCHI-CHI,New York at Chicago Winner?,2026-02-22,New York Knicks,Chicago Bulls,finalized,no,5357724.0,0.0,0.0,,0.215,0.21,0.22,1771807500.0,1771807500.0,0,8:00p,105,99,0,-6
KXNBAGAME-26FEB23SASDET,KXNBAGAME-26FEB23SASDET-DET,San Antonio at Detroit Winner?,2026-02-23,San Antonio Spurs,Detroit Pistons,finalized,no,8489219.0,0.0,0.0,,0.525,0.52,0.53,1771890300.0,1771890300.0,0,7:00p,114,103,0,-11
KXNBAGAME-26FEB23UTAHOU,KXNBAGAME-26FEB23UTAHOU-HOU,Utah at Houston Winner?,2026-02-23,Utah Jazz,Houston Rockets,finalized,yes,1929700.0,0.0,1.0,,0.875,0.87,0.88,1771899300.0,1771899300.0,1,9:30p,105,125,1,20
KXNBAGAME-26FEB23SACMEM,KXNBAGAME-26FEB23SACMEM-MEM,Sacramento at Memphis Winner?,2026-02-23,Sacramento Kings,Memphis Grizzlies,finalized,no,6643155.0,0.0,0.0,,0.575,0.57,0.58,1771893900.0,1771893900.0,0,8:00p,123,114,0,-9
KXNBAGAME-26FEB24PHIIND,KXNBAGAME-26FEB24PHIIND-IND,Philadelphia at Indiana Winner?,2026-02-24,Philadelphia 76ers,Indiana Pacers,finalized,no,2344281.0,0.0,0.0,,0.185,0.18,0.19,1771976700.0,1771976700.0,0,7:00p,135,114,0,-21
KXNBAGAME-26FEB24WASATL,KXNBAGAME-26FEB24WASATL-ATL,Washington at Atlanta Winner?,2026-02-24,Washington Wizards,Atlanta Hawks,finalized,yes,507489.0,0.0,1.0,,0.855,0.85,0.86,1771978500.0,1771978500.0,1,7:30p,98,119,1,21
KXNBAGAME-26FEB24OKCTOR,KXNBAGAME-26FEB24OKCTOR-TOR,Oklahoma City at Toronto Winner?,2026-02-24,Oklahoma City Thunder,Toronto Raptors,finalized,no,4275736.0,0.0,0.0,,0.505,0.5,0.51,1771978500.0,1771978500.0,0,7:30p,116,107,0,-9
KXNBAGAME-26FEB24GSWNOP,KXNBAGAME-26FEB24GSWNOP-NOP,Golden State at New Orleans Winner?,2026-02-24,Golden State Warriors,New Orleans Pelicans,finalized,yes,2341194.0,0.0,1.0,,0.475,0.47,0.48,1771980300.0,1771980300.0,1,8:00p,109,113,1,4
KXNBAGAME-26FEB24DALBKN,KXNBAGAME-26FEB24DALBKN-BKN,Dallas at Brooklyn Winner?,2026-02-24,Dallas Mavericks,Brooklyn Nets,finalized,no,1108601.0,0.0,0.0,,0.46499999999999997,0.46,0.47,1771978500.0,1771978500.0,0,7:30p,123,114,0,-9
KXNBAGAME-26FEB24BOSPHX,KXNBAGAME-26FEB24BOSPHX-PHX,Boston at Phoenix Winner?,2026-02-24,Boston Celtics,Phoenix Suns,finalized,no,1519029.0,0.0,0.0,,0.335,0.33,0.34,1771983900.0,1771983900.0,0,9:00p,97,81,0,-16
KXNBAGAME-26FEB24CHACHI,KXNBAGAME-26FEB24CHACHI-CHI,Charlotte at Chicago Winner?,2026-02-24,Charlotte Hornets,Chicago Bulls,finalized,no,872441.0,0.0,0.0,,0.255,0.25,0.26,1771980300.0,1771980300.0,0,8:00p,131,99,0,-32
KXNBAGAME-26FEB24MIAMIL,KXNBAGAME-26FEB24MIAMIL-MIL,Miami at Milwaukee Winner?,2026-02-24,Miami Heat,Milwaukee Bucks,finalized,yes,1849372.0,0.0,1.0,,0.335,0.33,0.34,1771980300.0,1771980300.0,1,8:00p,117,128,1,11
KXNBAGAME-26FEB24MINPOR,KXNBAGAME-26FEB24MINPOR-POR,Minnesota at Portland Winner?,2026-02-24,Minnesota Timberwolves,Portland Trail Blazers,finalized,no,3538078.0,0.0,0.0,,0.315,0.31,0.32,1771987500.0,1771987500.0,0,10:00p,124,121,0,-3
KXNBAGAME-26FEB24ORLLAL,KXNBAGAME-26FEB24ORLLAL-LAL,Orlando at Los Angeles L Winner?,2026-02-24,Orlando Magic,Los Angeles Lakers,finalized,no,5326453.0,0.0,0.0,,0.685,0.68,0.69,1771989300.0,1771989300.0,0,10:30p,110,109,0,-1
KXNBAGAME-26FEB24NYKCLE,KXNBAGAME-26FEB24NYKCLE-CLE,New York at Cleveland Winner?,2026-02-24,New York Knicks,Cleveland Cavaliers,finalized,yes,2114066.0,0.0,1.0,,0.615,0.61,0.62,1771978500.0,1771978500.0,1,7:30p,94,109,1,15
KXNBAGAME-26FEB25OKCDET,KXNBAGAME-26FEB25OKCDET-DET,Oklahoma City at Detroit Winner?,2026-02-25,Oklahoma City Thunder,Detroit Pistons,finalized,yes,3991922.0,0.0,1.0,,0.785,0.78,0.79,1772064900.0,1772064900.0,1,7:30p,116,124,1,8
KXNBAGAME-26FEB25SASTOR,KXNBAGAME-26FEB25SASTOR-TOR,San Antonio at Toronto Winner?,2026-02-25,San Antonio Spurs,Toronto Raptors,finalized,no,3954856.0,0.0,0.0,,0.335,0.33,0.34,1772064900.0,1772064900.0,0,7:30p,110,107,0,-3
KXNBAGAME-26FEB25CLEMIL,KXNBAGAME-26FEB25CLEMIL-MIL,Cleveland at Milwaukee Winner?,2026-02-25,Cleveland Cavaliers,Milwaukee Bucks,finalized,yes,4389886.0,0.0,1.0,,0.415,0.41,0.42,1772066700.0,1772066700.0,1,8:00p,116,118,1,2
KXNBAGAME-26FEB25SACHOU,KXNBAGAME-26FEB25SACHOU-HOU,Sacramento at Houston Winner?,2026-02-25,Sacramento Kings,Houston Rockets,finalized,yes,1039368.0,0.0,1.0,,0.865,0.86,0.87,1772066700.0,1772066700.0,1,8:00p,97,128,1,31
KXNBAGAME-26FEB25BOSDEN,KXNBAGAME-26FEB25BOSDEN-DEN,Boston at Denver Winner?,2026-02-25,Boston Celtics,Denver Nuggets,finalized,yes,6941709.0,0.0,1.0,,0.575,0.57,0.58,1772073900.0,1772073900.0,1,10:00p,84,103,1,19
KXNBAGAME-26FEB25GSWMEM,KXNBAGAME-26FEB25GSWMEM-MEM,Golden State at Memphis Winner?,2026-02-25,Golden State Warriors,Memphis Grizzlies,finalized,no,790410.0,0.0,0.0,,0.375,0.37,0.38,1772064900.0,1772064900.0,0,7:30p,133,112,0,-21
KXNBAGAME-26FEB26CHAIND,KXNBAGAME-26FEB26CHAIND-IND,Charlotte at Indiana Winner?,2026-02-26,Charlotte Hornets,Indiana Pacers,finalized,no,2316993.0,0.0,0.0,,0.14500000000000002,0.14,0.15,1772149500.0,1772149500.0,0,7:00p,133,109,0,-24
KXNBAGAME-26FEB26HOUORL,KXNBAGAME-26FEB26HOUORL-ORL,Houston at Orlando Winner?,2026-02-26,Houston Rockets,Orlando Magic,finalized,no,3837751.0,0.0,0.0,,0.435,0.43,0.44,1772151300.0,1772151300.0,0,7:30p,113,108,0,-5
KXNBAGAME-26FEB26PORCHI,KXNBAGAME-26FEB26PORCHI-CHI,Portland at Chicago Winner?,2026-02-26,Portland Trail Blazers,Chicago Bulls,finalized,no,1796111.0,0.0,0.0,,0.405,0.4,0.41,1772153100.0,1772153100.0,0,8:00p,121,112,0,-9
KXNBAGAME-26FEB26MIAPHI,KXNBAGAME-26FEB26MIAPHI-PHI,Miami at Philadelphia Winner?,2026-02-26,Miami Heat,Philadelphia 76ers,finalized,yes,5222859.0,0.0,1.0,,0.555,0.55,0.56,1772149500.0,1772149500.0,1,7:00p,117,124,1,7
KXNBAGAME-26FEB26WASATL,KXNBAGAME-26FEB26WASATL-ATL,Washington at Atlanta Winner?,2026-02-26,Washington Wizards,Atlanta Hawks,finalized,yes,533382.0,0.0,1.0,,0.815,0.81,0.82,1772151300.0,1772151300.0,1,7:30p,96,126,1,30
KXNBAGAME-26FEB26SASBKN,KXNBAGAME-26FEB26SASBKN-BKN,San Antonio at Brooklyn Winner?,2026-02-26,San Antonio Spurs,Brooklyn Nets,finalized,no,1037208.0,0.0,0.0,,0.175,0.17,0.18,1772151300.0,1772151300.0,0,7:30p,126,110,0,-16
KXNBAGAME-26FEB26SACDAL,KXNBAGAME-26FEB26SACDAL-DAL,Sacramento at Dallas Winner?,2026-02-26,Sacramento Kings,Dallas Mavericks,finalized,no,3440370.0,0.0,0.0,,0.745,0.74,0.75,1772154900.0,1772154900.0,0,8:30p,130,121,0,-9
KXNBAGAME-26FEB26LALPHX,KXNBAGAME-26FEB26LALPHX-PHX,Los Angeles L at Phoenix Winner?,2026-02-26,Los Angeles Lakers,Phoenix Suns,finalized,yes,6011939.0,0.0,1.0,,0.335,0.33,0.34,1772156700.0,1772156700.0,1,9:00p,110,113,1,3
KXNBAGAME-26FEB26MINLAC,KXNBAGAME-26FEB26MINLAC-LAC,Minnesota at Los Angeles C Winner?,2026-02-26,Minnesota Timberwolves,Los Angeles Clippers,finalized,no,7665708.0,0.0,0.0,,0.255,0.25,0.26,1772160300.0,1772160300.0,0,10:00p,94,88,0,-6
KXNBAGAME-26FEB26NOPUTA,KXNBAGAME-26FEB26NOPUTA-UTA,New Orleans at Utah Winner?,2026-02-26,New Orleans Pelicans,Utah Jazz,finalized,no,1353297.0,0.0,0.0,,0.325,0.32,0.33,1772156700.0,1772156700.0,0,9:00p,129,118,0,-11
KXNBAGAME-26FEB27MEMDAL,KXNBAGAME-26FEB27MEMDAL-DAL,Memphis at Dallas Winner?,2026-02-27,Memphis Grizzlies,Dallas Mavericks,finalized,no,1322799.0,0.0,0.0,,0.645,0.64,0.65,1772241300.0,1772241300.0,0,8:30p,124,105,0,-19
KXNBAGAME-26FEB27DENOKC,KXNBAGAME-26FEB27DENOKC-OKC,Denver at Oklahoma City Winner?,2026-02-27,Denver Nuggets,Oklahoma City Thunder,finalized,yes,16225546.0,0.0,1.0,,0.695,0.69,0.7,1772244900.0,1772244900.0,1,9:30p,121,127,1,6
KXNBAGAME-26FEB27NYKMIL,KXNBAGAME-26FEB27NYKMIL-MIL,New York at Milwaukee Winner?,2026-02-27,New York Knicks,Milwaukee Bucks,finalized,no,1484826.0,0.0,0.0,,0.275,0.27,0.28,1772239500.0,1772239500.0,0,8:00p,127,98,0,-29
KXNBAGAME-26FEB27CLEDET,KXNBAGAME-26FEB27CLEDET-DET,Cleveland at Detroit Winner?,2026-02-27,Cleveland Cavaliers,Detroit Pistons,finalized,yes,12901336.0,0.0,1.0,,0.735,0.73,0.74,1772235900.0,1772235900.0,1,7:00p,119,122,1,3
KXNBAGAME-26FEB27BKNBOS,KXNBAGAME-26FEB27BKNBOS-BOS,Brooklyn at Boston Winner?,2026-02-27,Brooklyn Nets,Boston Celtics,finalized,yes,1579169.0,0.0,1.0,,0.905,0.9,0.91,1772237700.0,1772237700.0,1,7:30p,111,148,1,37
KXNBAGAME-26FEB28PORCHA,KXNBAGAME-26FEB28PORCHA-CHA,Portland at Charlotte Winner?,2026-02-28,Portland Trail Blazers,Charlotte Hornets,finalized,yes,2884683.0,0.0,1.0,,0.715,0.71,0.72,1772300700.0,1772300700.0,1,1:00p,93,109,1,16
KXNBAGAME-26FEB28TORWAS,KXNBAGAME-26FEB28TORWAS-WAS,Toronto at Washington Winner?,2026-02-28,Toronto Raptors,Washington Wizards,finalized,no,4898847.0,0.0,0.0,,0.125,0.12,0.13,1772322300.0,1772322300.0,0,7:00p,134,125,0,-9
KXNBAGAME-26FEB28LALGSW,KXNBAGAME-26FEB28LALGSW-GSW,Los Angeles L at Golden State Winner?,2026-02-28,Los Angeles Lakers,Golden State Warriors,finalized,no,3136350.0,0.0,0.0,,0.405,0.4,0.41,1772327700.0,1772327700.0,0,8:30p,129,101,0,-28
KXNBAGAME-26FEB28NOPUTA,KXNBAGAME-26FEB28NOPUTA-UTA,New Orleans at Utah Winner?,2026-02-28,New Orleans Pelicans,Utah Jazz,finalized,no,3455942.0,0.0,0.0,,0.335,0.33,0.34,1772331300.0,1772331300.0,0,9:30p,115,105,0,-10
KXNBAGAME-26FEB28HOUMIA,KXNBAGAME-26FEB28HOUMIA-MIA,Houston at Miami Winner?,2026-02-28,Houston Rockets,Miami Heat,finalized,yes,4650609.0,0.0,1.0,,0.435,0.43,0.44,1772309700.0,1772309700.0,1,3:30p,105,115,1,10
KXNBAGAME-26MAR01MILCHI,KXNBAGAME-26MAR01MILCHI-CHI,Milwaukee at Chicago Winner?,2026-03-01,Milwaukee Bucks,Chicago Bulls,finalized,yes,1832057.0,0.0,1.0,,0.435,0.43,0.44,1772396100.0,1772396100.0,1,3:30p,97,120,1,23
KXNBAGAME-26MAR01MINDEN,KXNBAGAME-26MAR01MINDEN-DEN,Minnesota at Denver Winner?,2026-03-01,Minnesota Timberwolves,Denver Nuggets,finalized,no,5480171.0,0.0,0.0,,0.5700000000000001,0.56,0.58,1772396100.0,1772396100.0,0,3:30p,117,108,0,-9
KXNBAGAME-26MAR01PORATL,KXNBAGAME-26MAR01PORATL-ATL,Portland at Atlanta Winner?,2026-03-01,Portland Trail Blazers,Atlanta Hawks,finalized,yes,1240752.0,0.0,1.0,,0.675,0.67,0.68,1772405100.0,1772405100.0,1,6:00p,101,135,1,34
KXNBAGAME-26MAR01SASNYK,KXNBAGAME-26MAR01SASNYK-NYK,San Antonio at New York Winner?,2026-03-01,San Antonio Spurs,New York Knicks,finalized,yes,5691860.0,0.0,1.0,,0.485,0.48,0.49,1772387100.0,1772387100.0,1,1:00p,89,114,1,25
KXNBAGAME-26MAR01MEMIND,KXNBAGAME-26MAR01MEMIND-IND,Memphis at Indiana Winner?,2026-03-01,Memphis Grizzlies,Indiana Pacers,finalized,no,1778086.0,0.0,0.0,,0.495,0.49,0.5,1772401500.0,1772401500.0,0,5:00p,125,106,0,-19
KXNBAGAME-26MAR01CLEBKN,KXNBAGAME-26MAR01CLEBKN-BKN,Cleveland at Brooklyn Winner?,2026-03-01,Cleveland Cavaliers,Brooklyn Nets,finalized,no,4260924.0,0.0,0.0,,0.165,0.16,0.17,1772396100.0,1772396100.0,0,3:30p,106,102,0,-4
KXNBAGAME-26MAR01NOPLAC,KXNBAGAME-26MAR01NOPLAC-LAC,New Orleans at Los Angeles C Winner?,2026-03-01,New Orleans Pelicans,Los Angeles Clippers,finalized,yes,3033323.0,0.0,1.0,,0.745,0.74,0.75,1772415900.0,1772415900.0,1,9:00p,117,137,1,20
KXNBAGAME-26MAR01OKCDAL,KXNBAGAME-26MAR01OKCDAL-DAL,Oklahoma City at Dallas Winner?,2026-03-01,Oklahoma City Thunder,Dallas Mavericks,finalized,no,2514879.0,0.0,0.0,,0.10500000000000001,0.1,0.11,1772412300.0,1772412300.0,0,8:00p,100,87,0,-13
KXNBAGAME-26MAR01PHIBOS,KXNBAGAME-26MAR01PHIBOS-BOS,Philadelphia at Boston Winner?,2026-03-01,Philadelphia 76ers,Boston Celtics,finalized,yes,5727349.0,0.0,1.0,,0.765,0.76,0.77,1772412300.0,1772412300.0,1,8:00p,98,114,1,16
KXNBAGAME-26MAR01SACLAL,KXNBAGAME-26MAR01SACLAL-LAL,Sacramento at Los Angeles L Winner?,2026-03-01,Sacramento Kings,Los Angeles Lakers,finalized,yes,1902288.0,0.0,1.0,,0.865,0.86,0.87,1772417700.0,1772417700.0,1,9:30p,104,128,1,24
KXNBAGAME-26MAR01DETORL,KXNBAGAME-26MAR01DETORL-ORL,Detroit at Orlando Winner?,2026-03-01,Detroit Pistons,Orlando Magic,finalized,no,3947050.0,0.0,0.0,,0.345,0.34,0.35,1772405100.0,1772405100.0,0,6:00p,106,92,0,-14
KXNBAGAME-26MAR02DENUTA,KXNBAGAME-26MAR02DENUTA-UTA,Denver at Utah Winner?,2026-03-02,Denver Nuggets,Utah Jazz,finalized,no,7895829.0,0.0,0.0,,0.165,0.16,0.17,1772502300.0,1772502300.0,0,9:00p,128,125,0,-3
KXNBAGAME-26MAR02LACGSW,KXNBAGAME-26MAR02LACGSW-GSW,Los Angeles C at Golden State Winner?,2026-03-02,Los Angeles Clippers,Golden State Warriors,finalized,no,6663804.0,0.0,0.0,,0.485,0.48,0.49,1772505900.0,1772505900.0,0,10:00p,114,101,0,-13
KXNBAGAME-26MAR02HOUWAS,KXNBAGAME-26MAR02HOUWAS-WAS,Houston at Washington Winner?,2026-03-02,Houston Rockets,Washington Wizards,finalized,no,2777049.0,0.0,0.0,,0.11499999999999999,0.11,0.12,1772495100.0,1772495100.0,0,7:00p,123,118,0,-5
KXNBAGAME-26MAR02BOSMIL,KXNBAGAME-26MAR02BOSMIL-MIL,Boston at Milwaukee Winner?,2026-03-02,Boston Celtics,Milwaukee Bucks,finalized,no,5362081.0,0.0,0.0,,0.435,0.43,0.44,1772496900.0,1772496900.0,0,7:30p,108,81,0,-27
KXNBAGAME-26MAR03DETCLE,KXNBAGAME-26MAR03DETCLE-CLE,Detroit at Cleveland Winner?,2026-03-03,Detroit Pistons,Cleveland Cavaliers,finalized,yes,3311832.0,0.0,1.0,,0.425,0.42,0.43,1772581500.0,1772581500.0,1,7:00p,109,113,1,4
KXNBAGAME-26MAR03NYKTOR,KXNBAGAME-26MAR03NYKTOR-TOR,New York at Toronto Winner?,2026-03-03,New York Knicks,Toronto Raptors,finalized,no,2443598.0,0.0,0.0,,0.435,0.43,0.44,1772583300.0,1772583300.0,0,7:30p,111,95,0,-16
KXNBAGAME-26MAR03SASPHI,KXNBAGAME-26MAR03SASPHI-PHI,San Antonio at Philadelphia Winner?,2026-03-03,San Antonio Spurs,Philadelphia 76ers,finalized,no,744480.0,0.0,0.0,,0.265,0.26,0.27,1772585100.0,1772585100.0,0,8:00p,131,91,0,-40
KXNBAGAME-26MAR03PHXSAC,KXNBAGAME-26MAR03PHXSAC-SAC,Phoenix at Sacramento Winner?,2026-03-03,Phoenix Suns,Sacramento Kings,finalized,no,2077616.0,0.0,0.0,,0.225,0.22,0.23,1772595900.0,1772595900.0,0,11:00p,114,103,0,-11
KXNBAGAME-26MAR03OKCCHI,KXNBAGAME-26MAR03OKCCHI-CHI,Oklahoma City at Chicago Winner?,2026-03-03,Oklahoma City Thunder,Chicago Bulls,finalized,no,1138713.0,0.0,0.0,,0.225,0.22,0.23,1772585100.0,1772585100.0,0,8:00p,116,108,0,-8
KXNBAGAME-26MAR03MEMMIN,KXNBAGAME-26MAR03MEMMIN-MIN,Memphis at Minnesota Winner?,2026-03-03,Memphis Grizzlies,Minnesota Timberwolves,finalized,yes,2199687.0,0.0,1.0,,0.865,0.86,0.87,1772585100.0,1772585100.0,1,8:00p,110,117,1,7
KXNBAGAME-26MAR03NOPLAL,KXNBAGAME-26MAR03NOPLAL-LAL,New Orleans at Los Angeles L Winner?,2026-03-03,New Orleans Pelicans,Los Angeles Lakers,finalized,yes,10017805.0,0.0,1.0,,0.755,0.75,0.76,1772594100.0,1772594100.0,1,10:30p,101,110,1,9
KXNBAGAME-26MAR03WASORL,KXNBAGAME-26MAR03WASORL-ORL,Washington at Orlando Winner?,2026-03-03,Washington Wizards,Orlando Magic,finalized,yes,611610.0,0.0,1.0,,0.905,0.9,0.91,1772581500.0,1772581500.0,1,7:00p,109,126,1,17
KXNBAGAME-26MAR03DALCHA,KXNBAGAME-26MAR03DALCHA-CHA,Dallas at Charlotte Winner?,2026-03-03,Dallas Mavericks,Charlotte Hornets,finalized,yes,1233769.0,0.0,1.0,,0.855,0.85,0.86,1772581500.0,1772581500.0,1,7:00p,90,117,1,27
KXNBAGAME-26MAR03BKNMIA,KXNBAGAME-26MAR03BKNMIA-MIA,Brooklyn at Miami Winner?,2026-03-03,Brooklyn Nets,Miami Heat,finalized,yes,595351.0,0.0,1.0,,0.845,0.84,0.85,1772583300.0,1772583300.0,1,7:30p,98,124,1,26
KXNBAGAME-26MAR04CHABOS,KXNBAGAME-26MAR04CHABOS-BOS,Charlotte at Boston Winner?,2026-03-04,Charlotte Hornets,Boston Celtics,finalized,no,4986637.0,0.0,0.0,,0.695,0.69,0.7,1772669700.0,1772669700.0,0,7:30p,118,89,0,-29
KXNBAGAME-26MAR04UTAPHI,KXNBAGAME-26MAR04UTAPHI-PHI,Utah at Philadelphia Winner?,2026-03-04,Utah Jazz,Philadelphia 76ers,finalized,yes,3120832.0,0.0,1.0,,0.735,0.73,0.74,1772669700.0,1772669700.0,1,7:30p,102,106,1,4
KXNBAGAME-26MAR04ATLMIL,KXNBAGAME-26MAR04ATLMIL-MIL,Atlanta at Milwaukee Winner?,2026-03-04,Atlanta Hawks,Milwaukee Bucks,finalized,no,5718584.0,0.0,0.0,,0.495,0.49,0.5,1772676900.0,1772676900.0,0,9:30p,131,113,0,-18
KXNBAGAME-26MAR04PORMEM,KXNBAGAME-26MAR04PORMEM-MEM,Portland at Memphis Winner?,2026-03-04,Portland Trail Blazers,Memphis Grizzlies,finalized,no,2979774.0,0.0,0.0,,0.235,0.23,0.24,1772671500.0,1772671500.0,0,8:00p,122,114,0,-8
KXNBAGAME-26MAR04INDLAC,KXNBAGAME-26MAR04INDLAC-LAC,Indiana at Los Angeles C Winner?,2026-03-04,Indiana Pacers,Los Angeles Clippers,finalized,yes,2152815.0,0.0,1.0,,0.835,0.83,0.84,1772680500.0,1772680500.0,1,10:30p,107,130,1,23
KXNBAGAME-26MAR04OKCNYK,KXNBAGAME-26MAR04OKCNYK-NYK,Oklahoma City at New York Winner?,2026-03-04,Oklahoma City Thunder,New York Knicks,finalized,no,7752831.0,0.0,0.0,,0.385,0.38,0.39,1772667900.0,1772667900.0,0,7:00p,103,100,0,-3
KXNBAGAME-26MAR05DETSAS,KXNBAGAME-26MAR05DETSAS-SAS,Detroit at San Antonio Winner?,2026-03-05,Detroit Pistons,San Antonio Spurs,finalized,yes,3566762.0,0.0,1.0,,0.575,0.57,0.58,1772757900.0,1772757900.0,1,8:00p,106,121,1,15
KXNBAGAME-26MAR05UTAWAS,KXNBAGAME-26MAR05UTAWAS-WAS,Utah at Washington Winner?,2026-03-05,Utah Jazz,Washington Wizards,finalized,no,2124614.0,0.0,0.0,,0.615,0.61,0.62,1772754300.0,1772754300.0,0,7:00p,122,112,0,-10
KXNBAGAME-26MAR05DALORL,KXNBAGAME-26MAR05DALORL-ORL,Dallas at Orlando Winner?,2026-03-05,Dallas Mavericks,Orlando Magic,finalized,yes,3636155.0,0.0,1.0,,0.755,0.75,0.76,1772754300.0,1772754300.0,1,7:00p,114,115,1,1
KXNBAGAME-26MAR05TORMIN,KXNBAGAME-26MAR05TORMIN-MIN,Toronto at Minnesota Winner?,2026-03-05,Toronto Raptors,Minnesota Timberwolves,finalized,yes,1914015.0,0.0,1.0,,0.655,0.65,0.66,1772757900.0,1772757900.0,1,8:00p,107,115,1,8
KXNBAGAME-26MAR05GSWHOU,KXNBAGAME-26MAR05GSWHOU-HOU,Golden State at Houston Winner?,2026-03-05,Golden State Warriors,Houston Rockets,finalized,no,7539471.0,0.0,0.0,,0.785,0.78,0.79,1772756100.0,1772756100.0,0,7:30p,115,113,0,-2
KXNBAGAME-26MAR05NOPSAC,KXNBAGAME-26MAR05NOPSAC-SAC,New Orleans at Sacramento Winner?,2026-03-05,New Orleans Pelicans,Sacramento Kings,finalized,no,2486398.0,0.0,0.0,,0.3,0.29,0.31,1772765100.0,1772765100.0,0,10:00p,133,123,0,-10
KXNBAGAME-26MAR05CHIPHX,KXNBAGAME-26MAR05CHIPHX-PHX,Chicago at Phoenix Winner?,2026-03-05,Chicago Bulls,Phoenix Suns,finalized,no,4367934.0,0.0,0.0,,0.835,0.83,0.84,1772761500.0,1772761500.0,0,9:00p,105,103,0,-2
KXNBAGAME-26MAR05LALDEN,KXNBAGAME-26MAR05LALDEN-DEN,Los Angeles L at Denver Winner?,2026-03-05,Los Angeles Lakers,Denver Nuggets,finalized,yes,5469144.0,0.0,1.0,,0.605,0.6,0.61,1772765100.0,1772765100.0,1,10:00p,113,120,1,7
KXNBAGAME-26MAR05BKNMIA,KXNBAGAME-26MAR05BKNMIA-MIA,Brooklyn at Miami Winner?,2026-03-05,Brooklyn Nets,Miami Heat,finalized,yes,1321145.0,0.0,1.0,,0.865,0.86,0.87,1772756100.0,1772756100.0,1,7:30p,110,126,1,16
KXNBAGAME-26MAR06NOPPHX,KXNBAGAME-26MAR06NOPPHX-PHX,New Orleans at Phoenix Winner?,2026-03-06,New Orleans Pelicans,Phoenix Suns,finalized,yes,2028315.0,0.0,1.0,,0.625,0.62,0.63,1772847900.0,1772847900.0,1,9:00p,116,118,1,2
KXNBAGAME-26MAR06INDLAL,KXNBAGAME-26MAR06INDLAL-LAL,Indiana at Los Angeles L Winner?,2026-03-06,Indiana Pacers,Los Angeles Lakers,finalized,yes,2522446.0,0.0,1.0,,0.785,0.78,0.79,1772853300.0,1772853300.0,1,10:30p,117,128,1,11
KXNBAGAME-26MAR06NYKDEN,KXNBAGAME-26MAR06NYKDEN-DEN,New York at Denver Winner?,2026-03-06,New York Knicks,Denver Nuggets,finalized,no,3935904.0,0.0,0.0,,0.515,0.51,0.52,1772847900.0,1772847900.0,0,9:00p,142,103,0,-39
KXNBAGAME-26MAR06LACSAS,KXNBAGAME-26MAR06LACSAS-SAS,Los Angeles C at San Antonio Winner?,2026-03-06,Los Angeles Clippers,San Antonio Spurs,finalized,yes,9260747.0,0.0,1.0,,0.715,0.71,0.72,1772849700.0,1772849700.0,1,9:30p,112,116,1,4
KXNBAGAME-26MAR06MIACHA,KXNBAGAME-26MAR06MIACHA-CHA,Miami at Charlotte Winner?,2026-03-06,Miami Heat,Charlotte Hornets,finalized,no,4023373.0,0.0,0.0,,0.715,0.71,0.72,1772840700.0,1772840700.0,0,7:00p,128,120,0,-8
KXNBAGAME-26MAR06PORHOU,KXNBAGAME-26MAR06PORHOU-HOU,Portland at Houston Winner?,2026-03-06,Portland Trail Blazers,Houston Rockets,finalized,yes,4153206.0,0.0,1.0,,0.715,0.71,0.72,1772844300.0,1772844300.0,1,8:00p,99,106,1,7
KXNBAGAME-26MAR06DALBOS,KXNBAGAME-26MAR06DALBOS-BOS,Dallas at Boston Winner?,2026-03-06,Dallas Mavericks,Boston Celtics,finalized,yes,2700327.0,0.0,1.0,,0.895,0.89,0.9,1772840700.0,1772840700.0,1,7:00p,100,120,1,20
KXNBAGAME-26MAR07LACMEM,KXNBAGAME-26MAR07LACMEM-MEM,Los Angeles C at Memphis Winner?,2026-03-07,Los Angeles Clippers,Memphis Grizzlies,finalized,no,3892767.0,0.0,0.0,,0.275,0.27,0.28,1772930700.0,1772930700.0,0,8:00p,123,120,0,-3
KXNBAGAME-26MAR07UTAMIL,KXNBAGAME-26MAR07UTAMIL-MIL,Utah at Milwaukee Winner?,2026-03-07,Utah Jazz,Milwaukee Bucks,finalized,yes,1545750.0,0.0,1.0,,0.795,0.79,0.8,1772930700.0,1772930700.0,1,8:00p,99,113,1,14
KXNBAGAME-26MAR07ORLMIN,KXNBAGAME-26MAR07ORLMIN-MIN,Orlando at Minnesota Winner?,2026-03-07,Orlando Magic,Minnesota Timberwolves,finalized,no,4590049.0,0.0,0.0,,0.705,0.7,0.71,1772912700.0,1772912700.0,0,3:00p,119,92,0,-27
KXNBAGAME-26MAR07BKNDET,KXNBAGAME-26MAR07BKNDET-DET,Brooklyn at Detroit Winner?,2026-03-07,Brooklyn Nets,Detroit Pistons,finalized,no,3178637.0,0.0,0.0,,0.865,0.86,0.87,1772923500.0,1772923500.0,0,6:00p,107,105,0,-2
KXNBAGAME-26MAR07PHIATL,KXNBAGAME-26MAR07PHIATL-ATL,Philadelphia at Atlanta Winner?,2026-03-07,Philadelphia 76ers,Atlanta Hawks,finalized,yes,3901625.0,0.0,1.0,,0.695,0.69,0.7,1772923500.0,1772923500.0,1,6:00p,116,125,1,9
KXNBAGAME-26MAR07GSWOKC,KXNBAGAME-26MAR07GSWOKC-OKC,Golden State at Oklahoma City Winner?,2026-03-07,Golden State Warriors,Oklahoma City Thunder,finalized,yes,3754381.0,0.0,1.0,,0.845,0.84,0.85,1772932500.0,1772932500.0,1,8:30p,97,104,1,7
KXNBAGAME-26MAR08ORLMIL,KXNBAGAME-26MAR08ORLMIL-MIL,Orlando at Milwaukee Winner?,2026-03-08,Orlando Magic,Milwaukee Bucks,finalized,no,774150.0,0.0,0.0,,0.35,0.34,0.36,1773013500.0,1773013500.0,0,8:00p,130,91,0,-39
KXNBAGAME-26MAR08HOUSAS,KXNBAGAME-26MAR08HOUSAS-SAS,Houston at San Antonio Winner?,2026-03-08,Houston Rockets,San Antonio Spurs,finalized,yes,4135157.0,0.0,1.0,,0.675,0.67,0.68,1773013500.0,1773013500.0,1,8:00p,120,145,1,25
KXNBAGAME-26MAR08BOSCLE,KXNBAGAME-26MAR08BOSCLE-CLE,Boston at Cleveland Winner?,2026-03-08,Boston Celtics,Cleveland Cavaliers,finalized,no,4309561.0,0.0,0.0,,0.525,0.52,0.53,1772988300.0,1772988300.0,0,1:00p,109,98,0,-11
KXNBAGAME-26MAR08NYKLAL,KXNBAGAME-26MAR08NYKLAL-LAL,New York at Los Angeles L Winner?,2026-03-08,New York Knicks,Los Angeles Lakers,finalized,yes,6480766.0,0.0,1.0,,0.365,0.36,0.37,1772997300.0,1772997300.0,1,3:30p,97,110,1,13
KXNBAGAME-26MAR08DETMIA,KXNBAGAME-26MAR08DETMIA-MIA,Detroit at Miami Winner?,2026-03-08,Detroit Pistons,Miami Heat,finalized,yes,4144310.0,0.0,1.0,,0.485,0.48,0.49,1773006300.0,1773006300.0,1,6:00p,110,121,1,11
KXNBAGAME-26MAR08CHISAC,KXNBAGAME-26MAR08CHISAC-SAC,Chicago at Sacramento Winner?,2026-03-08,Chicago Bulls,Sacramento Kings,finalized,yes,3426640.0,0.0,1.0,,0.375,0.37,0.38,1773017100.0,1773017100.0,1,9:00p,110,126,1,16
KXNBAGAME-26MAR08CHAPHX,KXNBAGAME-26MAR08CHAPHX-PHX,Charlotte at Phoenix Winner?,2026-03-08,Charlotte Hornets,Phoenix Suns,finalized,yes,5782173.0,0.0,1.0,,0.355,0.35,0.36,1773020700.0,1773020700.0,1,10:00p,99,111,1,12
KXNBAGAME-26MAR08DALTOR,KXNBAGAME-26MAR08DALTOR-TOR,Dallas at Toronto Winner?,2026-03-08,Dallas Mavericks,Toronto Raptors,finalized,yes,652471.0,0.0,1.0,,0.785,0.78,0.79,1773006300.0,1773006300.0,1,6:00p,92,122,1,30
KXNBAGAME-26MAR08INDPOR,KXNBAGAME-26MAR08INDPOR-POR,Indiana at Portland Winner?,2026-03-08,Indiana Pacers,Portland Trail Blazers,finalized,yes,925702.0,0.0,1.0,,0.785,0.78,0.79,1773017100.0,1773017100.0,1,9:00p,111,131,1,20
KXNBAGAME-26MAR08WASNOP,KXNBAGAME-26MAR08WASNOP-NOP,Washington at New Orleans Winner?,2026-03-08,Washington Wizards,New Orleans Pelicans,finalized,yes,1162493.0,0.0,1.0,,0.815,0.81,0.82,1773009900.0,1773009900.0,1,7:00p,118,138,1,20
KXNBAGAME-26MAR09NYKLAC,KXNBAGAME-26MAR09NYKLAC-LAC,New York at Los Angeles C Winner?,2026-03-09,New York Knicks,Los Angeles Clippers,finalized,yes,6229566.0,0.0,1.0,,0.46499999999999997,0.46,0.47,1773107100.0,1773107100.0,1,10:00p,118,126,1,8
KXNBAGAME-26MAR09GSWUTA,KXNBAGAME-26MAR09GSWUTA-UTA,Golden State at Utah Winner?,2026-03-09,Golden State Warriors,Utah Jazz,finalized,yes,5100953.0,0.0,1.0,,0.305,0.3,0.31,1773103500.0,1773103500.0,1,9:00p,116,119,1,3
KXNBAGAME-26MAR09DENOKC,KXNBAGAME-26MAR09DENOKC-OKC,Denver at Oklahoma City Winner?,2026-03-09,Denver Nuggets,Oklahoma City Thunder,finalized,yes,10340746.0,0.0,1.0,,0.605,0.6,0.61,1773098100.0,1773098100.0,1,7:30p,126,129,1,3
KXNBAGAME-26MAR09MEMBKN,KXNBAGAME-26MAR09MEMBKN-BKN,Memphis at Brooklyn Winner?,2026-03-09,Memphis Grizzlies,Brooklyn Nets,finalized,yes,1395732.0,0.0,1.0,,0.515,0.51,0.52,1773098100.0,1773098100.0,1,7:30p,115,126,1,11
KXNBAGAME-26MAR09PHICLE,KXNBAGAME-26MAR09PHICLE-CLE,Philadelphia at Cleveland Winner?,2026-03-09,Philadelphia 76ers,Cleveland Cavaliers,finalized,yes,2124309.0,0.0,1.0,,0.865,0.86,0.87,1773096300.0,1773096300.0,1,7:00p,101,115,1,14
KXNBAGAME-26MAR10BOSSAS,KXNBAGAME-26MAR10BOSSAS-SAS,Boston at San Antonio Winner?,2026-03-10,Boston Celtics,San Antonio Spurs,finalized,yes,5781070.0,0.0,1.0,,0.585,0.58,0.59,1773186300.0,1773186300.0,1,8:00p,116,125,1,9
KXNBAGAME-26MAR10MEMPHI,KXNBAGAME-26MAR10MEMPHI-PHI,Memphis at Philadelphia Winner?,2026-03-10,Memphis Grizzlies,Philadelphia 76ers,finalized,yes,3936288.0,0.0,1.0,,0.625,0.62,0.63,1773182700.0,1773182700.0,1,7:00p,129,139,1,10
KXNBAGAME-26MAR10DETBKN,KXNBAGAME-26MAR10DETBKN-BKN,Detroit at Brooklyn Winner?,2026-03-10,Detroit Pistons,Brooklyn Nets,finalized,no,1300149.0,0.0,0.0,,0.095,0.09,0.1,1773184500.0,1773184500.0,0,7:30p,138,100,0,-38
KXNBAGAME-26MAR10CHAPOR,KXNBAGAME-26MAR10CHAPOR-POR,Charlotte at Portland Winner?,2026-03-10,Charlotte Hornets,Portland Trail Blazers,finalized,no,2625277.0,0.0,0.0,,0.415,0.41,0.42,1773193500.0,1773193500.0,0,10:00p,103,101,0,-2
KXNBAGAME-26MAR10WASMIA,KXNBAGAME-26MAR10WASMIA-MIA,Washington at Miami Winner?,2026-03-10,Washington Wizards,Miami Heat,finalized,yes,719026.0,0.0,1.0,,0.905,0.9,0.91,1773184500.0,1773184500.0,1,7:30p,129,150,1,21
KXNBAGAME-26MAR10INDSAC,KXNBAGAME-26MAR10INDSAC-SAC,Indiana at Sacramento Winner?,2026-03-10,Indiana Pacers,Sacramento Kings,finalized,yes,2345192.0,0.0,1.0,,0.595,0.59,0.6,1773193500.0,1773193500.0,1,10:00p,109,114,1,5
KXNBAGAME-26MAR10TORHOU,KXNBAGAME-26MAR10TORHOU-HOU,Toronto at Houston Winner?,2026-03-10,Toronto Raptors,Houston Rockets,finalized,yes,873227.0,0.0,1.0,,0.635,0.63,0.64,1773186300.0,1773186300.0,1,8:00p,99,113,1,14
KXNBAGAME-26MAR10DALATL,KXNBAGAME-26MAR10DALATL-ATL,Dallas at Atlanta Winner?,2026-03-10,Dallas Mavericks,Atlanta Hawks,finalized,yes,1608379.0,0.0,1.0,,0.785,0.78,0.79,1773184500.0,1773184500.0,1,7:30p,112,124,1,12
KXNBAGAME-26MAR10CHIGSW,KXNBAGAME-26MAR10CHIGSW-GSW,Chicago at Golden State Winner?,2026-03-10,Chicago Bulls,Golden State Warriors,finalized,no,4308345.0,0.0,0.0,,0.675,0.67,0.68,1773193500.0,1773193500.0,0,10:00p,130,124,0,-6
KXNBAGAME-26MAR10MINLAL,KXNBAGAME-26MAR10MINLAL-LAL,Minnesota at Los Angeles L Winner?,2026-03-10,Minnesota Timberwolves,Los Angeles Lakers,finalized,yes,5816828.0,0.0,1.0,,0.445,0.44,0.45,1773197100.0,1773197100.0,1,11:00p,106,120,1,14
KXNBAGAME-26MAR10PHXMIL,KXNBAGAME-26MAR10PHXMIL-MIL,Phoenix at Milwaukee Winner?,2026-03-10,Phoenix Suns,Milwaukee Bucks,finalized,no,1576796.0,0.0,0.0,,0.455,0.45,0.46,1773186300.0,1773186300.0,0,8:00p,129,114,0,-15
KXNBAGAME-26MAR11TORNOP,KXNBAGAME-26MAR11TORNOP-NOP,Toronto at New Orleans Winner?,2026-03-11,Toronto Raptors,New Orleans Pelicans,finalized,yes,1781088.0,0.0,1.0,,0.445,0.44,0.45,1773272700.0,1773272700.0,1,8:00p,111,122,1,11
KXNBAGAME-26MAR11CHASAC,KXNBAGAME-26MAR11CHASAC-SAC,Charlotte at Sacramento Winner?,2026-03-11,Charlotte Hornets,Sacramento Kings,finalized,no,2867060.0,0.0,0.0,,0.125,0.12,0.13,1773279900.0,1773279900.0,0,10:00p,117,109,0,-8
KXNBAGAME-26MAR11MINLAC,KXNBAGAME-26MAR11MINLAC-LAC,Minnesota at Los Angeles C Winner?,2026-03-11,Minnesota Timberwolves,Los Angeles Clippers,finalized,yes,3353451.0,0.0,1.0,,0.54,0.53,0.55,1773281700.0,1773281700.0,1,10:30p,128,153,1,25
KXNBAGAME-26MAR11CLEORL,KXNBAGAME-26MAR11CLEORL-ORL,Cleveland at Orlando Winner?,2026-03-11,Cleveland Cavaliers,Orlando Magic,finalized,yes,4570674.0,0.0,1.0,,0.405,0.4,0.41,1773270900.0,1773270900.0,1,7:30p,122,128,1,6
KXNBAGAME-26MAR11NYKUTA,KXNBAGAME-26MAR11NYKUTA-UTA,New York at Utah Winner?,2026-03-11,New York Knicks,Utah Jazz,finalized,no,4949955.0,0.0,0.0,,0.11499999999999999,0.11,0.12,1773276300.0,1773276300.0,0,9:00p,134,117,0,-17
KXNBAGAME-26MAR11HOUDEN,KXNBAGAME-26MAR11HOUDEN-DEN,Houston at Denver Winner?,2026-03-11,Houston Rockets,Denver Nuggets,finalized,yes,2211596.0,0.0,1.0,,0.705,0.7,0.71,1773279900.0,1773279900.0,1,10:00p,93,129,1,36
KXNBAGAME-26MAR12DENSAS,KXNBAGAME-26MAR12DENSAS-SAS,Denver at San Antonio Winner?,2026-03-12,Denver Nuggets,San Antonio Spurs,finalized,no,5468186.0,0.0,0.0,,0.555,0.55,0.56,1773362700.0,1773362700.0,0,9:00p,136,131,0,-5
KXNBAGAME-26MAR12CHILAL,KXNBAGAME-26MAR12CHILAL-LAL,Chicago at Los Angeles L Winner?,2026-03-12,Chicago Bulls,Los Angeles Lakers,finalized,yes,2431355.0,0.0,1.0,,0.835,0.83,0.84,1773368100.0,1773368100.0,1,10:30p,130,142,1,12
KXNBAGAME-26MAR12MILMIA,KXNBAGAME-26MAR12MILMIA-MIA,Milwaukee at Miami Winner?,2026-03-12,Milwaukee Bucks,Miami Heat,finalized,yes,1710098.0,0.0,1.0,,0.675,0.67,0.68,1773357300.0,1773357300.0,1,7:30p,105,112,1,7
KXNBAGAME-26MAR12DALMEM,KXNBAGAME-26MAR12DALMEM-MEM,Dallas at Memphis Winner?,2026-03-12,Dallas Mavericks,Memphis Grizzlies,finalized,no,1269766.0,0.0,0.0,,0.335,0.33,0.34,1773359100.0,1773359100.0,0,8:00p,120,112,0,-8
KXNBAGAME-26MAR12BOSOKC,KXNBAGAME-26MAR12BOSOKC-OKC,Boston at Oklahoma City Winner?,2026-03-12,Boston Celtics,Oklahoma City Thunder,finalized,yes,6025724.0,0.0,1.0,,0.745,0.74,0.75,1773364500.0,1773364500.0,1,9:30p,102,104,1,2
KXNBAGAME-26MAR12PHXIND,KXNBAGAME-26MAR12PHXIND-IND,Phoenix at Indiana Winner?,2026-03-12,Phoenix Suns,Indiana Pacers,finalized,no,991041.0,0.0,0.0,,0.20500000000000002,0.2,0.21,1773355500.0,1773355500.0,0,7:00p,123,108,0,-15
KXNBAGAME-26MAR12WASORL,KXNBAGAME-26MAR12WASORL-ORL,Washington at Orlando Winner?,2026-03-12,Washington Wizards,Orlando Magic,finalized,yes,2226482.0,0.0,1.0,,0.895,0.89,0.9,1773355500.0,1773355500.0,1,7:00p,131,136,1,5
KXNBAGAME-26MAR12BKNATL,KXNBAGAME-26MAR12BKNATL-ATL,Brooklyn at Atlanta Winner?,2026-03-12,Brooklyn Nets,Atlanta Hawks,finalized,yes,652212.0,0.0,1.0,,0.905,0.9,0.91,1773357300.0,1773357300.0,1,7:30p,97,108,1,11
KXNBAGAME-26MAR12PHIDET,KXNBAGAME-26MAR12PHIDET-DET,Philadelphia at Detroit Winner?,2026-03-12,Philadelphia 76ers,Detroit Pistons,finalized,yes,1051991.0,0.0,1.0,,0.895,0.89,0.9,1773355500.0,1773355500.0,1,7:00p,109,131,1,22
KXNBAGAME-26MAR13NOPHOU,KXNBAGAME-26MAR13NOPHOU-HOU,New Orleans at Houston Winner?,2026-03-13,New Orleans Pelicans,Houston Rockets,finalized,yes,4241303.0,0.0,1.0,,0.685,0.68,0.69,1773445500.0,1773445500.0,1,8:00p,105,107,1,2
KXNBAGAME-26MAR13NYKIND,KXNBAGAME-26MAR13NYKIND-IND,New York at Indiana Winner?,2026-03-13,New York Knicks,Indiana Pacers,finalized,no,2014290.0,0.0,0.0,,0.14500000000000002,0.14,0.15,1773443700.0,1773443700.0,0,7:30p,101,92,0,-9
KXNBAGAME-26MAR13PHXTOR,KXNBAGAME-26MAR13PHXTOR-TOR,Phoenix at Toronto Winner?,2026-03-13,Phoenix Suns,Toronto Raptors,finalized,yes,3611445.0,0.0,1.0,,0.645,0.64,0.65,1773443700.0,1773443700.0,1,7:30p,115,122,1,7
KXNBAGAME-26MAR13MEMDET,KXNBAGAME-26MAR13MEMDET-DET,Memphis at Detroit Winner?,2026-03-13,Memphis Grizzlies,Detroit Pistons,finalized,yes,1190411.0,0.0,1.0,,0.915,0.91,0.92,1773443700.0,1773443700.0,1,7:30p,110,126,1,16
KXNBAGAME-26MAR13UTAPOR,KXNBAGAME-26MAR13UTAPOR-POR,Utah at Portland Winner?,2026-03-13,Utah Jazz,Portland Trail Blazers,finalized,yes,1882688.0,0.0,1.0,,0.895,0.89,0.9,1773452700.0,1773452700.0,1,10:00p,114,124,1,10
KXNBAGAME-26MAR13MINGSW,KXNBAGAME-26MAR13MINGSW-GSW,Minnesota at Golden State Winner?,2026-03-13,Minnesota Timberwolves,Golden State Warriors,finalized,no,2410956.0,0.0,0.0,,0.355,0.35,0.36,1773452700.0,1773452700.0,0,10:00p,127,117,0,-10
KXNBAGAME-26MAR13CHILAC,KXNBAGAME-26MAR13CHILAC-LAC,Chicago at Los Angeles C Winner?,2026-03-13,Chicago Bulls,Los Angeles Clippers,finalized,yes,1815115.0,0.0,1.0,,0.865,0.86,0.87,1773454500.0,1773454500.0,1,10:30p,108,119,1,11
KXNBAGAME-26MAR13CLEDAL,KXNBAGAME-26MAR13CLEDAL-DAL,Cleveland at Dallas Winner?,2026-03-13,Cleveland Cavaliers,Dallas Mavericks,finalized,no,868204.0,0.0,0.0,,0.14500000000000002,0.14,0.15,1773443700.0,1773443700.0,0,7:30p,138,105,0,-33
KXNBAGAME-26MAR14ORLMIA,KXNBAGAME-26MAR14ORLMIA-MIA,Orlando at Miami Winner?,2026-03-14,Orlando Magic,Miami Heat,finalized,no,3955899.0,0.0,0.0,,0.615,0.61,0.62,1773531900.0,1773531900.0,0,8:00p,121,117,0,-4
KXNBAGAME-26MAR14SACLAC,KXNBAGAME-26MAR14SACLAC-LAC,Sacramento at Los Angeles C Winner?,2026-03-14,Sacramento Kings,Los Angeles Clippers,finalized,no,10007719.0,0.0,0.0,,0.885,0.88,0.89,1773540900.0,1773540900.0,0,10:30p,118,109,0,-9
KXNBAGAME-26MAR14DENLAL,KXNBAGAME-26MAR14DENLAL-LAL,Denver at Los Angeles L Winner?,2026-03-14,Denver Nuggets,Los Angeles Lakers,finalized,yes,10105312.0,0.0,1.0,,0.46499999999999997,0.46,0.47,1773533700.0,1773533700.0,1,8:30p,125,127,1,2
KXNBAGAME-26MAR14WASBOS,KXNBAGAME-26MAR14WASBOS-BOS,Washington at Boston Winner?,2026-03-14,Washington Wizards,Boston Celtics,finalized,yes,831182.0,0.0,1.0,,0.955,0.95,0.96,1773524700.0,1773524700.0,1,6:00p,100,111,1,11
KXNBAGAME-26MAR14CHASAS,KXNBAGAME-26MAR14CHASAS-SAS,Charlotte at San Antonio Winner?,2026-03-14,Charlotte Hornets,San Antonio Spurs,finalized,yes,3553740.0,0.0,1.0,,0.695,0.69,0.7,1773515700.0,1773515700.0,1,3:30p,102,115,1,13
KXNBAGAME-26MAR14MILATL,KXNBAGAME-26MAR14MILATL-ATL,Milwaukee at Atlanta Winner?,2026-03-14,Milwaukee Bucks,Atlanta Hawks,finalized,yes,1086085.0,0.0,1.0,,0.805,0.8,0.81,1773513900.0,1773513900.0,1,3:00p,99,122,1,23
KXNBAGAME-26MAR14BKNPHI,KXNBAGAME-26MAR14BKNPHI-PHI,Brooklyn at Philadelphia Winner?,2026-03-14,Brooklyn Nets,Philadelphia 76ers,finalized,yes,1690918.0,0.0,1.0,,0.775,0.77,0.78,1773506700.0,1773506700.0,1,1:00p,97,104,1,7
KXNBAGAME-26MAR15GSWNYK,KXNBAGAME-26MAR15GSWNYK-NYK,Golden State at New York Winner?,2026-03-15,Golden State Warriors,New York Knicks,finalized,yes,10116644.0,0.0,1.0,,0.875,0.87,0.88,1773618300.0,1773618300.0,1,8:00p,107,110,1,3
KXNBAGAME-26MAR15UTASAC,KXNBAGAME-26MAR15UTASAC-SAC,Utah at Sacramento Winner?,2026-03-15,Utah Jazz,Sacramento Kings,finalized,yes,5311084.0,0.0,1.0,,0.595,0.59,0.6,1773625500.0,1773625500.0,1,10:00p,111,116,1,5
KXNBAGAME-26MAR15PORPHI,KXNBAGAME-26MAR15PORPHI-PHI,Portland at Philadelphia Winner?,2026-03-15,Portland Trail Blazers,Philadelphia 76ers,finalized,yes,8221751.0,0.0,1.0,,0.255,0.25,0.26,1773611100.0,1773611100.0,1,6:00p,103,109,1,6
KXNBAGAME-26MAR15DETTOR,KXNBAGAME-26MAR15DETTOR-TOR,Detroit at Toronto Winner?,2026-03-15,Detroit Pistons,Toronto Raptors,finalized,yes,2284205.0,0.0,1.0,,0.415,0.41,0.42,1773602100.0,1773602100.0,1,3:30p,108,119,1,11
KXNBAGAME-26MAR15DALCLE,KXNBAGAME-26MAR15DALCLE-CLE,Dallas at Cleveland Winner?,2026-03-15,Dallas Mavericks,Cleveland Cavaliers,finalized,no,3747146.0,0.0,0.0,,0.895,0.89,0.9,1773602100.0,1773602100.0,0,3:30p,130,120,0,-10
KXNBAGAME-26MAR15INDMIL,KXNBAGAME-26MAR15INDMIL-MIL,Indiana at Milwaukee Winner?,2026-03-15,Indiana Pacers,Milwaukee Bucks,finalized,yes,1391829.0,0.0,1.0,,0.745,0.74,0.75,1773602100.0,1773602100.0,1,3:30p,123,134,1,11
KXNBAGAME-26MAR15MINOKC,KXNBAGAME-26MAR15MINOKC-OKC,Minnesota at Oklahoma City Winner?,2026-03-15,Minnesota Timberwolves,Oklahoma City Thunder,finalized,yes,4151649.0,0.0,1.0,,0.775,0.77,0.78,1773593100.0,1773593100.0,1,1:00p,103,116,1,13
KXNBAGAME-26MAR16LALHOU,KXNBAGAME-26MAR16LALHOU-HOU,Los Angeles L at Houston Winner?,2026-03-16,Los Angeles Lakers,Houston Rockets,finalized,no,6300841.0,0.0,0.0,,0.485,0.48,0.49,1773710100.0,1773710100.0,0,9:30p,100,92,0,-8
KXNBAGAME-26MAR16MEMCHI,KXNBAGAME-26MAR16MEMCHI-CHI,Memphis at Chicago Winner?,2026-03-16,Memphis Grizzlies,Chicago Bulls,finalized,yes,837087.0,0.0,1.0,,0.715,0.71,0.72,1773704700.0,1773704700.0,1,8:00p,107,132,1,25
KXNBAGAME-26MAR16SASLAC,KXNBAGAME-26MAR16SASLAC-LAC,San Antonio at Los Angeles C Winner?,2026-03-16,San Antonio Spurs,Los Angeles Clippers,finalized,no,7412993.0,0.0,0.0,,0.255,0.25,0.26,1773711900.0,1773711900.0,0,10:00p,119,115,0,-4
KXNBAGAME-26MAR16GSWWAS,KXNBAGAME-26MAR16GSWWAS-WAS,Golden State at Washington Winner?,2026-03-16,Golden State Warriors,Washington Wizards,finalized,no,2677125.0,0.0,0.0,,0.265,0.26,0.27,1773701100.0,1773701100.0,0,7:00p,125,117,0,-8
KXNBAGAME-26MAR16DALNOP,KXNBAGAME-26MAR16DALNOP-NOP,Dallas at New Orleans Winner?,2026-03-16,Dallas Mavericks,New Orleans Pelicans,finalized,yes,851792.0,0.0,1.0,,0.755,0.75,0.76,1773704700.0,1773704700.0,1,8:00p,111,129,1,18
KXNBAGAME-26MAR16PHXBOS,KXNBAGAME-26MAR16PHXBOS-BOS,Phoenix at Boston Winner?,2026-03-16,Phoenix Suns,Boston Celtics,finalized,yes,5237547.0,0.0,1.0,,0.775,0.77,0.78,1773702900.0,1773702900.0,1,7:30p,112,120,1,8
KXNBAGAME-26MAR16ORLATL,KXNBAGAME-26MAR16ORLATL-ATL,Orlando at Atlanta Winner?,2026-03-16,Orlando Magic,Atlanta Hawks,finalized,yes,2738479.0,0.0,1.0,,0.595,0.59,0.6,1773701100.0,1773701100.0,1,7:00p,112,124,1,12
KXNBAGAME-26MAR16PORBKN,KXNBAGAME-26MAR16PORBKN-BKN,Portland at Brooklyn Winner?,2026-03-16,Portland Trail Blazers,Brooklyn Nets,finalized,no,1114906.0,0.0,0.0,,0.185,0.18,0.19,1773702900.0,1773702900.0,0,7:30p,114,95,0,-19
KXNBAGAME-26MAR17INDNYK,KXNBAGAME-26MAR17INDNYK-NYK,Indiana at New York Winner?,2026-03-17,Indiana Pacers,New York Knicks,finalized,yes,931736.0,0.0,1.0,,0.875,0.87,0.88,1773789300.0,1773789300.0,1,7:30p,110,136,1,26
KXNBAGAME-26MAR17DETWAS,KXNBAGAME-26MAR17DETWAS-WAS,Detroit at Washington Winner?,2026-03-17,Detroit Pistons,Washington Wizards,finalized,no,4204439.0,0.0,0.0,,0.055,0.05,0.06,1773787500.0,1773787500.0,0,7:00p,130,117,0,-13
KXNBAGAME-26MAR17OKCORL,KXNBAGAME-26MAR17OKCORL-ORL,Oklahoma City at Orlando Winner?,2026-03-17,Oklahoma City Thunder,Orlando Magic,finalized,no,2153403.0,0.0,0.0,,0.20500000000000002,0.2,0.21,1773787500.0,1773787500.0,0,7:00p,113,108,0,-5
KXNBAGAME-26MAR17MIACHA,KXNBAGAME-26MAR17MIACHA-CHA,Miami at Charlotte Winner?,2026-03-17,Miami Heat,Charlotte Hornets,finalized,yes,2014221.0,0.0,1.0,,0.645,0.64,0.65,1773787500.0,1773787500.0,1,7:00p,106,136,1,30
KXNBAGAME-26MAR17SASSAC,KXNBAGAME-26MAR17SASSAC-SAC,San Antonio at Sacramento Winner?,2026-03-17,San Antonio Spurs,Sacramento Kings,finalized,no,1128114.0,0.0,0.0,,0.135,0.13,0.14,1773798300.0,1773798300.0,0,10:00p,132,104,0,-28
KXNBAGAME-26MAR17PHXMIN,KXNBAGAME-26MAR17PHXMIN-MIN,Phoenix at Minnesota Winner?,2026-03-17,Phoenix Suns,Minnesota Timberwolves,finalized,yes,2556557.0,0.0,1.0,,0.595,0.59,0.6,1773791100.0,1773791100.0,1,8:00p,104,116,1,12
KXNBAGAME-26MAR17PHIDEN,KXNBAGAME-26MAR17PHIDEN-DEN,Philadelphia at Denver Winner?,2026-03-17,Philadelphia 76ers,Denver Nuggets,finalized,yes,900070.0,0.0,1.0,,0.905,0.9,0.91,1773798300.0,1773798300.0,1,10:00p,96,124,1,28
KXNBAGAME-26MAR17CLEMIL,KXNBAGAME-26MAR17CLEMIL-MIL,Cleveland at Milwaukee Winner?,2026-03-17,Cleveland Cavaliers,Milwaukee Bucks,finalized,no,2416246.0,0.0,0.0,,0.165,0.16,0.17,1773791100.0,1773791100.0,0,8:00p,123,116,0,-7
KXNBAGAME-26MAR18GSWBOS,KXNBAGAME-26MAR18GSWBOS-BOS,Golden State at Boston Winner?,2026-03-18,Golden State Warriors,Boston Celtics,finalized,yes,3498037.0,0.0,1.0,,0.845,0.84,0.85,1773873900.0,1773873900.0,1,7:00p,99,120,1,21
KXNBAGAME-26MAR18LACNOP,KXNBAGAME-26MAR18LACNOP-NOP,Los Angeles C at New Orleans Winner?,2026-03-18,Los Angeles Clippers,New Orleans Pelicans,finalized,yes,2162763.0,0.0,1.0,,0.455,0.45,0.46,1773877500.0,1773877500.0,1,8:00p,109,124,1,15
KXNBAGAME-26MAR18UTAMIN,KXNBAGAME-26MAR18UTAMIN-MIN,Utah at Minnesota Winner?,2026-03-18,Utah Jazz,Minnesota Timberwolves,finalized,yes,805839.0,0.0,1.0,,0.875,0.87,0.88,1773877500.0,1773877500.0,1,8:00p,111,147,1,36
KXNBAGAME-26MAR18TORCHI,KXNBAGAME-26MAR18TORCHI-CHI,Toronto at Chicago Winner?,2026-03-18,Toronto Raptors,Chicago Bulls,finalized,no,481784.0,0.0,0.0,,0.265,0.26,0.27,1773877500.0,1773877500.0,0,8:00p,139,109,0,-30
KXNBAGAME-26MAR18DENMEM,KXNBAGAME-26MAR18DENMEM-MEM,Denver at Memphis Winner?,2026-03-18,Denver Nuggets,Memphis Grizzlies,finalized,yes,4148125.0,0.0,1.0,,0.125,0.12,0.13,1773879300.0,1773879300.0,1,8:30p,118,125,1,7
KXNBAGAME-26MAR18LALHOU,KXNBAGAME-26MAR18LALHOU-HOU,Los Angeles L at Houston Winner?,2026-03-18,Los Angeles Lakers,Houston Rockets,finalized,no,7148852.0,0.0,0.0,,0.545,0.54,0.55,1773882900.0,1773882900.0,0,9:30p,124,116,0,-8
KXNBAGAME-26MAR18PORIND,KXNBAGAME-26MAR18PORIND-IND,Portland at Indiana Winner?,2026-03-18,Portland Trail Blazers,Indiana Pacers,finalized,no,1234001.0,0.0,0.0,,0.14500000000000002,0.14,0.15,1773875700.0,1773875700.0,0,7:30p,127,119,0,-8
KXNBAGAME-26MAR18ATLDAL,KXNBAGAME-26MAR18ATLDAL-DAL,Atlanta at Dallas Winner?,2026-03-18,Atlanta Hawks,Dallas Mavericks,finalized,no,996408.0,0.0,0.0,,0.255,0.25,0.26,1773879300.0,1773879300.0,0,8:30p,135,120,0,-15
KXNBAGAME-26MAR18OKCBKN,KXNBAGAME-26MAR18OKCBKN-BKN,Oklahoma City at Brooklyn Winner?,2026-03-18,Oklahoma City Thunder,Brooklyn Nets,finalized,no,947522.0,0.0,0.0,,0.045,0.04,0.05,1773875700.0,1773875700.0,0,7:30p,121,92,0,-29
KXNBAGAME-26MAR19MILUTA,KXNBAGAME-26MAR19MILUTA-UTA,Milwaukee at Utah Winner?,2026-03-19,Milwaukee Bucks,Utah Jazz,finalized,yes,1567151.0,0.0,1.0,,0.315,0.31,0.32,1773967500.0,1773967500.0,1,9:00p,96,128,1,32
KXNBAGAME-26MAR19PHXSAS,KXNBAGAME-26MAR19PHXSAS-SAS,Phoenix at San Antonio Winner?,2026-03-19,Phoenix Suns,San Antonio Spurs,finalized,yes,5152365.0,0.0,1.0,,0.805,0.8,0.81,1773963900.0,1773963900.0,1,8:00p,100,101,1,1
KXNBAGAME-26MAR19CLECHI,KXNBAGAME-26MAR19CLECHI-CHI,Cleveland at Chicago Winner?,2026-03-19,Cleveland Cavaliers,Chicago Bulls,finalized,no,1373350.0,0.0,0.0,,0.195,0.19,0.2,1773963900.0,1773963900.0,0,8:00p,115,110,0,-5
KXNBAGAME-26MAR19LALMIA,KXNBAGAME-26MAR19LALMIA-MIA,Los Angeles L at Miami Winner?,2026-03-19,Los Angeles Lakers,Miami Heat,finalized,no,3077846.0,0.0,0.0,,0.575,0.57,0.58,1773963900.0,1773963900.0,0,8:00p,134,126,0,-8
KXNBAGAME-26MAR19ORLCHA,KXNBAGAME-26MAR19ORLCHA-CHA,Orlando at Charlotte Winner?,2026-03-19,Orlando Magic,Charlotte Hornets,finalized,yes,1607291.0,0.0,1.0,,0.665,0.66,0.67,1773960300.0,1773960300.0,1,7:00p,111,130,1,19
KXNBAGAME-26MAR19DETWAS,KXNBAGAME-26MAR19DETWAS-WAS,Detroit at Washington Winner?,2026-03-19,Detroit Pistons,Washington Wizards,finalized,no,1428086.0,0.0,0.0,,0.10500000000000001,0.1,0.11,1773960300.0,1773960300.0,0,7:00p,117,95,0,-22
KXNBAGAME-26MAR19PHISAC,KXNBAGAME-26MAR19PHISAC-SAC,Philadelphia at Sacramento Winner?,2026-03-19,Philadelphia 76ers,Sacramento Kings,finalized,no,2692430.0,0.0,0.0,,0.435,0.43,0.44,1773971100.0,1773971100.0,0,10:00p,139,118,0,-21
KXNBAGAME-26MAR19LACNOP,KXNBAGAME-26MAR19LACNOP-NOP,Los Angeles C at New Orleans Winner?,2026-03-19,Los Angeles Clippers,New Orleans Pelicans,finalized,yes,1893784.0,0.0,1.0,,0.605,0.6,0.61,1773963900.0,1773963900.0,1,8:00p,99,105,1,6
KXNBAGAME-26MAR20BOSMEM,KXNBAGAME-26MAR20BOSMEM-MEM,Boston at Memphis Winner?,2026-03-20,Boston Celtics,Memphis Grizzlies,finalized,no,3069331.0,0.0,0.0,,0.095,0.09,0.1,1774050300.0,1774050300.0,0,8:00p,117,112,0,-5
KXNBAGAME-26MAR20TORDEN,KXNBAGAME-26MAR20TORDEN-DEN,Toronto at Denver Winner?,2026-03-20,Toronto Raptors,Denver Nuggets,finalized,yes,6032325.0,0.0,1.0,,0.705,0.7,0.71,1774053900.0,1774053900.0,1,9:00p,115,121,1,6
KXNBAGAME-26MAR20PORMIN,KXNBAGAME-26MAR20PORMIN-MIN,Portland at Minnesota Winner?,2026-03-20,Portland Trail Blazers,Minnesota Timberwolves,finalized,no,3681362.0,0.0,0.0,,0.505,0.5,0.51,1774050300.0,1774050300.0,0,8:00p,108,104,0,-4
KXNBAGAME-26MAR20GSWDET,KXNBAGAME-26MAR20GSWDET-DET,Golden State at Detroit Winner?,2026-03-20,Golden State Warriors,Detroit Pistons,finalized,yes,2485088.0,0.0,1.0,,0.675,0.67,0.68,1774048500.0,1774048500.0,1,7:30p,101,115,1,14
KXNBAGAME-26MAR20ATLHOU,KXNBAGAME-26MAR20ATLHOU-HOU,Atlanta at Houston Winner?,2026-03-20,Atlanta Hawks,Houston Rockets,finalized,yes,2032745.0,0.0,1.0,,0.585,0.58,0.59,1774050300.0,1774050300.0,1,8:00p,95,117,1,22
KXNBAGAME-26MAR20NYKBKN,KXNBAGAME-26MAR20NYKBKN-BKN,New York at Brooklyn Winner?,2026-03-20,New York Knicks,Brooklyn Nets,finalized,no,4521681.0,0.0,0.0,,0.065,0.06,0.07,1774048500.0,1774048500.0,0,7:30p,93,92,0,-1
KXNBAGAME-26MAR21CLENOP,KXNBAGAME-26MAR21CLENOP-NOP,Cleveland at New Orleans Winner?,2026-03-21,Cleveland Cavaliers,New Orleans Pelicans,finalized,no,1741612.0,0.0,0.0,,0.345,0.34,0.35,1774133100.0,1774133100.0,0,7:00p,111,106,0,-5
KXNBAGAME-26MAR21LACDAL,KXNBAGAME-26MAR21LACDAL-DAL,Los Angeles C at Dallas Winner?,2026-03-21,Los Angeles Clippers,Dallas Mavericks,finalized,no,2907691.0,0.0,0.0,,0.295,0.29,0.3,1774138500.0,1774138500.0,0,8:30p,138,131,0,-7
KXNBAGAME-26MAR21MILPHX,KXNBAGAME-26MAR21MILPHX-PHX,Milwaukee at Phoenix Winner?,2026-03-21,Milwaukee Bucks,Phoenix Suns,finalized,no,6695649.0,0.0,0.0,,0.835,0.83,0.84,1774143900.0,1774143900.0,0,10:00p,108,105,0,-3
KXNBAGAME-26MAR21OKCWAS,KXNBAGAME-26MAR21OKCWAS-WAS,Oklahoma City at Washington Winner?,2026-03-21,Oklahoma City Thunder,Washington Wizards,finalized,no,3412288.0,0.0,0.0,,0.035,0.03,0.04,1774125900.0,1774125900.0,0,5:00p,132,111,0,-21
KXNBAGAME-26MAR21MEMCHA,KXNBAGAME-26MAR21MEMCHA-CHA,Memphis at Charlotte Winner?,2026-03-21,Memphis Grizzlies,Charlotte Hornets,finalized,yes,681813.0,0.0,1.0,,0.935,0.93,0.94,1774133100.0,1774133100.0,1,7:00p,101,124,1,23
KXNBAGAME-26MAR21MIAHOU,KXNBAGAME-26MAR21MIAHOU-HOU,Miami at Houston Winner?,2026-03-21,Miami Heat,Houston Rockets,finalized,yes,6195209.0,0.0,1.0,,0.575,0.57,0.58,1774136700.0,1774136700.0,1,8:00p,122,123,1,1
KXNBAGAME-26MAR21GSWATL,KXNBAGAME-26MAR21GSWATL-ATL,Golden State at Atlanta Winner?,2026-03-21,Golden State Warriors,Atlanta Hawks,finalized,yes,1278459.0,0.0,1.0,,0.745,0.74,0.75,1774136700.0,1774136700.0,1,8:00p,110,126,1,16
KXNBAGAME-26MAR21INDSAS,KXNBAGAME-26MAR21INDSAS-SAS,Indiana at San Antonio Winner?,2026-03-21,Indiana Pacers,San Antonio Spurs,finalized,yes,1332985.0,0.0,1.0,,0.915,0.91,0.92,1774136700.0,1774136700.0,1,8:00p,119,134,1,15
KXNBAGAME-26MAR21PHIUTA,KXNBAGAME-26MAR21PHIUTA-UTA,Philadelphia at Utah Winner?,2026-03-21,Philadelphia 76ers,Utah Jazz,finalized,no,2240435.0,0.0,0.0,,0.325,0.32,0.33,1774142100.0,1774142100.0,0,9:30p,126,116,0,-10
KXNBAGAME-26MAR21LALORL,KXNBAGAME-26MAR21LALORL-ORL,Los Angeles L at Orlando Winner?,2026-03-21,Los Angeles Lakers,Orlando Magic,finalized,no,2961333.0,0.0,0.0,,0.395,0.39,0.4,1774133100.0,1774133100.0,0,7:00p,105,104,0,-1
KXNBAGAME-26MAR22PORDEN,KXNBAGAME-26MAR22PORDEN-DEN,Portland at Denver Winner?,2026-03-22,Portland Trail Blazers,Denver Nuggets,finalized,yes,3375959.0,0.0,1.0,,0.755,0.75,0.76,1774212300.0,1774212300.0,1,5:00p,112,128,1,16
KXNBAGAME-26MAR22BKNSAC,KXNBAGAME-26MAR22BKNSAC-SAC,Brooklyn at Sacramento Winner?,2026-03-22,Brooklyn Nets,Sacramento Kings,finalized,yes,2306922.0,0.0,1.0,,0.685,0.68,0.69,1774215900.0,1774215900.0,1,6:00p,122,126,1,4
KXNBAGAME-26MAR22WASNYK,KXNBAGAME-26MAR22WASNYK-NYK,Washington at New York Winner?,2026-03-22,Washington Wizards,New York Knicks,finalized,yes,547651.0,0.0,1.0,,0.955,0.95,0.96,1774221300.0,1774221300.0,1,7:30p,113,145,1,32
KXNBAGAME-26MAR22TORPHX,KXNBAGAME-26MAR22TORPHX-PHX,Toronto at Phoenix Winner?,2026-03-22,Toronto Raptors,Phoenix Suns,finalized,yes,2536111.0,0.0,1.0,,0.385,0.38,0.39,1774226700.0,1774226700.0,1,9:00p,98,120,1,22
KXNBAGAME-26MAR22MINBOS,KXNBAGAME-26MAR22MINBOS-BOS,Minnesota at Boston Winner?,2026-03-22,Minnesota Timberwolves,Boston Celtics,finalized,no,6694923.0,0.0,0.0,,0.785,0.78,0.79,1774223100.0,1774223100.0,0,8:00p,102,92,0,-10
KXNBAGAME-26MAR23LALDET,KXNBAGAME-26MAR23LALDET-DET,Los Angeles L at Detroit Winner?,2026-03-23,Los Angeles Lakers,Detroit Pistons,finalized,yes,5857406.0,0.0,1.0,,0.485,0.48,0.49,1774305900.0,1774305900.0,1,7:00p,110,113,1,3
KXNBAGAME-26MAR23OKCPHI,KXNBAGAME-26MAR23OKCPHI-PHI,Oklahoma City at Philadelphia Winner?,2026-03-23,Oklahoma City Thunder,Philadelphia 76ers,finalized,no,1602389.0,0.0,0.0,,0.08499999999999999,0.08,0.09,1774305900.0,1774305900.0,0,7:00p,123,103,0,-20
KXNBAGAME-26MAR23SASMIA,KXNBAGAME-26MAR23SASMIA-MIA,San Antonio at Miami Winner?,2026-03-23,San Antonio Spurs,Miami Heat,finalized,no,1329632.0,0.0,0.0,,0.395,0.39,0.4,1774305900.0,1774305900.0,0,7:00p,136,111,0,-25
KXNBAGAME-26MAR23MEMATL,KXNBAGAME-26MAR23MEMATL-ATL,Memphis at Atlanta Winner?,2026-03-23,Memphis Grizzlies,Atlanta Hawks,finalized,yes,249542.0,0.0,1.0,,0.885,0.88,0.89,1774307700.0,1774307700.0,1,7:30p,107,146,1,39
KXNBAGAME-26MAR23INDORL,KXNBAGAME-26MAR23INDORL-ORL,Indiana at Orlando Winner?,2026-03-23,Indiana Pacers,Orlando Magic,finalized,no,3588482.0,0.0,0.0,,0.835,0.83,0.84,1774305900.0,1774305900.0,0,7:00p,128,126,0,-2
KXNBAGAME-26MAR23BKNPOR,KXNBAGAME-26MAR23BKNPOR-POR,Brooklyn at Portland Winner?,2026-03-23,Brooklyn Nets,Portland Trail Blazers,finalized,yes,854918.0,0.0,1.0,,0.905,0.9,0.91,1774316700.0,1774316700.0,1,10:00p,99,134,1,35
KXNBAGAME-26MAR23TORUTA,KXNBAGAME-26MAR23TORUTA-UTA,Toronto at Utah Winner?,2026-03-23,Toronto Raptors,Utah Jazz,finalized,no,1718809.0,0.0,0.0,,0.185,0.18,0.19,1774313100.0,1774313100.0,0,9:00p,143,127,0,-16
KXNBAGAME-26MAR23GSWDAL,KXNBAGAME-26MAR23GSWDAL-DAL,Golden State at Dallas Winner?,2026-03-23,Golden State Warriors,Dallas Mavericks,finalized,no,12182777.0,0.0,0.0,,0.445,0.44,0.45,1774314900.0,1774314900.0,0,9:30p,137,131,0,-6
KXNBAGAME-26MAR23MILLAC,KXNBAGAME-26MAR23MILLAC-LAC,Milwaukee at Los Angeles C Winner?,2026-03-23,Milwaukee Bucks,Los Angeles Clippers,finalized,yes,845963.0,0.0,1.0,,0.875,0.87,0.88,1774318500.0,1774318500.0,1,10:30p,96,129,1,33
KXNBAGAME-26MAR23HOUCHI,KXNBAGAME-26MAR23HOUCHI-CHI,Houston at Chicago Winner?,2026-03-23,Houston Rockets,Chicago Bulls,finalized,yes,5498257.0,0.0,1.0,,0.225,0.22,0.23,1774309500.0,1774309500.0,1,8:00p,124,132,1,8
KXNBAGAME-26MAR24SACCHA,KXNBAGAME-26MAR24SACCHA-CHA,Sacramento at Charlotte Winner?,2026-03-24,Sacramento Kings,Charlotte Hornets,finalized,yes,1134480.0,0.0,1.0,,0.925,0.92,0.93,1774392300.0,1774392300.0,1,7:00p,90,134,1,44
KXNBAGAME-26MAR24NOPNYK,KXNBAGAME-26MAR24NOPNYK-NYK,New Orleans at New York Winner?,2026-03-24,New Orleans Pelicans,New York Knicks,finalized,yes,6065315.0,0.0,1.0,,0.765,0.76,0.77,1774394100.0,1774394100.0,1,7:30p,116,121,1,5
KXNBAGAME-26MAR24ORLCLE,KXNBAGAME-26MAR24ORLCLE-CLE,Orlando at Cleveland Winner?,2026-03-24,Orlando Magic,Cleveland Cavaliers,finalized,yes,2797324.0,0.0,1.0,,0.805,0.8,0.81,1774395900.0,1774395900.0,1,8:00p,131,136,1,5
KXNBAGAME-26MAR24DENPHX,KXNBAGAME-26MAR24DENPHX-PHX,Denver at Phoenix Winner?,2026-03-24,Denver Nuggets,Phoenix Suns,finalized,no,6777068.0,0.0,0.0,,0.315,0.31,0.32,1774406700.0,1774406700.0,0,11:00p,125,123,0,-2
KXNBAGAME-26MAR25OKCBOS,KXNBAGAME-26MAR25OKCBOS-BOS,Oklahoma City at Boston Winner?,2026-03-25,Oklahoma City Thunder,Boston Celtics,finalized,yes,3778234.0,0.0,1.0,,0.445,0.44,0.45,1774480500.0,1774480500.0,1,7:30p,109,119,1,10
KXNBAGAME-26MAR25ATLDET,KXNBAGAME-26MAR25ATLDET-DET,Atlanta at Detroit Winner?,2026-03-25,Atlanta Hawks,Detroit Pistons,finalized,no,9036401.0,0.0,0.0,,0.565,0.56,0.57,1774478700.0,1774478700.0,0,7:00p,130,129,0,-1
KXNBAGAME-26MAR25LALIND,KXNBAGAME-26MAR25LALIND-IND,Los Angeles L at Indiana Winner?,2026-03-25,Los Angeles Lakers,Indiana Pacers,finalized,no,1458968.0,0.0,0.0,,0.215,0.21,0.22,1774478700.0,1774478700.0,0,7:00p,137,130,0,-7
KXNBAGAME-26MAR25TORLAC,KXNBAGAME-26MAR25TORLAC-LAC,Toronto at Los Angeles C Winner?,2026-03-25,Toronto Raptors,Los Angeles Clippers,finalized,yes,1598937.0,0.0,1.0,,0.615,0.61,0.62,1774491300.0,1774491300.0,1,10:30p,94,119,1,25
KXNBAGAME-26MAR25DALDEN,KXNBAGAME-26MAR25DALDEN-DEN,Dallas at Denver Winner?,2026-03-25,Dallas Mavericks,Denver Nuggets,finalized,yes,2216179.0,0.0,1.0,,0.845,0.84,0.85,1774489500.0,1774489500.0,1,10:00p,135,142,1,7
KXNBAGAME-26MAR25CHIPHI,KXNBAGAME-26MAR25CHIPHI-PHI,Chicago at Philadelphia Winner?,2026-03-25,Chicago Bulls,Philadelphia 76ers,finalized,yes,1011901.0,0.0,1.0,,0.705,0.7,0.71,1774478700.0,1774478700.0,1,7:00p,137,157,1,20
KXNBAGAME-26MAR25HOUMIN,KXNBAGAME-26MAR25HOUMIN-MIN,Houston at Minnesota Winner?,2026-03-25,Houston Rockets,Minnesota Timberwolves,finalized,yes,8758028.0,0.0,1.0,,0.46499999999999997,0.46,0.47,1774487700.0,1774487700.0,1,9:30p,108,110,1,2
KXNBAGAME-26MAR25MILPOR,KXNBAGAME-26MAR25MILPOR-POR,Milwaukee at Portland Winner?,2026-03-25,Milwaukee Bucks,Portland Trail Blazers,finalized,yes,497388.0,0.0,1.0,,0.885,0.88,0.89,1774489500.0,1774489500.0,1,10:00p,99,130,1,31
KXNBAGAME-26MAR25SASMEM,KXNBAGAME-26MAR25SASMEM-MEM,San Antonio at Memphis Winner?,2026-03-25,San Antonio Spurs,Memphis Grizzlies,finalized,no,1955590.0,0.0,0.0,,0.065,0.06,0.07,1774482300.0,1774482300.0,0,8:00p,123,98,0,-25
KXNBAGAME-26MAR25BKNGSW,KXNBAGAME-26MAR25BKNGSW-GSW,Brooklyn at Golden State Winner?,2026-03-25,Brooklyn Nets,Golden State Warriors,finalized,yes,4586827.0,0.0,1.0,,0.845,0.84,0.85,1774489500.0,1774489500.0,1,10:00p,106,109,1,3
KXNBAGAME-26MAR25MIACLE,KXNBAGAME-26MAR25MIACLE-CLE,Miami at Cleveland Winner?,2026-03-25,Miami Heat,Cleveland Cavaliers,finalized,no,3024224.0,0.0,0.0,,0.575,0.57,0.58,1774480500.0,1774480500.0,0,7:30p,120,103,0,-17
KXNBAGAME-26MAR25WASUTA,KXNBAGAME-26MAR25WASUTA-UTA,Washington at Utah Winner?,2026-03-25,Washington Wizards,Utah Jazz,finalized,no,1667085.0,0.0,0.0,,0.585,0.58,0.59,1774485900.0,1774485900.0,0,9:00p,133,110,0,-23
KXNBAGAME-26MAR26NYKCHA,KXNBAGAME-26MAR26NYKCHA-CHA,New York at Charlotte Winner?,2026-03-26,New York Knicks,Charlotte Hornets,finalized,yes,2377462.0,0.0,1.0,,0.555,0.55,0.56,1774565100.0,1774565100.0,1,7:00p,103,114,1,11
KXNBAGAME-26MAR26SACORL,KXNBAGAME-26MAR26SACORL-ORL,Sacramento at Orlando Winner?,2026-03-26,Sacramento Kings,Orlando Magic,finalized,yes,1579916.0,0.0,1.0,,0.905,0.9,0.91,1774565100.0,1774565100.0,1,7:00p,117,121,1,4
KXNBAGAME-26MAR26NOPDET,KXNBAGAME-26MAR26NOPDET-DET,New Orleans at Detroit Winner?,2026-03-26,New Orleans Pelicans,Detroit Pistons,finalized,yes,2768283.0,0.0,1.0,,0.665,0.66,0.67,1774565100.0,1774565100.0,1,7:00p,108,129,1,21
KXNBAGAME-26MAR27HOUMEM,KXNBAGAME-26MAR27HOUMEM-MEM,Houston at Memphis Winner?,2026-03-27,Houston Rockets,Memphis Grizzlies,finalized,no,1041079.0,0.0,0.0,,0.11499999999999999,0.11,0.12,1774655100.0,1774655100.0,0,8:00p,119,109,0,-10
KXNBAGAME-26MAR27NOPTOR,KXNBAGAME-26MAR27NOPTOR-TOR,New Orleans at Toronto Winner?,2026-03-27,New Orleans Pelicans,Toronto Raptors,finalized,yes,736709.0,0.0,1.0,,0.755,0.75,0.76,1774656900.0,1774656900.0,1,8:30p,106,119,1,13
KXNBAGAME-26MAR27DALPOR,KXNBAGAME-26MAR27DALPOR-POR,Dallas at Portland Winner?,2026-03-27,Dallas Mavericks,Portland Trail Blazers,finalized,no,2920207.0,0.0,0.0,,0.815,0.81,0.82,1774662300.0,1774662300.0,0,10:00p,100,93,0,-7
KXNBAGAME-26MAR27BKNLAL,KXNBAGAME-26MAR27BKNLAL-LAL,Brooklyn at Los Angeles L Winner?,2026-03-27,Brooklyn Nets,Los Angeles Lakers,finalized,yes,2849793.0,0.0,1.0,,0.945,0.94,0.95,1774664100.0,1774664100.0,1,10:30p,99,116,1,17
KXNBAGAME-26MAR27MIACLE,KXNBAGAME-26MAR27MIACLE-CLE,Miami at Cleveland Winner?,2026-03-27,Miami Heat,Cleveland Cavaliers,finalized,yes,1140164.0,0.0,1.0,,0.675,0.67,0.68,1774653300.0,1774653300.0,1,7:30p,128,149,1,21
KXNBAGAME-26MAR27WASGSW,KXNBAGAME-26MAR27WASGSW-GSW,Washington at Golden State Winner?,2026-03-27,Washington Wizards,Golden State Warriors,finalized,yes,1438994.0,0.0,1.0,,0.865,0.86,0.87,1774662300.0,1774662300.0,1,10:00p,126,131,1,5
KXNBAGAME-26MAR27LACIND,KXNBAGAME-26MAR27LACIND-IND,Los Angeles C at Indiana Winner?,2026-03-27,Los Angeles Clippers,Indiana Pacers,finalized,no,3979479.0,0.0,0.0,,0.225,0.22,0.23,1774651500.0,1774651500.0,0,7:00p,114,113,0,-1
KXNBAGAME-26MAR27UTADEN,KXNBAGAME-26MAR27UTADEN-DEN,Utah at Denver Winner?,2026-03-27,Utah Jazz,Denver Nuggets,finalized,yes,3255579.0,0.0,1.0,,0.945,0.94,0.95,1774658700.0,1774658700.0,1,9:00p,129,135,1,6
KXNBAGAME-26MAR27CHIOKC,KXNBAGAME-26MAR27CHIOKC-OKC,Chicago at Oklahoma City Winner?,2026-03-27,Chicago Bulls,Oklahoma City Thunder,finalized,yes,2272737.0,0.0,1.0,,0.945,0.94,0.95,1774655100.0,1774655100.0,1,8:00p,113,131,1,18
KXNBAGAME-26MAR27ATLBOS,KXNBAGAME-26MAR27ATLBOS-BOS,Atlanta at Boston Winner?,2026-03-27,Atlanta Hawks,Boston Celtics,finalized,yes,3222739.0,0.0,1.0,,0.665,0.66,0.67,1774653300.0,1774653300.0,1,7:30p,102,109,1,7
KXNBAGAME-26MAR28SASMIL,KXNBAGAME-26MAR28SASMIL-MIL,San Antonio at Milwaukee Winner?,2026-03-28,San Antonio Spurs,Milwaukee Bucks,finalized,no,2362829.0,0.0,0.0,,0.065,0.06,0.07,1774723500.0,1774723500.0,0,3:00p,127,95,0,-32
KXNBAGAME-26MAR28DETMIN,KXNBAGAME-26MAR28DETMIN-MIN,Detroit at Minnesota Winner?,2026-03-28,Detroit Pistons,Minnesota Timberwolves,finalized,no,2768569.0,0.0,0.0,,0.46499999999999997,0.46,0.47,1774732500.0,1774732500.0,0,5:30p,109,87,0,-22
KXNBAGAME-26MAR28PHICHA,KXNBAGAME-26MAR28PHICHA-CHA,Philadelphia at Charlotte Winner?,2026-03-28,Philadelphia 76ers,Charlotte Hornets,finalized,no,3869438.0,0.0,0.0,,0.675,0.67,0.68,1774734300.0,1774734300.0,0,6:00p,118,114,0,-4
KXNBAGAME-26MAR28UTAPHX,KXNBAGAME-26MAR28UTAPHX-PHX,Utah at Phoenix Winner?,2026-03-28,Utah Jazz,Phoenix Suns,finalized,yes,897335.0,0.0,1.0,,0.925,0.92,0.93,1774748700.0,1774748700.0,1,10:00p,109,134,1,25
KXNBAGAME-26MAR28CHIMEM,KXNBAGAME-26MAR28CHIMEM-MEM,Chicago at Memphis Winner?,2026-03-28,Chicago Bulls,Memphis Grizzlies,finalized,yes,3489174.0,0.0,1.0,,0.355,0.35,0.36,1774741500.0,1774741500.0,1,8:00p,124,125,1,1
KXNBAGAME-26MAR28SACATL,KXNBAGAME-26MAR28SACATL-ATL,Sacramento at Atlanta Winner?,2026-03-28,Sacramento Kings,Atlanta Hawks,finalized,yes,2039437.0,0.0,1.0,,0.865,0.86,0.87,1774739700.0,1774739700.0,1,7:30p,113,123,1,10
KXNBAGAME-26MAR29LACMIL,KXNBAGAME-26MAR29LACMIL-MIL,Los Angeles C at Milwaukee Winner?,2026-03-29,Los Angeles Clippers,Milwaukee Bucks,finalized,no,1737154.0,0.0,0.0,,0.08499999999999999,0.08,0.09,1774811700.0,1774811700.0,0,3:30p,127,113,0,-14
KXNBAGAME-26MAR29GSWDEN,KXNBAGAME-26MAR29GSWDEN-DEN,Golden State at Denver Winner?,2026-03-29,Golden State Warriors,Denver Nuggets,finalized,yes,8662610.0,0.0,1.0,,0.835,0.83,0.84,1774835100.0,1774835100.0,1,10:00p,93,116,1,23
KXNBAGAME-26MAR29MIAIND,KXNBAGAME-26MAR29MIAIND-IND,Miami at Indiana Winner?,2026-03-29,Miami Heat,Indiana Pacers,finalized,yes,2503003.0,0.0,1.0,,0.245,0.24,0.25,1774817100.0,1774817100.0,1,5:00p,118,135,1,17
KXNBAGAME-26MAR29SACBKN,KXNBAGAME-26MAR29SACBKN-BKN,Sacramento at Brooklyn Winner?,2026-03-29,Sacramento Kings,Brooklyn Nets,finalized,yes,936056.0,0.0,1.0,,0.54,0.53,0.55,1774820700.0,1774820700.0,1,6:00p,99,116,1,17
KXNBAGAME-26MAR29ORLTOR,KXNBAGAME-26MAR29ORLTOR-TOR,Orlando at Toronto Winner?,2026-03-29,Orlando Magic,Toronto Raptors,finalized,yes,969373.0,0.0,1.0,,0.525,0.52,0.53,1774820700.0,1774820700.0,1,6:00p,87,139,1,52
KXNBAGAME-26MAR29HOUNOP,KXNBAGAME-26MAR29HOUNOP-NOP,Houston at New Orleans Winner?,2026-03-29,Houston Rockets,New Orleans Pelicans,finalized,no,1330388.0,0.0,0.0,,0.305,0.3,0.31,1774824300.0,1774824300.0,0,7:00p,134,102,0,-32
KXNBAGAME-26MAR29WASPOR,KXNBAGAME-26MAR29WASPOR-POR,Washington at Portland Winner?,2026-03-29,Washington Wizards,Portland Trail Blazers,finalized,yes,523335.0,0.0,1.0,,0.925,0.92,0.93,1774820700.0,1774820700.0,1,6:00p,88,123,1,35
KXNBAGAME-26MAR29NYKOKC,KXNBAGAME-26MAR29NYKOKC-OKC,New York at Oklahoma City Winner?,2026-03-29,New York Knicks,Oklahoma City Thunder,finalized,yes,6144135.0,0.0,1.0,,0.755,0.75,0.76,1774826100.0,1774826100.0,1,7:30p,100,111,1,11
KXNBAGAME-26MAR29BOSCHA,KXNBAGAME-26MAR29BOSCHA-CHA,Boston at Charlotte Winner?,2026-03-29,Boston Celtics,Charlotte Hornets,finalized,no,3262053.0,0.0,0.0,,0.545,0.54,0.55,1774820700.0,1774820700.0,0,6:00p,114,99,0,-15
KXNBAGAME-26MAR30CLEUTA,KXNBAGAME-26MAR30CLEUTA-UTA,Cleveland at Utah Winner?,2026-03-30,Cleveland Cavaliers,Utah Jazz,finalized,no,3220032.0,0.0,0.0,,0.07500000000000001,0.07,0.08,1774917900.0,1774917900.0,0,9:00p,122,113,0,-9
KXNBAGAME-26MAR30WASLAL,KXNBAGAME-26MAR30WASLAL-LAL,Washington at Los Angeles L Winner?,2026-03-30,Washington Wizards,Los Angeles Lakers,finalized,yes,1714275.0,0.0,1.0,,0.915,0.91,0.92,1774921500.0,1774921500.0,1,10:00p,101,120,1,19
KXNBAGAME-26MAR30BOSATL,KXNBAGAME-26MAR30BOSATL-ATL,Boston at Atlanta Winner?,2026-03-30,Boston Celtics,Atlanta Hawks,finalized,yes,2625352.0,0.0,1.0,,0.565,0.56,0.57,1774912500.0,1774912500.0,1,7:30p,102,112,1,10
KXNBAGAME-26MAR30DETOKC,KXNBAGAME-26MAR30DETOKC-OKC,Detroit at Oklahoma City Winner?,2026-03-30,Detroit Pistons,Oklahoma City Thunder,finalized,yes,8605962.0,0.0,1.0,,0.845,0.84,0.85,1774919700.0,1774919700.0,1,9:30p,110,114,1,4
KXNBAGAME-26MAR30MINDAL,KXNBAGAME-26MAR30MINDAL-DAL,Minnesota at Dallas Winner?,2026-03-30,Minnesota Timberwolves,Dallas Mavericks,finalized,no,706286.0,0.0,0.0,,0.245,0.24,0.25,1774916100.0,1774916100.0,0,8:30p,124,94,0,-30
KXNBAGAME-26MAR30CHISAS,KXNBAGAME-26MAR30CHISAS-SAS,Chicago at San Antonio Winner?,2026-03-30,Chicago Bulls,San Antonio Spurs,finalized,yes,1349883.0,0.0,1.0,,0.945,0.94,0.95,1774914300.0,1774914300.0,1,8:00p,114,129,1,15
KXNBAGAME-26MAR30PHIMIA,KXNBAGAME-26MAR30PHIMIA-MIA,Philadelphia at Miami Winner?,2026-03-30,Philadelphia 76ers,Miami Heat,finalized,yes,4590552.0,0.0,1.0,,0.445,0.44,0.45,1774910700.0,1774910700.0,1,7:00p,109,119,1,10
KXNBAGAME-26MAR30PHXMEM,KXNBAGAME-26MAR30PHXMEM-MEM,Phoenix at Memphis Winner?,2026-03-30,Phoenix Suns,Memphis Grizzlies,finalized,no,1617117.0,0.0,0.0,,0.135,0.13,0.14,1774914300.0,1774914300.0,0,8:00p,131,105,0,-26
KXNBAGAME-26MAR31DALMIL,KXNBAGAME-26MAR31DALMIL-MIL,Dallas at Milwaukee Winner?,2026-03-31,Dallas Mavericks,Milwaukee Bucks,finalized,yes,849139.0,0.0,1.0,,0.455,0.45,0.46,1775000700.0,1775000700.0,1,8:00p,99,123,1,24
KXNBAGAME-26MAR31PORLAC,KXNBAGAME-26MAR31PORLAC-LAC,Portland at Los Angeles C Winner?,2026-03-31,Portland Trail Blazers,Los Angeles Clippers,finalized,no,6810273.0,0.0,0.0,,0.645,0.64,0.65,1775011500.0,1775011500.0,0,11:00p,114,104,0,-10
KXNBAGAME-26MAR31NYKHOU,KXNBAGAME-26MAR31NYKHOU-HOU,New York at Houston Winner?,2026-03-31,New York Knicks,Houston Rockets,finalized,yes,2078090.0,0.0,1.0,,0.485,0.48,0.49,1775000700.0,1775000700.0,1,8:00p,94,111,1,17
KXNBAGAME-26MAR31CLELAL,KXNBAGAME-26MAR31CLELAL-LAL,Cleveland at Los Angeles L Winner?,2026-03-31,Cleveland Cavaliers,Los Angeles Lakers,finalized,yes,6718246.0,0.0,1.0,,0.555,0.55,0.56,1775009700.0,1775009700.0,1,10:30p,113,127,1,14
KXNBAGAME-26MAR31CHABKN,KXNBAGAME-26MAR31CHABKN-BKN,Charlotte at Brooklyn Winner?,2026-03-31,Charlotte Hornets,Brooklyn Nets,finalized,no,2251423.0,0.0,0.0,,0.065,0.06,0.07,1774998900.0,1774998900.0,0,7:30p,117,86,0,-31
KXNBAGAME-26MAR31PHXORL,KXNBAGAME-26MAR31PHXORL-ORL,Phoenix at Orlando Winner?,2026-03-31,Phoenix Suns,Orlando Magic,finalized,yes,3900721.0,0.0,1.0,,0.545,0.54,0.55,1774997100.0,1774997100.0,1,7:00p,111,115,1,4
KXNBAGAME-26MAR31TORDET,KXNBAGAME-26MAR31TORDET-DET,Toronto at Detroit Winner?,2026-03-31,Toronto Raptors,Detroit Pistons,finalized,yes,1595209.0,0.0,1.0,,0.595,0.59,0.6,1775000700.0,1775000700.0,1,8:00p,116,127,1,11
KXNBAGAME-26APR01NYKMEM,KXNBAGAME-26APR01NYKMEM-MEM,New York at Memphis Winner?,2026-04-01,New York Knicks,Memphis Grizzlies,finalized,no,1082848.0,0.0,0.0,,0.125,0.12,0.13,1775087100.0,1775087100.0,0,8:00p,130,119,0,-11
KXNBAGAME-26APR01MILHOU,KXNBAGAME-26APR01MILHOU-HOU,Milwaukee at Houston Winner?,2026-04-01,Milwaukee Bucks,Houston Rockets,finalized,yes,1281370.0,0.0,1.0,,0.945,0.94,0.95,1775087100.0,1775087100.0,1,8:00p,113,119,1,6
KXNBAGAME-26APR01INDCHI,KXNBAGAME-26APR01INDCHI-CHI,Indiana at Chicago Winner?,2026-04-01,Indiana Pacers,Chicago Bulls,finalized,no,2337748.0,0.0,0.0,,0.595,0.59,0.6,1775087100.0,1775087100.0,0,8:00p,145,126,0,-19
KXNBAGAME-26APR01ATLORL,KXNBAGAME-26APR01ATLORL-ORL,Atlanta at Orlando Winner?,2026-04-01,Atlanta Hawks,Orlando Magic,finalized,no,2454734.0,0.0,0.0,,0.435,0.43,0.44,1775083500.0,1775083500.0,0,7:00p,130,101,0,-29
KXNBAGAME-26APR01PHIWAS,KXNBAGAME-26APR01PHIWAS-WAS,Philadelphia at Washington Winner?,2026-04-01,Philadelphia 76ers,Washington Wizards,finalized,no,2307499.0,0.0,0.0,,0.095,0.09,0.1,1775083500.0,1775083500.0,0,7:00p,153,131,0,-22
KXNBAGAME-26APR01SASGSW,KXNBAGAME-26APR01SASGSW-GSW,San Antonio at Golden State Winner?,2026-04-01,San Antonio Spurs,Golden State Warriors,finalized,no,3901424.0,0.0,0.0,,0.10500000000000001,0.1,0.11,1775094300.0,1775094300.0,0,10:00p,127,113,0,-14
KXNBAGAME-26APR01BOSMIA,KXNBAGAME-26APR01BOSMIA-MIA,Boston at Miami Winner?,2026-04-01,Boston Celtics,Miami Heat,finalized,no,3128284.0,0.0,0.0,,0.365,0.36,0.37,1775085300.0,1775085300.0,0,7:30p,147,129,0,-18
KXNBAGAME-26APR01DENUTA,KXNBAGAME-26APR01DENUTA-UTA,Denver at Utah Winner?,2026-04-01,Denver Nuggets,Utah Jazz,finalized,no,2816979.0,0.0,0.0,,0.07500000000000001,0.07,0.08,1775090700.0,1775090700.0,0,9:00p,130,117,0,-13
KXNBAGAME-26APR01SACTOR,KXNBAGAME-26APR01SACTOR-TOR,Sacramento at Toronto Winner?,2026-04-01,Sacramento Kings,Toronto Raptors,finalized,no,4649386.0,0.0,0.0,,0.86,0.85,0.87,1775087100.0,1775087100.0,0,8:00p,123,115,0,-8
KXNBAGAME-26APR02NOPPOR,KXNBAGAME-26APR02NOPPOR-POR,New Orleans at Portland Winner?,2026-04-02,New Orleans Pelicans,Portland Trail Blazers,finalized,yes,3388258.0,0.0,1.0,,0.685,0.68,0.69,1775180700.0,1775180700.0,1,10:00p,106,118,1,12
KXNBAGAME-26APR02PHXCHA,KXNBAGAME-26APR02PHXCHA-CHA,Phoenix at Charlotte Winner?,2026-04-02,Phoenix Suns,Charlotte Hornets,finalized,yes,2721999.0,0.0,1.0,,0.675,0.67,0.68,1775169900.0,1775169900.0,1,7:00p,107,127,1,20
KXNBAGAME-26APR02MINDET,KXNBAGAME-26APR02MINDET-DET,Minnesota at Detroit Winner?,2026-04-02,Minnesota Timberwolves,Detroit Pistons,finalized,yes,6749508.0,0.0,1.0,,0.665,0.66,0.67,1775169900.0,1775169900.0,1,7:00p,108,113,1,5
KXNBAGAME-26APR02SASLAC,KXNBAGAME-26APR02SASLAC-LAC,San Antonio at Los Angeles C Winner?,2026-04-02,San Antonio Spurs,Los Angeles Clippers,finalized,no,4421336.0,0.0,0.0,,0.555,0.55,0.56,1775182500.0,1775182500.0,0,10:30p,118,99,0,-19
KXNBAGAME-26APR02LALOKC,KXNBAGAME-26APR02LALOKC-OKC,Los Angeles L at Oklahoma City Winner?,2026-04-02,Los Angeles Lakers,Oklahoma City Thunder,finalized,yes,3185375.0,0.0,1.0,,0.765,0.76,0.77,1775178900.0,1775178900.0,1,9:30p,96,139,1,43
KXNBAGAME-26APR02CLEGSW,KXNBAGAME-26APR02CLEGSW-GSW,Cleveland at Golden State Winner?,2026-04-02,Cleveland Cavaliers,Golden State Warriors,finalized,no,4377532.0,0.0,0.0,,0.195,0.19,0.2,1775180700.0,1775180700.0,0,10:00p,118,111,0,-7
KXNBAGAME-26APR03NOPSAC,KXNBAGAME-26APR03NOPSAC-SAC,New Orleans at Sacramento Winner?,2026-04-03,New Orleans Pelicans,Sacramento Kings,finalized,yes,6929301.0,0.0,1.0,,0.325,0.32,0.33,1775267100.0,1775267100.0,1,10:00p,113,117,1,4
KXNBAGAME-26APR03BOSMIL,KXNBAGAME-26APR03BOSMIL-MIL,Boston at Milwaukee Winner?,2026-04-03,Boston Celtics,Milwaukee Bucks,finalized,no,732307.0,0.0,0.0,,0.065,0.06,0.07,1775259900.0,1775259900.0,0,8:00p,133,101,0,-32
KXNBAGAME-26APR03INDCHA,KXNBAGAME-26APR03INDCHA-CHA,Indiana at Charlotte Winner?,2026-04-03,Indiana Pacers,Charlotte Hornets,finalized,yes,978318.0,0.0,1.0,,0.915,0.91,0.92,1775256300.0,1775256300.0,1,7:00p,108,129,1,21
KXNBAGAME-26APR03TORMEM,KXNBAGAME-26APR03TORMEM-MEM,Toronto at Memphis Winner?,2026-04-03,Toronto Raptors,Memphis Grizzlies,finalized,no,873467.0,0.0,0.0,,0.10500000000000001,0.1,0.11,1775259900.0,1775259900.0,0,8:00p,128,96,0,-32
KXNBAGAME-26APR03UTAHOU,KXNBAGAME-26APR03UTAHOU-HOU,Utah at Houston Winner?,2026-04-03,Utah Jazz,Houston Rockets,finalized,yes,521861.0,0.0,1.0,,0.935,0.93,0.94,1775259900.0,1775259900.0,1,8:00p,106,140,1,34
KXNBAGAME-26APR03CHINYK,KXNBAGAME-26APR03CHINYK-NYK,Chicago at New York Winner?,2026-04-03,Chicago Bulls,New York Knicks,finalized,yes,490499.0,0.0,1.0,,0.895,0.89,0.9,1775258100.0,1775258100.0,1,7:30p,96,136,1,40
KXNBAGAME-26APR03MINPHI,KXNBAGAME-26APR03MINPHI-PHI,Minnesota at Philadelphia Winner?,2026-04-03,Minnesota Timberwolves,Philadelphia 76ers,finalized,yes,5507014.0,0.0,1.0,,0.605,0.6,0.61,1775256300.0,1775256300.0,1,7:00p,103,115,1,12
KXNBAGAME-26APR03ORLDAL,KXNBAGAME-26APR03ORLDAL-DAL,Orlando at Dallas Winner?,2026-04-03,Orlando Magic,Dallas Mavericks,finalized,no,1990088.0,0.0,0.0,,0.295,0.29,0.3,1775261700.0,1775261700.0,0,8:30p,138,127,0,-11
KXNBAGAME-26APR03ATLBKN,KXNBAGAME-26APR03ATLBKN-BKN,Atlanta at Brooklyn Winner?,2026-04-03,Atlanta Hawks,Brooklyn Nets,finalized,no,1231520.0,0.0,0.0,,0.07500000000000001,0.07,0.08,1775258100.0,1775258100.0,0,7:30p,141,107,0,-34
KXNBAGAME-26APR04DETPHI,KXNBAGAME-26APR04DETPHI-PHI,Detroit at Philadelphia Winner?,2026-04-04,Detroit Pistons,Philadelphia 76ers,finalized,no,3147995.0,0.0,0.0,,0.385,0.38,0.39,1775342700.0,1775342700.0,0,7:00p,116,93,0,-23
KXNBAGAME-26APR04SASDEN,KXNBAGAME-26APR04SASDEN-DEN,San Antonio at Denver Winner?,2026-04-04,San Antonio Spurs,Denver Nuggets,finalized,yes,7937806.0,0.0,1.0,,0.455,0.45,0.46,1775328300.0,1775328300.0,1,3:00p,134,136,1,2
KXNBAGAME-26APR04WASMIA,KXNBAGAME-26APR04WASMIA-MIA,Washington at Miami Winner?,2026-04-04,Washington Wizards,Miami Heat,finalized,yes,936398.0,0.0,1.0,,0.945,0.94,0.95,1775328300.0,1775328300.0,1,3:00p,136,152,1,16
KXNBAGAME-26APR05LALDAL,KXNBAGAME-26APR05LALDAL-DAL,Los Angeles L at Dallas Winner?,2026-04-05,Los Angeles Lakers,Dallas Mavericks,finalized,yes,5650552.0,0.0,1.0,,0.485,0.48,0.49,1775430900.0,1775430900.0,1,7:30p,128,134,1,6
KXNBAGAME-26APR05LACSAC,KXNBAGAME-26APR05LACSAC-SAC,Los Angeles C at Sacramento Winner?,2026-04-05,Los Angeles Clippers,Sacramento Kings,finalized,no,1818091.0,0.0,0.0,,0.135,0.13,0.14,1775436300.0,1775436300.0,0,9:00p,138,109,0,-29
KXNBAGAME-26APR05HOUGSW,KXNBAGAME-26APR05HOUGSW-GSW,Houston at Golden State Winner?,2026-04-05,Houston Rockets,Golden State Warriors,finalized,no,9175623.0,0.0,0.0,,0.395,0.39,0.4,1775439900.0,1775439900.0,0,10:00p,117,116,0,-1
KXNBAGAME-26APR05CHAMIN,KXNBAGAME-26APR05CHAMIN-MIN,Charlotte at Minnesota Winner?,2026-04-05,Charlotte Hornets,Minnesota Timberwolves,finalized,no,4194830.0,0.0,0.0,,0.375,0.37,0.38,1775429100.0,1775429100.0,0,7:00p,122,108,0,-14
KXNBAGAME-26APR05ORLNOP,KXNBAGAME-26APR05ORLNOP-NOP,Orlando at New Orleans Winner?,2026-04-05,Orlando Magic,New Orleans Pelicans,finalized,no,2644097.0,0.0,0.0,,0.325,0.32,0.33,1775429100.0,1775429100.0,0,7:00p,112,108,0,-4
KXNBAGAME-26APR05INDCLE,KXNBAGAME-26APR05INDCLE-CLE,Indiana at Cleveland Winner?,2026-04-05,Indiana Pacers,Cleveland Cavaliers,finalized,yes,3104156.0,0.0,1.0,,0.925,0.92,0.93,1775425500.0,1775425500.0,1,6:00p,108,117,1,9
KXNBAGAME-26APR05MEMMIL,KXNBAGAME-26APR05MEMMIL-MIL,Memphis at Milwaukee Winner?,2026-04-05,Memphis Grizzlies,Milwaukee Bucks,finalized,yes,1070511.0,0.0,1.0,,0.715,0.71,0.72,1775416500.0,1775416500.0,1,3:30p,115,131,1,16
KXNBAGAME-26APR05PHXCHI,KXNBAGAME-26APR05PHXCHI-CHI,Phoenix at Chicago Winner?,2026-04-05,Phoenix Suns,Chicago Bulls,finalized,no,1746911.0,0.0,0.0,,0.175,0.17,0.18,1775416500.0,1775416500.0,0,3:30p,120,110,0,-10
KXNBAGAME-26APR05TORBOS,KXNBAGAME-26APR05TORBOS-BOS,Toronto at Boston Winner?,2026-04-05,Toronto Raptors,Boston Celtics,finalized,yes,3491209.0,0.0,1.0,,0.795,0.79,0.8,1775416500.0,1775416500.0,1,3:30p,101,115,1,14
KXNBAGAME-26APR05WASBKN,KXNBAGAME-26APR05WASBKN-BKN,Washington at Brooklyn Winner?,2026-04-05,Washington Wizards,Brooklyn Nets,finalized,yes,2129205.0,0.0,1.0,,0.595,0.59,0.6,1775416500.0,1775416500.0,1,3:30p,115,121,1,6
KXNBAGAME-26APR05UTAOKC,KXNBAGAME-26APR05UTAOKC-OKC,Utah at Oklahoma City Winner?,2026-04-05,Utah Jazz,Oklahoma City Thunder,finalized,yes,821265.0,0.0,1.0,,0.985,0.98,0.99,1775429100.0,1775429100.0,1,7:00p,111,146,1,35
KXNBAGAME-26APR06PORDEN,KXNBAGAME-26APR06PORDEN-DEN,Portland at Denver Winner?,2026-04-06,Portland Trail Blazers,Denver Nuggets,finalized,yes,12708970.0,0.0,1.0,,0.735,0.73,0.74,1775522700.0,1775522700.0,1,9:00p,132,137,1,5
KXNBAGAME-26APR06PHISAS,KXNBAGAME-26APR06PHISAS-SAS,Philadelphia at San Antonio Winner?,2026-04-06,Philadelphia 76ers,San Antonio Spurs,finalized,yes,4225525.0,0.0,1.0,,0.765,0.76,0.77,1775519100.0,1775519100.0,1,8:00p,102,115,1,13
KXNBAGAME-26APR06CLEMEM,KXNBAGAME-26APR06CLEMEM-MEM,Cleveland at Memphis Winner?,2026-04-06,Cleveland Cavaliers,Memphis Grizzlies,finalized,no,2525522.0,0.0,0.0,,0.11499999999999999,0.11,0.12,1775519100.0,1775519100.0,0,8:00p,142,126,0,-16
KXNBAGAME-26APR06DETORL,KXNBAGAME-26APR06DETORL-ORL,Detroit at Orlando Winner?,2026-04-06,Detroit Pistons,Orlando Magic,finalized,yes,3862807.0,0.0,1.0,,0.475,0.47,0.48,1775515500.0,1775515500.0,1,7:00p,107,123,1,16
KXNBAGAME-26APR06NYKATL,KXNBAGAME-26APR06NYKATL-ATL,New York at Atlanta Winner?,2026-04-06,New York Knicks,Atlanta Hawks,finalized,no,3937249.0,0.0,0.0,,0.525,0.52,0.53,1775515500.0,1775515500.0,0,7:00p,108,105,0,-3
KXNBAGAME-26APR07MILBKN,KXNBAGAME-26APR07MILBKN-BKN,Milwaukee at Brooklyn Winner?,2026-04-07,Milwaukee Bucks,Brooklyn Nets,finalized,yes,2338353.0,0.0,1.0,,0.455,0.45,0.46,1775603700.0,1775603700.0,1,7:30p,90,96,1,6
KXNBAGAME-26APR07DALLAC,KXNBAGAME-26APR07DALLAC-LAC,Dallas at Los Angeles C Winner?,2026-04-07,Dallas Mavericks,Los Angeles Clippers,finalized,yes,1761228.0,0.0,1.0,,0.845,0.84,0.85,1775614500.0,1775614500.0,1,10:30p,103,116,1,13
KXNBAGAME-26APR07HOUPHX,KXNBAGAME-26APR07HOUPHX-PHX,Houston at Phoenix Winner?,2026-04-07,Houston Rockets,Phoenix Suns,finalized,no,6775923.0,0.0,0.0,,0.475,0.47,0.48,1775616300.0,1775616300.0,0,11:00p,119,105,0,-14
KXNBAGAME-26APR07SACGSW,KXNBAGAME-26APR07SACGSW-GSW,Sacramento at Golden State Winner?,2026-04-07,Sacramento Kings,Golden State Warriors,finalized,yes,2813485.0,0.0,1.0,,0.895,0.89,0.9,1775612700.0,1775612700.0,1,10:00p,105,110,1,5
KXNBAGAME-26APR07UTANOP,KXNBAGAME-26APR07UTANOP-NOP,Utah at New Orleans Winner?,2026-04-07,Utah Jazz,New Orleans Pelicans,finalized,yes,1002149.0,0.0,1.0,,0.715,0.71,0.72,1775605500.0,1775605500.0,1,8:00p,137,156,1,19
KXNBAGAME-26APR07MIATOR,KXNBAGAME-26APR07MIATOR-TOR,Miami at Toronto Winner?,2026-04-07,Miami Heat,Toronto Raptors,finalized,yes,2193123.0,0.0,1.0,,0.555,0.55,0.56,1775603700.0,1775603700.0,1,7:30p,95,121,1,26
KXNBAGAME-26APR07CHABOS,KXNBAGAME-26APR07CHABOS-BOS,Charlotte at Boston Winner?,2026-04-07,Charlotte Hornets,Boston Celtics,finalized,yes,8670333.0,0.0,1.0,,0.635,0.63,0.64,1775605500.0,1775605500.0,1,8:00p,102,113,1,11
KXNBAGAME-26APR07MININD,KXNBAGAME-26APR07MININD-IND,Minnesota at Indiana Winner?,2026-04-07,Minnesota Timberwolves,Indiana Pacers,finalized,no,1339141.0,0.0,0.0,,0.135,0.13,0.14,1775601900.0,1775601900.0,0,7:00p,124,104,0,-20
KXNBAGAME-26APR07CHIWAS,KXNBAGAME-26APR07CHIWAS-WAS,Chicago at Washington Winner?,2026-04-07,Chicago Bulls,Washington Wizards,finalized,no,578324.0,0.0,0.0,,0.325,0.32,0.33,1775601900.0,1775601900.0,0,7:00p,129,98,0,-31
KXNBAGAME-26APR07OKCLAL,KXNBAGAME-26APR07OKCLAL-LAL,Oklahoma City at Los Angeles L Winner?,2026-04-07,Oklahoma City Thunder,Los Angeles Lakers,finalized,no,5620624.0,0.0,0.0,,0.055,0.05,0.06,1775614500.0,1775614500.0,0,10:30p,123,87,0,-36
KXNBAGAME-26APR08MEMDEN,KXNBAGAME-26APR08MEMDEN-DEN,Memphis at Denver Winner?,2026-04-08,Memphis Grizzlies,Denver Nuggets,finalized,yes,2461932.0,0.0,1.0,,0.975,0.97,0.98,1775695500.0,1775695440.0,1,9:00p,119,136,1,17
KXNBAGAME-26APR08OKCLAC,KXNBAGAME-26APR08OKCLAC-LAC,Oklahoma City at Los Angeles C Winner?,2026-04-08,Oklahoma City Thunder,Los Angeles Clippers,finalized,no,1971569.0,0.0,0.0,,0.245,0.24,0.25,1775699100.0,1775699100.0,0,10:00p,128,110,0,-18
KXNBAGAME-26APR08PORSAS,KXNBAGAME-26APR08PORSAS-SAS,Portland at San Antonio Winner?,2026-04-08,Portland Trail Blazers,San Antonio Spurs,finalized,yes,11222216.0,0.0,1.0,,0.605,0.6,0.61,1775697300.0,1775697300.0,1,9:30p,101,112,1,11
KXNBAGAME-26APR08MINORL,KXNBAGAME-26APR08MINORL-ORL,Minnesota at Orlando Winner?,2026-04-08,Minnesota Timberwolves,Orlando Magic,finalized,yes,2342977.0,0.0,1.0,,0.815,0.81,0.82,1775688300.0,1775688300.0,1,7:00p,120,132,1,12
KXNBAGAME-26APR08ATLCLE,KXNBAGAME-26APR08ATLCLE-CLE,Atlanta at Cleveland Winner?,2026-04-08,Atlanta Hawks,Cleveland Cavaliers,finalized,yes,8651923.0,0.0,1.0,,0.615,0.61,0.62,1775688300.0,1775688300.0,1,7:00p,116,122,1,6
KXNBAGAME-26APR08MILDET,KXNBAGAME-26APR08MILDET-DET,Milwaukee at Detroit Winner?,2026-04-08,Milwaukee Bucks,Detroit Pistons,finalized,yes,1384151.0,0.0,1.0,,0.955,0.95,0.96,1775688300.0,1775688300.0,1,7:00p,111,137,1,26
KXNBAGAME-26APR08DALPHX,KXNBAGAME-26APR08DALPHX-PHX,Dallas at Phoenix Winner?,2026-04-08,Dallas Mavericks,Phoenix Suns,finalized,yes,3051104.0,0.0,1.0,,0.855,0.85,0.86,1775699100.0,1775699100.0,1,10:00p,107,112,1,5
KXNBAGAME-26APR09LALGSW,KXNBAGAME-26APR09LALGSW-GSW,Los Angeles L at Golden State Winner?,2026-04-09,Los Angeles Lakers,Golden State Warriors,finalized,no,7748499.0,0.0,0.0,,0.525,0.52,0.53,1775785500.0,1775785500.0,0,10:00p,119,103,0,-16
KXNBAGAME-26APR09INDBKN,KXNBAGAME-26APR09INDBKN-BKN,Indiana at Brooklyn Winner?,2026-04-09,Indiana Pacers,Brooklyn Nets,finalized,no,762249.0,0.0,0.0,,0.405,0.4,0.41,1775776500.0,1775776500.0,0,7:30p,123,94,0,-29
KXNBAGAME-26APR09CHIWAS,KXNBAGAME-26APR09CHIWAS-WAS,Chicago at Washington Winner?,2026-04-09,Chicago Bulls,Washington Wizards,finalized,no,1635476.0,0.0,0.0,,0.295,0.29,0.3,1775774700.0,1775774700.0,0,7:00p,119,108,0,-11
KXNBAGAME-26APR09PHIHOU,KXNBAGAME-26APR09PHIHOU-HOU,Philadelphia at Houston Winner?,2026-04-09,Philadelphia 76ers,Houston Rockets,finalized,yes,3144309.0,0.0,1.0,,0.685,0.68,0.69,1775778300.0,1775778300.0,1,8:00p,102,113,1,11
KXNBAGAME-26APR09MIATOR,KXNBAGAME-26APR09MIATOR-TOR,Miami at Toronto Winner?,2026-04-09,Miami Heat,Toronto Raptors,finalized,yes,4080944.0,0.0,1.0,,0.605,0.6,0.61,1775774700.0,1775774700.0,1,7:00p,114,128,1,14
KXNBAGAME-26APR09BOSNYK,KXNBAGAME-26APR09BOSNYK-NYK,Boston at New York Winner?,2026-04-09,Boston Celtics,New York Knicks,finalized,yes,8048205.0,0.0,1.0,,0.605,0.6,0.61,1775776500.0,1775776500.0,1,7:30p,106,112,1,6
KXNBAGAME-26APR10OKCDEN,KXNBAGAME-26APR10OKCDEN-DEN,Oklahoma City at Denver Winner?,2026-04-10,Oklahoma City Thunder,Denver Nuggets,finalized,yes,5640541.0,0.0,1.0,,0.555,0.55,0.56,1775868300.0,1775868300.0,1,9:00p,107,127,1,20
KXNBAGAME-26APR10CLEATL,KXNBAGAME-26APR10CLEATL-ATL,Cleveland at Atlanta Winner?,2026-04-10,Cleveland Cavaliers,Atlanta Hawks,finalized,yes,2532198.0,0.0,1.0,,0.755,0.75,0.76,1775861100.0,1775861100.0,1,7:00p,102,124,1,22
KXNBAGAME-26APR10MIAWAS,KXNBAGAME-26APR10MIAWAS-WAS,Miami at Washington Winner?,2026-04-10,Miami Heat,Washington Wizards,finalized,no,1604249.0,0.0,0.0,,0.08499999999999999,0.08,0.09,1775861100.0,1775861100.0,0,7:00p,140,117,0,-23
KXNBAGAME-26APR10PHIIND,KXNBAGAME-26APR10PHIIND-IND,Philadelphia at Indiana Winner?,2026-04-10,Philadelphia 76ers,Indiana Pacers,finalized,no,1350546.0,0.0,0.0,,0.10500000000000001,0.1,0.11,1775862900.0,1775862900.0,0,7:30p,105,94,0,-11
KXNBAGAME-26APR10NOPBOS,KXNBAGAME-26APR10NOPBOS-BOS,New Orleans at Boston Winner?,2026-04-10,New Orleans Pelicans,Boston Celtics,finalized,yes,808622.0,0.0,1.0,,0.935,0.93,0.94,1775862900.0,1775862900.0,1,7:30p,118,144,1,26
KXNBAGAME-26APR10BKNMIL,KXNBAGAME-26APR10BKNMIL-MIL,Brooklyn at Milwaukee Winner?,2026-04-10,Brooklyn Nets,Milwaukee Bucks,finalized,yes,407182.0,0.0,1.0,,0.805,0.8,0.81,1775864700.0,1775864700.0,1,8:00p,108,125,1,17
KXNBAGAME-26APR10DETCHA,KXNBAGAME-26APR10DETCHA-CHA,Detroit at Charlotte Winner?,2026-04-10,Detroit Pistons,Charlotte Hornets,finalized,no,5106413.0,0.0,0.0,,0.655,0.65,0.66,1775861100.0,1775861100.0,0,7:00p,118,100,0,-18
KXNBAGAME-26APR10TORNYK,KXNBAGAME-26APR10TORNYK-NYK,Toronto at New York Winner?,2026-04-10,Toronto Raptors,New York Knicks,finalized,yes,2334457.0,0.0,1.0,,0.705,0.7,0.71,1775862900.0,1775862900.0,1,7:30p,95,112,1,17
KXNBAGAME-26APR10ORLCHI,KXNBAGAME-26APR10ORLCHI-CHI,Orlando at Chicago Winner?,2026-04-10,Orlando Magic,Chicago Bulls,finalized,no,715026.0,0.0,0.0,,0.095,0.09,0.1,1775864700.0,1775864700.0,0,8:00p,127,103,0,-24
KXNBAGAME-26APR10MEMUTA,KXNBAGAME-26APR10MEMUTA-UTA,Memphis at Utah Winner?,2026-04-10,Memphis Grizzlies,Utah Jazz,finalized,yes,1038074.0,0.0,1.0,,0.625,0.62,0.63,1775870100.0,1775870100.0,1,9:30p,101,147,1,46
KXNBAGAME-26APR10PHXLAL,KXNBAGAME-26APR10PHXLAL-LAL,Phoenix at Los Angeles L Winner?,2026-04-10,Phoenix Suns,Los Angeles Lakers,finalized,yes,6313790.0,0.0,1.0,,0.455,0.45,0.46,1775873700.0,1775873700.0,1,10:30p,73,101,1,28
KXNBAGAME-26APR10GSWSAC,KXNBAGAME-26APR10GSWSAC-SAC,Golden State at Sacramento Winner?,2026-04-10,Golden State Warriors,Sacramento Kings,finalized,yes,6858095.0,0.0,1.0,,0.185,0.18,0.19,1775871900.0,1775871900.0,1,10:00p,118,124,1,6
KXNBAGAME-26APR10LACPOR,KXNBAGAME-26APR10LACPOR-POR,Los Angeles C at Portland Winner?,2026-04-10,Los Angeles Clippers,Portland Trail Blazers,finalized,yes,3314483.0,0.0,1.0,,0.525,0.52,0.53,1775871900.0,1775871900.0,1,10:00p,97,116,1,19
KXNBAGAME-26APR10MINHOU,KXNBAGAME-26APR10MINHOU-HOU,Minnesota at Houston Winner?,2026-04-10,Minnesota Timberwolves,Houston Rockets,finalized,no,4928732.0,0.0,0.0,,0.805,0.8,0.81,1775870100.0,1775870100.0,0,9:30p,136,132,0,-4
KXNBAGAME-26APR10DALSAS,KXNBAGAME-26APR10DALSAS-SAS,Dallas at San Antonio Winner?,2026-04-10,Dallas Mavericks,San Antonio Spurs,finalized,yes,1471311.0,0.0,1.0,,0.935,0.93,0.94,1775864700.0,1775864700.0,1,8:00p,120,139,1,19
KXNBAGAME-26APR12ORLBOS,KXNBAGAME-26APR12ORLBOS-BOS,Orlando at Boston Winner?,2026-04-12,Orlando Magic,Boston Celtics,finalized,yes,12450798.0,0.0,1.0,,0.14500000000000002,0.14,0.15,1776030300.0,1776030300.0,1,6:00p,108,113,1,5
KXNBAGAME-26APR12CHANYK,KXNBAGAME-26APR12CHANYK-NYK,Charlotte at New York Winner?,2026-04-12,Charlotte Hornets,New York Knicks,finalized,no,4444277.0,0.0,0.0,,0.125,0.12,0.13,1776030300.0,1776030300.0,0,6:00p,110,96,0,-14
KXNBAGAME-26APR12WASCLE,KXNBAGAME-26APR12WASCLE-CLE,Washington at Cleveland Winner?,2026-04-12,Washington Wizards,Cleveland Cavaliers,finalized,yes,2706854.0,0.0,1.0,,0.815,0.81,0.82,1776030300.0,1776030300.0,1,6:00p,117,130,1,13
KXNBAGAME-26APR12ATLMIA,KXNBAGAME-26APR12ATLMIA-MIA,Atlanta at Miami Winner?,2026-04-12,Atlanta Hawks,Miami Heat,finalized,yes,2608939.0,0.0,1.0,,0.785,0.78,0.79,1776030300.0,1776030300.0,1,6:00p,117,143,1,26
KXNBAGAME-26APR12CHIDAL,KXNBAGAME-26APR12CHIDAL-DAL,Chicago at Dallas Winner?,2026-04-12,Chicago Bulls,Dallas Mavericks,finalized,yes,1191750.0,0.0,1.0,,0.655,0.65,0.66,1776039300.0,1776039300.0,1,8:30p,128,149,1,21
KXNBAGAME-26APR12BKNTOR,KXNBAGAME-26APR12BKNTOR-TOR,Brooklyn at Toronto Winner?,2026-04-12,Brooklyn Nets,Toronto Raptors,finalized,yes,629963.0,0.0,1.0,,0.975,0.97,0.98,1776030300.0,1776030060.0,1,6:00p,101,136,1,35
KXNBAGAME-26APR12DETIND,KXNBAGAME-26APR12DETIND-IND,Detroit at Indiana Winner?,2026-04-12,Detroit Pistons,Indiana Pacers,finalized,no,647257.0,0.0,0.0,,0.095,0.09,0.1,1776030300.0,1776030300.0,0,6:00p,133,121,0,-12
KXNBAGAME-26APR12UTALAL,KXNBAGAME-26APR12UTALAL-LAL,Utah at Los Angeles L Winner?,2026-04-12,Utah Jazz,Los Angeles Lakers,finalized,yes,1368308.0,0.0,1.0,,0.895,0.89,0.9,1776039300.0,1776039300.0,1,8:30p,107,131,1,24
KXNBAGAME-26APR12PHXOKC,KXNBAGAME-26APR12PHXOKC-OKC,Phoenix at Oklahoma City Winner?,2026-04-12,Phoenix Suns,Oklahoma City Thunder,finalized,no,2771969.0,0.0,0.0,,0.725,0.72,0.73,1776039300.0,1776039300.0,0,8:30p,135,103,0,-32
KXNBAGAME-26APR12SACPOR,KXNBAGAME-26APR12SACPOR-POR,Sacramento at Portland Winner?,2026-04-12,Sacramento Kings,Portland Trail Blazers,finalized,yes,1244385.0,0.0,1.0,,0.945,0.94,0.95,1776039300.0,1776039240.0,1,8:30p,110,122,1,12
KXNBAGAME-26APR12GSWLAC,KXNBAGAME-26APR12GSWLAC-LAC,Golden State at Los Angeles C Winner?,2026-04-12,Golden State Warriors,Los Angeles Clippers,finalized,yes,4071896.0,0.0,1.0,,0.615,0.61,0.62,1776039300.0,1776039300.0,1,8:30p,110,115,1,5
KXNBAGAME-26APR12DENSAS,KXNBAGAME-26APR12DENSAS-SAS,Denver at San Antonio Winner?,2026-04-12,Denver Nuggets,San Antonio Spurs,finalized,no,5822515.0,0.0,0.0,,0.785,0.78,0.79,1776039300.0,1776039300.0,0,8:30p,128,118,0,-10
KXNBAGAME-26APR12NOPMIN,KXNBAGAME-26APR12NOPMIN-MIN,New Orleans at Minnesota Winner?,2026-04-12,New Orleans Pelicans,Minnesota Timberwolves,finalized,yes,2567107.0,0.0,1.0,,0.62,0.61,0.63,1776039300.0,1776039300.0,1,8:30p,126,132,1,6
KXNBAGAME-26APR12MEMHOU,KXNBAGAME-26APR12MEMHOU-HOU,Memphis at Houston Winner?,2026-04-12,Memphis Grizzlies,Houston Rockets,finalized,yes,553453.0,0.0,1.0,,0.895,0.89,0.9,1776039300.0,1776039300.0,1,8:30p,101,132,1,31
KXNBAGAME-26APR12MILPHI,KXNBAGAME-26APR12MILPHI-PHI,Milwaukee at Philadelphia Winner?,2026-04-12,Milwaukee Bucks,Philadelphia 76ers,finalized,yes,1169407.0,0.0,1.0,,0.915,0.91,0.92,1776030300.0,1776030300.0,1,6:00p,106,126,1,20
KXNBAGAME-26APR14PORPHX,KXNBAGAME-26APR14PORPHX-PHX,Portland at Phoenix Winner?,2026-04-14,Portland Trail Blazers,Phoenix Suns,finalized,no,18522836.0,0.0,0.0,,0.575,0.57,0.58,1776217500.0,1776217500.0,0,10:00p,114,110,0,-4
KXNBAGAME-26APR14MIACHA,KXNBAGAME-26APR14MIACHA-CHA,Miami at Charlotte Winner?,2026-04-14,Miami Heat,Charlotte Hornets,finalized,yes,15287487.0,0.0,1.0,,0.695,0.69,0.7,1776208500.0,1776208500.0,1,7:30p,126,127,1,1
KXNBAGAME-26APR15GSWLAC,KXNBAGAME-26APR15GSWLAC-LAC,Golden State at Los Angeles C Winner?,2026-04-15,Golden State Warriors,Los Angeles Clippers,finalized,no,12431149.0,0.0,0.0,,0.675,0.67,0.68,1776303900.0,1776303900.0,0,10:00p,126,121,0,-5
KXNBAGAME-26APR15ORLPHI,KXNBAGAME-26APR15ORLPHI-PHI,Orlando at Philadelphia Winner?,2026-04-15,Orlando Magic,Philadelphia 76ers,finalized,yes,10030644.0,0.0,1.0,,0.515,0.51,0.52,1776294900.0,1776294900.0,1,7:30p,97,109,1,12
KXNBAGAME-26APR17CHAORL,KXNBAGAME-26APR17CHAORL-ORL,Charlotte at Orlando Winner?,2026-04-17,Charlotte Hornets,Orlando Magic,finalized,yes,9084346.19,0.0,1.0,2026-04-18 02:30:00+00:00,0.995,0.99,1.0,1776478500.0,1776478500.0,1,7:30p,90,121,1,31
KXNBAGAME-26APR17GSWPHX,KXNBAGAME-26APR17GSWPHX-PHX,Golden State at Phoenix Winner?,2026-04-17,Golden State Warriors,Phoenix Suns,finalized,yes,9489000.55,0.0,1.0,2026-04-18 05:00:00+00:00,0.995,0.99,1.0,1776487500.0,1776487500.0,1,10:00p,96,111,1,15
KXNBAGAME-26APR18HOULAL,KXNBAGAME-26APR18HOULAL-LAL,Houston at Los Angeles L Winner?,2026-04-18,Houston Rockets,Los Angeles Lakers,finalized,yes,15486859.11,0.0,1.0,2026-04-19 03:30:00+00:00,0.995,0.99,1.0,1776568500.0,1776568500.0,1,8:30p,98,107,1,9
KXNBAGAME-26APR18MINDEN,KXNBAGAME-26APR18MINDEN-DEN,Minnesota at Denver Winner?,2026-04-18,Minnesota Timberwolves,Denver Nuggets,finalized,yes,9978264.99,0.0,1.0,2026-04-18 22:30:00+00:00,0.995,0.99,1.0,1776550500.0,1776550500.0,1,3:30p,105,116,1,11
KXNBAGAME-26APR18ATLNYK,KXNBAGAME-26APR18ATLNYK-NYK,Atlanta at New York Winner?,2026-04-18,Atlanta Hawks,New York Knicks,finalized,yes,9778389.75,0.0,1.0,2026-04-19 01:00:00+00:00,0.995,0.99,1.0,1776559500.0,1776559500.0,1,6:00p,102,113,1,11
KXNBAGAME-26APR18TORCLE,KXNBAGAME-26APR18TORCLE-CLE,Toronto at Cleveland Winner?,2026-04-18,Toronto Raptors,Cleveland Cavaliers,finalized,yes,4664302.22,0.0,1.0,,0.765,0.76,0.77,1776530700.0,1776530700.0,1,1:00p,113,126,1,13
KXNBAGAME-26APR19PHIBOS,KXNBAGAME-26APR19PHIBOS-BOS,Game 1: Philadelphia at Boston Winner?,2026-04-19,Philadelphia 76ers,Boston Celtics,finalized,yes,5062185.09,0.0,1.0,2026-04-19 20:00:00+00:00,0.995,0.99,1.0,1776627900.0,1776627420.0,1,1:00p,91,123,1,32
KXNBAGAME-26APR19PORSAS,KXNBAGAME-26APR19PORSAS-SAS,Game 1: Portland at San Antonio Winner?,2026-04-19,Portland Trail Blazers,San Antonio Spurs,finalized,yes,11241170.5,0.0,1.0,2026-04-20 04:00:00+00:00,0.995,0.99,1.0,1776656700.0,1776656700.0,1,9:00p,98,111,1,13
KXNBAGAME-26APR19PHXOKC,KXNBAGAME-26APR19PHXOKC-OKC,Game 1: Phoenix at Oklahoma City Winner?,2026-04-19,Phoenix Suns,Oklahoma City Thunder,finalized,yes,5031095.28,0.0,1.0,2026-04-19 22:30:00+00:00,0.995,0.99,1.0,1776636900.0,1776636540.0,1,3:30p,84,119,1,35
KXNBAGAME-26APR19ORLDET,KXNBAGAME-26APR19ORLDET-DET,Game 1: Orlando at Detroit Winner?,2026-04-19,Orlando Magic,Detroit Pistons,finalized,no,17013070.83,0.0,0.0,2026-04-20 01:30:00+00:00,0.005,0.0,0.01,1776647700.0,1776647340.0,0,6:30p,112,101,0,-11
KXNBAGAME-26APR20MINDEN,KXNBAGAME-26APR20MINDEN-DEN,Game 2: Minnesota at Denver Winner?,2026-04-20,Minnesota Timberwolves,Denver Nuggets,finalized,no,15512434.6,0.0,0.0,2026-04-21 05:30:00+00:00,0.445,0.44,0.45,1776748500.0,1776748500.0,0,10:30p,119,114,0,-5
KXNBAGAME-26APR20ATLNYK,KXNBAGAME-26APR20ATLNYK-NYK,Game 2: Atlanta at New York Winner?,2026-04-20,Atlanta Hawks,New York Knicks,finalized,no,14731235.34,0.0,0.0,2026-04-21 03:00:00+00:00,0.11499999999999999,0.11,0.12,1776739500.0,1776739500.0,0,8:00p,107,106,0,-1
KXNBAGAME-26APR20TORCLE,KXNBAGAME-26APR20TORCLE-CLE,Game 2: Toronto at Cleveland Winner?,2026-04-20,Toronto Raptors,Cleveland Cavaliers,finalized,yes,6052237.18,0.0,1.0,2026-04-21 02:00:00+00:00,0.995,0.99,1.0,1776735900.0,1776735540.0,1,7:00p,105,115,1,10
KXNBAGAME-26APR21PORSAS,KXNBAGAME-26APR21PORSAS-SAS,Game 2: Portland at San Antonio Winner?,2026-04-21,Portland Trail Blazers,San Antonio Spurs,finalized,no,14381314.42,0.0,0.0,2026-04-22 03:00:00+00:00,0.005,0.0,0.01,1776825900.0,1776825840.0,0,8:00p,106,103,0,-3
KXNBAGAME-26APR21HOULAL,KXNBAGAME-26APR21HOULAL-LAL,Game 2: Houston at Los Angeles L Winner?,2026-04-21,Houston Rockets,Los Angeles Lakers,finalized,yes,20515634.95,0.0,1.0,2026-04-22 05:30:00+00:00,0.995,0.99,1.0,1776834900.0,1776834900.0,1,10:30p,94,101,1,7
KXNBAGAME-26APR21PHIBOS,KXNBAGAME-26APR21PHIBOS-BOS,Game 2: Philadelphia at Boston Winner?,2026-04-21,Philadelphia 76ers,Boston Celtics,finalized,no,13661655.62,0.0,0.0,2026-04-22 02:00:00+00:00,0.005,0.0,0.01,1776822300.0,1776821460.0,0,7:00p,111,97,0,-14
KXNBAGAME-26APR22PHXOKC,KXNBAGAME-26APR22PHXOKC-OKC,Game 2: Phoenix at Oklahoma City Winner?,2026-04-22,Phoenix Suns,Oklahoma City Thunder,finalized,yes,6201717.52,0.0,1.0,2026-04-23 04:30:00+00:00,0.995,0.99,1.0,1776917700.0,1776917700.0,1,9:30p,107,120,1,13
KXNBAGAME-26APR22ORLDET,KXNBAGAME-26APR22ORLDET-DET,Game 2: Orlando at Detroit Winner?,2026-04-22,Orlando Magic,Detroit Pistons,finalized,yes,5169195.24,0.0,1.0,2026-04-23 02:00:00+00:00,0.995,0.99,1.0,1776908700.0,1776908700.0,1,7:00p,83,98,1,15
KXNBAGAME-26APR23NYKATL,KXNBAGAME-26APR23NYKATL-ATL,Game 3: New York at Atlanta Winner?,2026-04-23,New York Knicks,Atlanta Hawks,finalized,yes,10931838.1,0.0,1.0,2026-04-24 01:35:43.680000+00:00,0.895,0.89,0.9,1776993643.0,1776993600.0,1,7:00p,108,109,1,1
KXNBAGAME-26APR23CLETOR,KXNBAGAME-26APR23CLETOR-TOR,Game 3: Cleveland at Toronto Winner?,2026-04-23,Cleveland Cavaliers,Toronto Raptors,finalized,yes,6031301.36,0.0,1.0,2026-04-24 02:23:29.696000+00:00,0.685,0.68,0.69,1776996509.0,1776996480.0,1,8:00p,104,126,1,22
KXNBAGAME-26APR23DENMIN,KXNBAGAME-26APR23DENMIN-MIN,Game 3: Denver at Minnesota Winner?,2026-04-23,Denver Nuggets,Minnesota Timberwolves,finalized,yes,10508555.65,0.0,1.0,2026-04-24 04:03:08.145000+00:00,0.985,0.98,0.99,1777002488.0,1777002480.0,1,9:30p,96,113,1,17
KXNBAGAME-26APR24BOSPHI,KXNBAGAME-26APR24BOSPHI-PHI,Game 3: Boston at Philadelphia Winner?,2026-04-24,Boston Celtics,Philadelphia 76ers,finalized,no,14170525.78,0.0,0.0,2026-04-25 02:00:00+00:00,0.005,0.0,0.01,1777081500.0,1777081500.0,0,7:00p,108,100,0,-8
KXNBAGAME-26APR24LALHOU,KXNBAGAME-26APR24LALHOU-HOU,Game 3: Los Angeles L at Houston Winner?,2026-04-24,Los Angeles Lakers,Houston Rockets,finalized,no,18022820.63,0.0,0.0,2026-04-25 02:52:28.829000+00:00,0.475,0.47,0.48,1777084648.0,1777084620.0,0,8:00p,112,108,0,-4
KXNBAGAME-26APR24SASPOR,KXNBAGAME-26APR24SASPOR-POR,Game 3: San Antonio at Portland Winner?,2026-04-24,San Antonio Spurs,Portland Trail Blazers,finalized,no,15774619.0,0.0,0.0,2026-04-25 05:10:27.121000+00:00,0.405,0.4,0.41,1777092927.0,1777092900.0,0,10:30p,120,108,0,-12
KXNBAGAME-26APR25OKCPHX,KXNBAGAME-26APR25OKCPHX-PHX,Game 3: Oklahoma City at Phoenix Winner?,2026-04-25,Oklahoma City Thunder,Phoenix Suns,finalized,no,13604978.35,0.0,0.0,2026-04-25 22:30:00+00:00,0.005,0.0,0.01,1777155300.0,1777155000.0,0,3:30p,121,109,0,-12
KXNBAGAME-26APR25DETORL,KXNBAGAME-26APR25DETORL-ORL,Game 3: Detroit at Orlando Winner?,2026-04-25,Detroit Pistons,Orlando Magic,finalized,yes,10717312.12,0.0,1.0,2026-04-25 20:00:00+00:00,0.905,0.9,0.91,1777146300.0,1777146300.0,1,1:00p,105,113,1,8
KXNBAGAME-26APR25NYKATL,KXNBAGAME-26APR25NYKATL-ATL,Game 4: New York at Atlanta Winner?,2026-04-25,New York Knicks,Atlanta Hawks,finalized,no,11725486.03,0.0,0.0,2026-04-26 00:40:45.956000+00:00,0.005,0.0,0.01,1777163145.0,1777163100.0,0,6:00p,114,98,0,-16
KXNBAGAME-26APR25DENMIN,KXNBAGAME-26APR25DENMIN-MIN,Game 4: Denver at Minnesota Winner?,2026-04-25,Denver Nuggets,Minnesota Timberwolves,finalized,yes,24285462.85,0.0,1.0,2026-04-26 03:13:59.307000+00:00,0.855,0.85,0.86,1777172339.0,1777172280.0,1,8:30p,96,112,1,16
KXNBAGAME-26APR26SASPOR,KXNBAGAME-26APR26SASPOR-POR,Game 4: San Antonio at Portland Winner?,2026-04-26,San Antonio Spurs,Portland Trail Blazers,finalized,no,14970947.13,0.0,0.0,2026-04-26 22:12:25.106000+00:00,0.055,0.05,0.06,1777240645.0,1777240620.0,0,3:30p,114,93,0,-21
KXNBAGAME-26APR26LALHOU,KXNBAGAME-26APR26LALHOU-HOU,Game 4: Los Angeles L at Houston Winner?,2026-04-26,Los Angeles Lakers,Houston Rockets,finalized,yes,8664542.42,0.0,1.0,2026-04-27 04:06:50.259000+00:00,0.995,0.99,1.0,1777261910.0,1777261860.0,1,9:30p,96,115,1,19
KXNBAGAME-26APR26BOSPHI,KXNBAGAME-26APR26BOSPHI-PHI,Game 4: Boston at Philadelphia Winner?,2026-04-26,Boston Celtics,Philadelphia 76ers,finalized,no,17945086.9,0.0,0.0,2026-04-27 02:00:00+00:00,0.005,0.0,0.01,1777254300.0,1777253940.0,0,7:00p,128,96,0,-32
KXNBAGAME-26APR26CLETOR,KXNBAGAME-26APR26CLETOR-TOR,Game 4: Cleveland at Toronto Winner?,2026-04-26,Cleveland Cavaliers,Toronto Raptors,finalized,yes,14687453.38,0.0,1.0,2026-04-26 19:41:54.356000+00:00,0.20500000000000002,0.2,0.21,1777231614.0,1777231560.0,1,1:00p,89,93,1,4
KXNBAGAME-26APR27DETORL,KXNBAGAME-26APR27DETORL-ORL,Game 4: Detroit at Orlando Winner?,2026-04-27,Detroit Pistons,Orlando Magic,finalized,yes,16645499.29,0.0,1.0,2026-04-28 03:00:00+00:00,0.945,0.94,0.95,1777344300.0,1777344300.0,1,8:00p,88,94,1,6
KXNBAGAME-26APR27MINDEN,KXNBAGAME-26APR27MINDEN-DEN,Game 5: Minnesota at Denver Winner?,2026-04-27,Minnesota Timberwolves,Denver Nuggets,finalized,yes,6543880.78,0.0,1.0,2026-04-28 05:30:00+00:00,0.995,0.99,1.0,1777353300.0,1777353300.0,1,10:30p,113,125,1,12
KXNBAGAME-26APR27OKCPHX,KXNBAGAME-26APR27OKCPHX-PHX,Game 4: Oklahoma City at Phoenix Winner?,2026-04-27,Oklahoma City Thunder,Phoenix Suns,finalized,no,11182108.89,0.0,0.0,2026-04-28 04:30:00+00:00,0.005,0.0,0.01,1777349700.0,1777349700.0,0,9:30p,131,122,0,-9
KXNBAGAME-26APR28PORSAS,KXNBAGAME-26APR28PORSAS-SAS,Game 5: Portland at San Antonio Winner?,2026-04-28,Portland Trail Blazers,San Antonio Spurs,finalized,yes,9137418.53,0.0,1.0,2026-04-29 04:30:00+00:00,0.995,0.99,1.0,1777436100.0,1777436100.0,1,9:30p,95,114,1,19
KXNBAGAME-26APR28ATLNYK,KXNBAGAME-26APR28ATLNYK-NYK,Game 5: Atlanta at New York Winner?,2026-04-28,Atlanta Hawks,New York Knicks,finalized,yes,6696081.11,0.0,1.0,2026-04-29 03:00:00+00:00,0.995,0.99,1.0,1777430700.0,1777430700.0,1,8:00p,97,126,1,29
KXNBAGAME-26APR28PHIBOS,KXNBAGAME-26APR28PHIBOS-BOS,Game 5: Philadelphia at Boston Winner?,2026-04-28,Philadelphia 76ers,Boston Celtics,finalized,no,11041054.74,0.0,0.0,2026-04-29 02:00:00+00:00,0.005,0.0,0.01,1777427100.0,1777426500.0,0,7:00p,113,97,0,-16
KXNBAGAME-26APR29TORCLE,KXNBAGAME-26APR29TORCLE-CLE,Game 5: Toronto at Cleveland Winner?,2026-04-29,Toronto Raptors,Cleveland Cavaliers,finalized,yes,7759602.22,0.0,1.0,2026-04-30 02:30:00+00:00,0.995,0.99,1.0,1777515300.0,1777515300.0,1,7:30p,120,125,1,5
KXNBAGAME-26APR29HOULAL,KXNBAGAME-26APR29HOULAL-LAL,Game 5: Houston at Los Angeles L Winner?,2026-04-29,Houston Rockets,Los Angeles Lakers,finalized,no,24510711.12,0.0,0.0,2026-04-30 05:00:00+00:00,0.005,0.0,0.01,1777524300.0,1777524300.0,0,10:00p,99,93,0,-6
KXNBAGAME-26APR29ORLDET,KXNBAGAME-26APR29ORLDET-DET,Game 5: Orlando at Detroit Winner?,2026-04-29,Orlando Magic,Detroit Pistons,finalized,yes,6176388.36,0.0,1.0,2026-04-30 02:00:00+00:00,0.995,0.99,1.0,1777513500.0,1777513500.0,1,7:00p,109,116,1,7
KXNBAGAME-26APR30BOSPHI,KXNBAGAME-26APR30BOSPHI-PHI,Game 6: Boston at Philadelphia Winner?,2026-04-30,Boston Celtics,Philadelphia 76ers,finalized,yes,12931759.35,0.0,1.0,2026-05-01 02:30:00+00:00,0.985,0.98,0.99,1777601700.0,1777601700.0,1,8:00p,93,106,1,13
KXNBAGAME-26APR30NYKATL,KXNBAGAME-26APR30NYKATL-ATL,Game 6: New York at Atlanta Winner?,2026-04-30,New York Knicks,Atlanta Hawks,finalized,no,7387556.48,0.0,0.0,2026-05-01 01:40:00+00:00,0.005,0.0,0.01,1777598700.0,1777598700.0,0,7:00p,140,89,0,-51
KXNBAGAME-26APR30DENMIN,KXNBAGAME-26APR30DENMIN-MIN,Game 6: Denver at Minnesota Winner?,2026-04-30,Denver Nuggets,Minnesota Timberwolves,finalized,yes,18826183.34,0.0,1.0,2026-05-01 04:20:00+00:00,0.625,0.62,0.63,1777608300.0,1777608300.0,1,9:30p,98,110,1,12
KXNBAGAME-26MAY01CLETOR,KXNBAGAME-26MAY01CLETOR-TOR,Game 6: Cleveland at Toronto Winner?,2026-05-01,Cleveland Cavaliers,Toronto Raptors,finalized,yes,12109948.17,0.0,1.0,2026-05-02 02:30:00+00:00,0.445,0.44,0.45,1777688100.0,1777688100.0,1,7:30p,110,112,1,2
KXNBAGAME-26MAY01DETORL,KXNBAGAME-26MAY01DETORL-ORL,Game 6: Detroit at Orlando Winner?,2026-05-01,Detroit Pistons,Orlando Magic,finalized,no,17278702.65,0.0,0.0,2026-05-02 01:40:00+00:00,0.065,0.06,0.07,1777685100.0,1777685100.0,0,7:00p,93,79,0,-14
KXNBAGAME-26MAY01LALHOU,KXNBAGAME-26MAY01LALHOU-HOU,Game 6: Los Angeles L at Houston Winner?,2026-05-01,Los Angeles Lakers,Houston Rockets,finalized,no,13692087.89,0.0,0.0,2026-05-02 04:30:00+00:00,0.005,0.0,0.01,1777695300.0,1777695300.0,0,9:30p,98,78,0,-20
KXNBAGAME-26MAY04MINSAS,KXNBAGAME-26MAY04MINSAS-SAS,Game 1: Minnesota at San Antonio Winner?,2026-05-04,Minnesota Timberwolves,San Antonio Spurs,finalized,no,15373138.96,0.0,0.0,2026-05-05 04:10:00+00:00,0.345,0.34,0.35,1777953300.0,1777953300.0,0,9:30p,104,102,0,-2
KXNBAGAME-26MAY04PHINYK,KXNBAGAME-26MAY04PHINYK-NYK,Game 1: Philadelphia at New York Winner?,2026-05-04,Philadelphia 76ers,New York Knicks,finalized,yes,6572869.04,0.0,1.0,2026-05-05 03:00:00+00:00,0.995,0.99,1.0,1777949100.0,1777949100.0,1,8:00p,98,137,1,39
KXNBAGAME-26MAY05LALOKC,KXNBAGAME-26MAY05LALOKC-OKC,Game 1: Los Angeles L at Oklahoma City Winner?,2026-05-05,Los Angeles Lakers,Oklahoma City Thunder,finalized,yes,10016017.26,0.0,1.0,2026-05-06 03:30:00+00:00,0.995,0.99,1.0,1778037300.0,1778036880.0,1,8:30p,90,108,1,18
KXNBAGAME-26MAY05CLEDET,KXNBAGAME-26MAY05CLEDET-DET,Game 1: Cleveland at Detroit Winner?,2026-05-05,Cleveland Cavaliers,Detroit Pistons,finalized,yes,8154592.45,0.0,1.0,2026-05-06 02:00:00+00:00,0.995,0.99,1.0,1778031900.0,1778031660.0,1,7:00p,101,111,1,10
KXNBAGAME-26MAY06MINSAS,KXNBAGAME-26MAY06MINSAS-SAS,Game 2: Minnesota at San Antonio Winner?,2026-05-06,Minnesota Timberwolves,San Antonio Spurs,finalized,yes,6391874.45,0.0,1.0,2026-05-07 04:20:00+00:00,0.995,0.99,1.0,1778126700.0,1778126700.0,1,9:30p,95,133,1,38
KXNBAGAME-26MAY06PHINYK,KXNBAGAME-26MAY06PHINYK-NYK,Game 2: Philadelphia at New York Winner?,2026-05-06,Philadelphia 76ers,New York Knicks,finalized,yes,11888451.15,0.0,1.0,2026-05-07 02:00:00+00:00,0.935,0.93,0.94,1778118300.0,1778118300.0,1,7:00p,102,108,1,6
KXNBAGAME-26MAY07LALOKC,KXNBAGAME-26MAY07LALOKC-OKC,Game 2: Los Angeles L at Oklahoma City Winner?,2026-05-07,Los Angeles Lakers,Oklahoma City Thunder,finalized,yes,17584176.47,0.0,1.0,2026-05-08 04:30:00+00:00,0.995,0.99,1.0,1778213700.0,1778213700.0,1,9:30p,107,125,1,18
KXNBAGAME-26MAY07CLEDET,KXNBAGAME-26MAY07CLEDET-DET,Game 2: Cleveland at Detroit Winner?,2026-05-07,Cleveland Cavaliers,Detroit Pistons,finalized,yes,11098212.51,0.0,1.0,2026-05-08 02:00:00+00:00,0.995,0.99,1.0,1778204700.0,1778204640.0,1,7:00p,97,107,1,10
KXNBAGAME-26MAY08SASMIN,KXNBAGAME-26MAY08SASMIN-MIN,Game 3: San Antonio at Minnesota Winner?,2026-05-08,San Antonio Spurs,Minnesota Timberwolves,finalized,no,22231895.51,0.0,0.0,2026-05-09 04:25:00+00:00,0.345,0.34,0.35,1778299800.0,1778299800.0,0,9:30p,115,108,0,-7
KXNBAGAME-26MAY08NYKPHI,KXNBAGAME-26MAY08NYKPHI-PHI,Game 3: New York at Philadelphia Winner?,2026-05-08,New York Knicks,Philadelphia 76ers,finalized,no,14063175.44,0.0,0.0,2026-05-09 02:00:00+00:00,0.005,0.0,0.01,1778291100.0,1778291100.0,0,7:00p,108,94,0,-14
KXNBAGAME-26MAY09DETCLE,KXNBAGAME-26MAY09DETCLE-CLE,Game 3: Detroit at Cleveland Winner?,2026-05-09,Detroit Pistons,Cleveland Cavaliers,finalized,yes,12114749.47,0.0,1.0,2026-05-09 22:00:00+00:00,0.875,0.87,0.88,1778363100.0,1778363100.0,1,3:00p,109,116,1,7
KXNBAGAME-26MAY09OKCLAL,KXNBAGAME-26MAY09OKCLAL-LAL,Game 3: Oklahoma City at Los Angeles L Winner?,2026-05-09,Oklahoma City Thunder,Los Angeles Lakers,finalized,no,23825966.92,0.0,0.0,2026-05-10 03:30:00+00:00,0.005,0.0,0.01,1778382900.0,1778382000.0,0,8:30p,131,108,0,-23
KXNBAGAME-26MAY10SASMIN,KXNBAGAME-26MAY10SASMIN-MIN,Game 4: San Antonio at Minnesota Winner?,2026-05-10,San Antonio Spurs,Minnesota Timberwolves,finalized,yes,26471634.74,0.0,1.0,2026-05-10 20:00:00+00:00,0.365,0.36,0.37,1778442300.0,1778442300.0,1,7:30p,109,114,1,5
KXNBAGAME-26MAY10NYKPHI,KXNBAGAME-26MAY10NYKPHI-PHI,Game 4: New York at Philadelphia Winner?,2026-05-10,New York Knicks,Philadelphia 76ers,finalized,no,8610178.53,0.0,0.0,2026-05-10 22:30:00+00:00,0.005,0.0,0.01,1778451300.0,1778451120.0,0,3:30p,144,114,0,-30
KXNBAGAME-26MAY11DETCLE,KXNBAGAME-26MAY11DETCLE-CLE,Game 4: Detroit at Cleveland Winner?,2026-05-11,Detroit Pistons,Cleveland Cavaliers,finalized,yes,11215688.25,0.0,1.0,2026-05-12 03:00:00+00:00,0.995,0.99,1.0,1778553900.0,1778553780.0,1,8:00p,103,112,1,9
KXNBAGAME-26MAY11OKCLAL,KXNBAGAME-26MAY11OKCLAL-LAL,Game 4: Oklahoma City at Los Angeles L Winner?,2026-05-11,Oklahoma City Thunder,Los Angeles Lakers,finalized,no,42027212.76,0.0,0.0,2026-05-12 05:30:00+00:00,0.3,0.29,0.31,1778562900.0,1778562900.0,0,10:30p,115,110,0,-5
KXNBAGAME-26MAY12MINSAS,KXNBAGAME-26MAY12MINSAS-SAS,Game 5: Minnesota at San Antonio Winner?,2026-05-12,Minnesota Timberwolves,San Antonio Spurs,finalized,yes,9717083.02,0.0,1.0,2026-05-13 02:35:00+00:00,0.975,0.97,0.98,1778638800.0,1778638800.0,1,8:00p,97,126,1,29
KXNBAGAME-26MAY13CLEDET,KXNBAGAME-26MAY13CLEDET-DET,Game 5: Cleveland at Detroit Winner?,2026-05-13,Cleveland Cavaliers,Detroit Pistons,finalized,no,21241841.01,0.0,0.0,2026-05-14 03:00:00+00:00,0.555,0.55,0.56,1778726700.0,1778726700.0,0,8:00p,117,113,0,-4
KXNBAGAME-26MAY15SASMIN,KXNBAGAME-26MAY15SASMIN-MIN,Game 6: San Antonio at Minnesota Winner?,2026-05-15,San Antonio Spurs,Minnesota Timberwolves,finalized,no,22243360.86,0.0,0.0,2026-05-15 20:00:00+00:00,0.335,0.33,0.34,1778874300.0,1778874300.0,0,9:30p,139,109,0,-30
KXNBAGAME-26MAY15DETCLE,KXNBAGAME-26MAY15DETCLE-CLE,Game 6: Detroit at Cleveland Winner?,2026-05-15,Detroit Pistons,Cleveland Cavaliers,finalized,no,14866263.02,0.0,0.0,2026-05-16 01:45:00+00:00,0.005,0.0,0.01,1778895000.0,1778895000.0,0,7:00p,115,94,0,-21
KXNBAGAME-26MAY18SASOKC,KXNBAGAME-26MAY18SASOKC-OKC,Game 1: San Antonio at Oklahoma City Winner?,2026-05-18,San Antonio Spurs,Oklahoma City Thunder,finalized,no,29116362.89,0.0,0.0,2026-05-19 03:30:00+00:00,0.365,0.36,0.37,1779160500.0,1779160500.0,0,8:30p,122,115,0,-7
KXNBAGAME-26MAY19CLENYK,KXNBAGAME-26MAY19CLENYK-NYK,Game 1: Cleveland at New York Winner?,2026-05-19,Cleveland Cavaliers,New York Knicks,finalized,yes,36032050.45,0.0,1.0,2026-05-20 03:00:00+00:00,0.66,0.65,0.67,1779245100.0,1779245100.0,1,8:00p,104,115,1,11
KXNBAGAME-26MAY20SASOKC,KXNBAGAME-26MAY20SASOKC-OKC,Game 2: San Antonio at Oklahoma City Winner?,2026-05-20,San Antonio Spurs,Oklahoma City Thunder,finalized,yes,14793058.55,0.0,1.0,2026-05-21 03:30:00+00:00,0.995,0.99,1.0,1779333300.0,1779332880.0,1,8:30p,113,122,1,9
KXNBAGAME-26MAY21CLENYK,KXNBAGAME-26MAY21CLENYK-NYK,Game 2: Cleveland at New York Winner?,2026-05-21,Cleveland Cavaliers,New York Knicks,finalized,yes,13093679.08,0.0,1.0,2026-05-22 03:00:00+00:00,0.5,0.0,1.0,1779417900.0,1779417900.0,1,8:00p,93,109,1,16
KXNBAGAME-26MAY22OKCSAS,KXNBAGAME-26MAY22OKCSAS-SAS,Game 3: Oklahoma City at San Antonio Winner?,2026-05-22,Oklahoma City Thunder,San Antonio Spurs,finalized,no,31826279.34,0.0,0.0,2026-05-23 03:30:00+00:00,0.07500000000000001,0.07,0.08,1779506100.0,1779506100.0,0,8:30p,123,108,0,-15
KXNBAGAME-26MAY23NYKCLE,KXNBAGAME-26MAY23NYKCLE-CLE,Game 3: New York at Cleveland Winner?,2026-05-23,New York Knicks,Cleveland Cavaliers,finalized,no,20739544.37,0.0,0.0,2026-05-24 03:00:00+00:00,0.005,0.0,0.01,1779590700.0,1779590700.0,0,8:00p,121,108,0,-13
KXNBAGAME-26MAY24OKCSAS,KXNBAGAME-26MAY24OKCSAS-SAS,Game 4: Oklahoma City at San Antonio Winner?,2026-05-24,Oklahoma City Thunder,San Antonio Spurs,finalized,yes,17625730.12,10609630.97,1.0,2026-05-25 03:00:00+00:00,0.995,0.99,1.0,1779677100.0,1779677100.0,1,8:00p,82,103,1,21
KXNBAGAME-26MAY25NYKCLE,KXNBAGAME-26MAY25NYKCLE-CLE,Game 4: New York at Cleveland Winner?,2026-05-25,New York Knicks,Cleveland Cavaliers,finalized,no,17906992.52,12489860.88,0.0,2026-05-26 03:00:00+00:00,0.5,0.0,1.0,1779763500.0,1779762720.0,0,8:00p,130,93,0,-37
KXNBAGAME-26MAY26SASOKC,KXNBAGAME-26MAY26SASOKC-OKC,Game 5: San Antonio at Oklahoma City Winner?,2026-05-26,San Antonio Spurs,Oklahoma City Thunder,finalized,yes,20095486.43,11831267.13,1.0,2026-05-27 03:30:00+00:00,0.995,0.99,1.0,1779851700.0,1779851700.0,1,8:30p,114,127,1,13
KXNBAGAME-26MAY28OKCSAS,KXNBAGAME-26MAY28OKCSAS-SAS,Game 6: Oklahoma City at San Antonio Winner?,2026-05-28,Oklahoma City Thunder,San Antonio Spurs,finalized,yes,14995056.08,10039913.31,1.0,2026-05-29 03:30:00+00:00,0.5,0.0,1.0,1780024500.0,1780023600.0,1,8:30p,91,118,1,27
KXNBAGAME-26MAY30SASOKC,KXNBAGAME-26MAY30SASOKC-OKC,Game 7: San Antonio at Oklahoma City Winner?,2026-05-30,San Antonio Spurs,Oklahoma City Thunder,finalized,no,108750.56,86273.41,0.0,2026-05-31 03:00:00+00:00,0.035,0.03,0.04,1780195500.0,1780195500.0,0,8:00p,111,103,0,-8
KXNBAGAME-26JUN03NYKSAS,KXNBAGAME-26JUN03NYKSAS-SAS,Game 1: New York at San Antonio Winner?,2026-06-03,New York Knicks,San Antonio Spurs,finalized,no,33578429.98,19357407.89,0.0,2026-06-04 03:30:00+00:00,0.005,0.0,0.01,1780542900.0,1780542900.0,0,8:30p,105,95,0,-10
KXNBAGAME-26JUN05NYKSAS,KXNBAGAME-26JUN05NYKSAS-SAS,Game 2: New York at San Antonio Winner?,2026-06-05,New York Knicks,San Antonio Spurs,finalized,no,46853856.63,23372797.43,0.0,2026-06-06 03:30:00+00:00,0.345,0.34,0.35,1780715700.0,1780715700.0,0,8:30p,105,104,0,-1
KXNBAGAME-26JUN08SASNYK,KXNBAGAME-26JUN08SASNYK-NYK,Game 3: San Antonio at New York Winner?,2026-06-08,San Antonio Spurs,New York Knicks,finalized,no,69885693.76,33561856.51,0.0,2026-06-09 03:30:00+00:00,0.125,0.12,0.13,1780974900.0,1780974900.0,0,8:30p,115,111,0,-4
KXNBAGAME-26JUN10SASNYK,KXNBAGAME-26JUN10SASNYK-NYK,Game 4: San Antonio at New York Winner?,2026-06-10,San Antonio Spurs,New York Knicks,finalized,yes,111797631.63,38242322.42,1.0,2026-06-11 03:30:00+00:00,0.18,0.17,0.19,1781147700.0,1781147700.0,1,8:30p,106,107,1,1
KXNBAGAME-26JUN13NYKSAS,KXNBAGAME-26JUN13NYKSAS-SAS,Game 5: New York at San Antonio Winner?,2026-06-13,New York Knicks,San Antonio Spurs,finalized,no,48467702.82,25792873.42,0.0,2026-06-14 03:30:00+00:00,0.335,0.33,0.34,1781406900.0,1781406900.0,0,8:30p,94,90,0,-4
